"Ev_MeV","5-7 eV","7-9 eV","9-11 eV","11-13 eV","13-15 eV","15-17 eV","17-19 eV","19-21 eV","21-23 eV","23-25 eV","25-27 eV","27-29 eV","29-31 eV","31-33 eV","33-35 eV","35-37 eV","37-39 eV","39-41 eV","41-43 eV","43-45 eV","45-47 eV","47-49 eV","49-51 eV","51-56 eV","56-61 eV","61-66 eV","66-71 eV","71-81 eV","81-120 eV"
0.41,4.181360109563099e-18,0.,0.,0.,0.,0.,0.,0.,0.,0.,0.,0.,0.,0.,0.,0.,0.,0.,0.,0.,0.,0.,0.,0.,0.,0.,0.,0.,0.
0.42,6.225422302130207e-18,0.,0.,0.,0.,0.,0.,0.,0.,0.,0.,0.,0.,0.,0.,0.,0.,0.,0.,0.,0.,0.,0.,0.,0.,0.,0.,0.,0.
0.43,8.65152113390698e-18,0.,0.,0.,0.,0.,0.,0.,0.,0.,0.,0.,0.,0.,0.,0.,0.,0.,0.,0.,0.,0.,0.,0.,0.,0.,0.,0.,0.
0.43999999999999995,1.1453031404828719e-17,0.,0.,0.,0.,0.,0.,0.,0.,0.,0.,0.,0.,0.,0.,0.,0.,0.,0.,0.,0.,0.,0.,0.,0.,0.,0.,0.,0.
0.44999999999999996,1.4608994693119935e-17,8.010048516650023e-21,0.,0.,0.,0.,0.,0.,0.,0.,0.,0.,0.,0.,0.,0.,0.,0.,0.,0.,0.,0.,0.,0.,0.,0.,0.,0.,0.
0.45999999999999996,1.7403067364970358e-17,3.804506782706421e-19,0.,0.,0.,0.,0.,0.,0.,0.,0.,0.,0.,0.,0.,0.,0.,0.,0.,0.,0.,0.,0.,0.,0.,0.,0.,0.,0.
0.47,1.9481246421094278e-17,1.2931853347227401e-18,0.,0.,0.,0.,0.,0.,0.,0.,0.,0.,0.,0.,0.,0.,0.,0.,0.,0.,0.,0.,0.,0.,0.,0.,0.,0.,0.
0.48,2.088057439171251e-17,2.7270803536839284e-18,0.,0.,0.,0.,0.,0.,0.,0.,0.,0.,0.,0.,0.,0.,0.,0.,0.,0.,0.,0.,0.,0.,0.,0.,0.,0.,0.
0.49,2.1632893586408274e-17,4.666054263820047e-18,0.,0.,0.,0.,0.,0.,0.,0.,0.,0.,0.,0.,0.,0.,0.,0.,0.,0.,0.,0.,0.,0.,0.,0.,0.,0.,0.
0.5,2.1765559503042844e-17,7.096659042843044e-18,0.,0.,0.,0.,0.,0.,0.,0.,0.,0.,0.,0.,0.,0.,0.,0.,0.,0.,0.,0.,0.,0.,0.,0.,0.,0.,0.
0.51,2.130204454818237e-17,1.0007725756197609e-17,0.,0.,0.,0.,0.,0.,0.,0.,0.,0.,0.,0.,0.,0.,0.,0.,0.,0.,0.,0.,0.,0.,0.,0.,0.,0.,0.
0.52,2.0280131113858968e-17,1.3354702791804314e-17,1.7680430310953637e-20,0.,0.,0.,0.,0.,0.,0.,0.,0.,0.,0.,0.,0.,0.,0.,0.,0.,0.,0.,0.,0.,0.,0.,0.,0.,0.
0.53,1.9153722036697962e-17,1.6256652073743275e-17,4.897758688202591e-19,0.,0.,0.,0.,0.,0.,0.,0.,0.,0.,0.,0.,0.,0.,0.,0.,0.,0.,0.,0.,0.,0.,0.,0.,0.,0.
0.54,1.81092102046022e-17,1.8364037265199984e-17,1.5880713970142212e-18,0.,0.,0.,0.,0.,0.,0.,0.,0.,0.,0.,0.,0.,0.,0.,0.,0.,0.,0.,0.,0.,0.,0.,0.,0.,0.
0.55,1.7139285804102073e-17,1.9711561384367966e-17,3.292889889951201e-18,0.,0.,0.,0.,0.,0.,0.,0.,0.,0.,0.,0.,0.,0.,0.,0.,0.,0.,0.,0.,0.,0.,0.,0.,0.,0.
0.5599999999999999,1.623740818409189e-17,2.0329611765847727e-17,5.587288805743776e-18,0.,0.,0.,0.,0.,0.,0.,0.,0.,0.,0.,0.,0.,0.,0.,0.,0.,0.,0.,0.,0.,0.,0.,0.,0.,0.
0.57,1.5397713065059057e-17,2.0244780745422162e-17,8.456730242900329e-18,0.,0.,0.,0.,0.,0.,0.,0.,0.,0.,0.,0.,0.,0.,0.,0.,0.,0.,0.,0.,0.,0.,0.,0.,0.,0.
0.58,1.4614932324293132e-17,1.948579300565242e-17,1.1877841256092487e-17,5.4772289941393064e-21,0.,0.,0.,0.,0.,0.,0.,0.,0.,0.,0.,0.,0.,0.,0.,0.,0.,0.,0.,0.,0.,0.,0.,0.,0.
0.59,1.3884324471623108e-17,1.8511688365990947e-17,1.4962581320152443e-17,4.551788061162097e-19,0.,0.,0.,0.,0.,0.,0.,0.,0.,0.,0.,0.,0.,0.,0.,0.,0.,0.,0.,0.,0.,0.,0.,0.,0.
0.6,1.3201614239155009e-17,1.760144465240211e-17,1.7179459757891576e-17,1.6104056231803198e-18,0.,0.,0.,0.,0.,0.,0.,0.,0.,0.,0.,0.,0.,0.,0.,0.,0.,0.,0.,0.,0.,0.,0.,0.,0.
0.61,1.2562939962628947e-17,1.6749913186208776e-17,1.8562068192024597e-17,3.4506525675718485e-18,0.,0.,0.,0.,0.,0.,0.,0.,0.,0.,0.,0.,0.,0.,0.,0.,0.,0.,0.,0.,0.,0.,0.,0.,0.
0.62,1.1964807641810793e-17,1.5952435487726392e-17,1.914019935964015e-17,5.957967438194419e-18,0.,0.,0.,0.,0.,0.,0.,0.,0.,0.,0.,0.,0.,0.,0.,0.,0.,0.,0.,0.,0.,0.,0.,0.,0.
0.63,1.1404050741090602e-17,1.520478967921572e-17,1.8940262518298012e-17,9.11667177087759e-18,0.,0.,0.,0.,0.,0.,0.,0.,0.,0.,0.,0.,0.,0.,0.,0.,0.,0.,0.,0.,0.,0.,0.,0.,0.
0.64,1.0877794935827189e-17,1.4503143481898706e-17,1.8128196399032298e-17,1.2628018702418217e-17,1.4254865379711022e-19,0.,0.,0.,0.,0.,0.,0.,0.,0.,0.,0.,0.,0.,0.,0.,0.,0.,0.,0.,0.,0.,0.,0.,0.
0.6499999999999999,1.03834271302958e-17,1.384401290821614e-17,1.7304316492773513e-17,1.5320923551249908e-17,1.0072703967712475e-18,0.,0.,0.,0.,0.,0.,0.,0.,0.,0.,0.,0.,0.,0.,0.,0.,0.,0.,0.,0.,0.,0.,0.,0.
0.6599999999999999,9.918568173670182e-18,1.3224225884599634e-17,1.652961403577067e-17,1.70997402542663e-17,2.636882486266207e-18,0.,0.,0.,0.,0.,0.,0.,0.,0.,0.,0.,0.,0.,0.,0.,0.,0.,0.,0.,0.,0.,0.,0.,0.
0.6699999999999999,9.481048784782316e-18,1.2640890152441815e-17,1.5800473850932217e-17,1.7995156059663342e-17,5.0116640558101294e-18,0.,0.,0.,0.,0.,0.,0.,0.,0.,0.,0.,0.,0.,0.,0.,0.,0.,0.,0.,0.,0.,0.,0.,0.
0.6799999999999999,9.06888826728031e-18,1.2091364889447819e-17,1.5113595043850254e-17,1.803464221954534e-17,8.11415685858573e-18,0.,0.,0.,0.,0.,0.,0.,0.,0.,0.,0.,0.,0.,0.,0.,0.,0.,0.,0.,0.,0.,0.,0.,0.
0.69,8.680275656549692e-18,1.1573235573207605e-17,1.4465959583536297e-17,1.7358447700715105e-17,1.1697594709604859e-17,1.1567215729571983e-19,0.,0.,0.,0.,0.,0.,0.,0.,0.,0.,0.,0.,0.,0.,0.,0.,0.,0.,0.,0.,0.,0.,0.
0.7,8.313552990255049e-18,1.1084291676148262e-17,1.385480442223884e-17,1.6625091241149318e-17,1.4475289281641003e-17,9.835675086625134e-19,0.,0.,0.,0.,0.,0.,0.,0.,0.,0.,0.,0.,0.,0.,0.,0.,0.,0.,0.,0.,0.,0.,0.
0.71,7.967200437140746e-18,1.062250683806548e-17,1.3277596712109776e-17,1.5932470071370304e-17,1.6278741483461682e-17,2.6819710509576534e-18,0.,0.,0.,0.,0.,0.,0.,0.,0.,0.,0.,0.,0.,0.,0.,0.,0.,0.,0.,0.,0.,0.,0.
0.72,7.639823055066557e-18,1.0186021210880849e-17,1.273201173704326e-17,1.52777946451534e-17,1.713806479565337e-17,5.19061061837159e-18,0.,0.,0.,0.,0.,0.,0.,0.,0.,0.,0.,0.,0.,0.,0.,0.,0.,0.,0.,0.,0.,0.,0.
0.73,7.330138980192338e-18,9.773125711521236e-18,1.2215913229570747e-17,1.4658501545470295e-17,1.7080420611975777e-17,8.491368343811006e-18,0.,0.,0.,0.,0.,0.,0.,0.,0.,0.,0.,0.,0.,0.,0.,0.,0.,0.,0.,0.,0.,0.,0.
0.74,7.036968875628002e-18,9.382247954017663e-18,1.1727335786695561e-17,1.4072232384345983e-17,1.6416937757654258e-17,1.1994791569690064e-17,2.8664401262924967e-19,0.,0.,0.,0.,0.,0.,0.,0.,0.,0.,0.,0.,0.,0.,0.,0.,0.,0.,0.,0.,0.,0.
0.75,6.7592264904473655e-18,9.011939662029878e-18,1.1264469136184705e-17,1.3516814923174441e-17,1.5768977033262672e-17,1.448787688166841e-17,1.4592380934168322e-18,0.,0.,0.,0.,0.,0.,0.,0.,0.,0.,0.,0.,0.,0.,0.,0.,0.,0.,0.,0.,0.,0.
0.76,6.4959101993217915e-18,8.66086538881136e-18,1.0825644037095248e-17,1.2990246154036254e-17,1.5154671749498128e-17,1.5961269637781186e-17,3.516069966309739e-18,0.,0.,0.,0.,0.,0.,0.,0.,0.,0.,0.,0.,0.,0.,0.,0.,0.,0.,0.,0.,0.,0.
0.77,6.24609540965819e-18,8.327792393800349e-18,1.0409319626024672e-17,1.2490677115814669e-17,1.4571864872654744e-17,1.644364150489648e-17,6.437147910784745e-18,0.,0.,0.,0.,0.,0.,0.,0.,0.,0.,0.,0.,0.,0.,0.,0.,0.,0.,0.,0.,0.,0.
0.78,6.0089277374396954e-18,8.011581544106559e-18,1.001407204442911e-17,1.2016399247530762e-17,1.4018563162535802e-17,1.6020563798571888e-17,1.0085366147014305e-17,5.955528275258682e-20,0.,0.,0.,0.,0.,0.,0.,0.,0.,0.,0.,0.,0.,0.,0.,0.,0.,0.,0.,0.,0.
0.79,5.783616865313865e-18,7.711179125624656e-18,9.638584202929022e-18,1.1565832106008283e-17,1.3492922843644597e-17,1.5419856424623376e-17,1.3036096977267772e-17,8.82892991914891e-19,0.,0.,0.,0.,0.,0.,0.,0.,0.,0.,0.,0.,0.,0.,0.,0.,0.,0.,0.,0.,0.
0.8,5.569431007143521e-18,7.42560946273214e-18,9.281636556304537e-18,1.1137512296316833e-17,1.299323669122596e-17,1.4848809749491964e-17,1.490300843277912e-17,2.6559245823796094e-18,0.,0.,0.,0.,0.,0.,0.,0.,0.,0.,0.,0.,0.,0.,0.,0.,0.,0.,0.,0.,0.
0.81,5.3656919124747285e-18,7.153968257847728e-18,8.942098778280036e-18,1.0730083481918438e-17,1.2517922376910492e-17,1.4305615471406766e-17,1.571543842433942e-17,5.3574876972780094e-18,0.,0.,0.,0.,0.,0.,0.,0.,0.,0.,0.,0.,0.,0.,0.,0.,0.,0.,0.,0.,0.
0.8200000000000001,5.1717703523916526e-18,6.895416572813172e-18,8.618922238555591e-18,1.0342287357471259e-17,1.2065511937413281e-17,1.378859598623765e-17,1.551153951179497e-17,8.945624072803073e-18,1.13903392190812e-20,0.,0.,0.,0.,0.,0.,0.,0.,0.,0.,0.,0.,0.,0.,0.,0.,0.,0.,0.,0.
0.83,4.987082035194019e-18,6.64917538334879e-18,8.311133196151578e-18,9.972955481174312e-18,1.163464224598966e-17,1.329619349817307e-17,1.4957609245294787e-17,1.2119182733885075e-17,6.760673927299454e-19,0.,0.,0.,0.,0.,0.,0.,0.,0.,0.,0.,0.,0.,0.,0.,0.,0.,0.,0.,0.
0.84,4.8110839063975975e-18,6.414520645919134e-18,8.017826633240068e-18,9.621001875665117e-18,1.1224046380499692e-17,1.2826960155051904e-17,1.4429743206624844e-17,1.4154752959918114e-17,2.3478921651334756e-18,0.,0.,0.,0.,0.,0.,0.,0.,0.,0.,0.,0.,0.,0.,0.,0.,0.,0.,0.,0.
0.85,4.643270792847517e-18,6.190778823397279e-18,7.738160662451326e-18,9.28541631705958e-18,1.0832545794272646e-17,1.2379549101143712e-17,1.392642624472114e-17,1.50816986304223e-17,5.005105162149579e-18,0.,0.,0.,0.,0.,0.,0.,0.,0.,0.,0.,0.,0.,0.,0.,0.,0.,0.,0.,0.
0.86,4.483172355354688e-18,5.9773228220767586e-18,7.471351448344049e-18,8.9652582409634e-18,1.0459043206742315e-17,1.1952706352490793e-17,1.3446247685014168e-17,1.4939667211118638e-17,8.60239640833674e-18,1.2742520596507332e-20,0.,0.,0.,0.,0.,0.,0.,0.,0.,0.,0.,0.,0.,0.,0.,0.,0.,0.,0.
0.87,4.330350318309076e-18,5.773568297971086e-18,7.216668590466441e-18,8.659651202369948e-18,1.0102516140257048e-17,1.154526341070562e-17,1.2987893020289004e-17,1.4430404975581395e-17,1.1767512315942578e-17,7.153322165922746e-19,0.,0.,0.,0.,0.,0.,0.,0.,0.,0.,0.,0.,0.,0.,0.,0.,0.,0.,0.
0.88,4.1843959482671084e-18,5.578970295065469e-18,6.97343092134075e-18,8.367777833446154e-18,9.762011037735505e-18,1.1156130540564961e-17,1.2550136348286319e-17,1.3944028467252182e-17,1.3748928746344898e-17,2.4753293097189813e-18,0.,0.,0.,0.,0.,0.,0.,0.,0.,0.,0.,0.,0.,0.,0.,0.,0.,0.,0.
0.8899999999999999,4.044927756621188e-18,5.393020182332636e-18,6.741002677887856e-18,8.088875249428298e-18,9.43663790309601e-18,1.0784290645035294e-17,1.2131833481386237e-17,1.3479266418289711e-17,1.4575563963355094e-17,5.270829299425465e-18,0.,0.,0.,0.,0.,0.,0.,0.,0.,0.,0.,0.,0.,0.,0.,0.,0.,0.,0.
0.8999999999999999,3.911589404194079e-18,5.215242859970997e-18,6.518790009366154e-18,7.822230858318548e-18,9.125565412767754e-18,1.0428793678655539e-17,1.1731915661919583e-17,1.3034931368498331e-17,1.4337840804337475e-17,8.954134801622955e-18,6.382591449068522e-20,0.,0.,0.,0.,0.,0.,0.,0.,0.,0.,0.,0.,0.,0.,0.,0.,0.,0.
0.9099999999999999,3.784047788008674e-18,5.045194208533579e-18,6.30623778891163e-18,7.567178534888182e-18,8.828016452209141e-18,1.0088751546622534e-17,1.1349383823872438e-17,1.2609913289703668e-17,1.3870339949868054e-17,1.1886660826741465e-17,1.0016062012256966e-18,0.,0.,0.,0.,0.,0.,0.,0.,0.,0.,0.,0.,0.,0.,0.,0.,0.,0.
0.9199999999999999,3.661991292606902e-18,4.882458757446957e-18,6.1028266993043755e-18,7.323095123739187e-18,8.543264036311966e-18,9.763333442585331e-18,1.0983303348118087e-17,1.2203173758469735e-17,1.3422944679206584e-17,1.3596838869152239e-17,3.0407551674517124e-18,0.,0.,0.,0.,0.,0.,0.,0.,0.,0.,0.,0.,0.,0.,0.,0.,0.,0.
0.9299999999999999,3.545128190166161e-18,4.726647551918931e-18,5.9080705667109545e-18,7.089397239924832e-18,8.270627576943685e-18,9.451761583152613e-18,1.0632799263933022e-17,1.1813740624667006e-17,1.2994585670743233e-17,1.4112804433406627e-17,6.159570058560278e-18,0.,0.,0.,0.,0.,0.,0.,0.,0.,0.,0.,0.,0.,0.,0.,0.,0.,0.
0.94,3.433185175319393e-18,4.5773961994438304e-18,5.721513918914791e-18,6.865538338944909e-18,8.009469464747323e-18,9.153307301537092e-18,1.0297051854525697e-17,1.1440703128925281e-17,1.2584261129954361e-17,1.3727725862817868e-17,9.803702169997633e-18,2.672068702489415e-19,0.,0.,0.,0.,0.,0.,0.,0.,0.,0.,0.,0.,0.,0.,0.,0.,0.
0.95,3.3259060220527564e-18,4.434363079071415e-18,5.542729746992767e-18,6.651006030866561e-18,7.759191935743044e-18,8.867287466674309e-18,9.975292628708995e-18,1.108320742689637e-17,1.2191031866291897e-17,1.3298765951937853e-17,1.2288421784942893e-17,1.6348374183542527e-18,0.,0.,0.,0.,0.,0.,0.,0.,0.,0.,0.,0.,0.,0.,0.,0.,0.
0.96,3.223050351356204e-18,4.297227698340359e-18,5.371317451565126e-18,6.445319615924092e-18,7.519234196311319e-18,8.593061197622664e-18,9.666800624750629e-18,1.0740452482588339e-17,1.1814016776034898e-17,1.2887493509976668e-17,1.3517967694660594e-17,4.142384480567325e-18,0.,0.,0.,0.,0.,0.,0.,0.,0.,0.,0.,0.,0.,0.,0.,0.,0.
0.97,3.1243924994576172e-18,4.165689184317773e-18,5.206900956671143e-18,6.248027821261521e-18,7.289069782833161e-18,8.330026846132058e-18,9.370899015900953e-18,1.0411686296883194e-17,1.145238869382792e-17,1.2493006211471924e-17,1.3533538854562305e-17,7.74044857090553e-18,1.4078801151636895e-20,0.,0.,0.,0.,0.,0.,0.,0.,0.,0.,0.,0.,0.,0.,0.,0.
0.98,3.0297204774981954e-18,4.03946489655549e-18,5.049126976034563e-18,6.058706720535466e-18,7.068204134658699e-18,8.077619223006447e-18,9.086951990177746e-18,1.0096202440772206e-17,1.1105370579395078e-17,1.2114456410639609e-17,1.3123459939109069e-17,1.0882998015083299e-17,8.054654432013388e-19,0.,0.,0.,0.,0.,0.,0.,0.,0.,0.,0.,0.,0.,0.,0.,0.
0.99,2.938835014420795e-18,3.918289150992483e-18,4.897663418006124e-18,5.876957819923774e-18,6.8561723612079265e-18,7.835307046322716e-18,8.814361879729211e-18,9.793336865889049e-18,1.0772232009269324e-17,1.1751047314325498e-17,1.2729782785522755e-17,1.2714332738615285e-17,2.7929989053717427e-18,0.,0.,0.,0.,0.,0.,0.,0.,0.,0.,0.,0.,0.,0.,0.,0.
1.,2.8515486756574816e-18,3.801912044918855e-18,4.752197916827922e-18,5.7024062957142154e-18,6.652537185907688e-18,7.602590591739882e-18,8.552566517539369e-18,9.502464967635274e-18,1.0452285946362008e-17,1.1402029458042713e-17,1.235169550700994e-17,1.32624195163609e-17,5.9544067017221816e-18,0.,0.,0.,0.,0.,0.,0.,0.,0.,0.,0.,0.,0.,0.,0.,0.
1.01,2.767685050929275e-18,3.690098374085685e-18,4.6124364790754584e-18,5.5346993701007944e-18,6.4568870513643006e-18,7.378999527070135e-18,8.301036801419559e-18,9.222998878614384e-18,1.0144885762861546e-17,1.106669745835704e-17,1.1988433969306005e-17,1.2910095299910163e-17,9.555326395461802e-18,3.5688483954808495e-19,0.,0.,0.,0.,0.,0.,0.,0.,0.,0.,0.,0.,0.,0.,0.
1.02,2.6870780051200918e-18,3.582626633910464e-18,4.47810223521489e-18,5.373504813113186e-18,6.268834371685561e-18,7.164090915013727e-18,8.059274447176587e-18,8.954384972253577e-18,9.849422494329113e-18,1.0744387017476985e-17,1.1639278545779852e-17,1.2534097083317067e-17,1.1871405574088127e-17,1.9233171164222616e-18,0.,0.,0.,0.,0.,0.,0.,0.,0.,0.,0.,0.,0.,0.,0.
1.03,2.6095709867674926e-18,3.479288097501805e-18,4.3489342871805335e-18,5.218509559765812e-18,6.0880139192201614e-18,6.957447369507557e-18,7.826809914589254e-18,8.696101558427015e-18,9.565322304987441e-18,1.0434472158226817e-17,1.1303551122110044e-17,1.2172559200598812e-17,1.2853454678162055e-17,4.715108069479839e-18,0.,0.,0.,0.,0.,0.,0.,0.,0.,0.,0.,0.,0.,0.,0.
1.04,2.535016389232371e-18,3.379885963919953e-18,4.224686643743531e-18,5.0694184325520386e-18,5.9140813341947896e-18,6.758675352522512e-18,7.603200491383286e-18,8.447656754625692e-18,9.292044146103004e-18,1.0136362669658475e-17,1.0980612329143739e-17,1.1824793128407288e-17,1.2668905071296445e-17,8.429117632755517e-18,1.4088148187004227e-19,0.,0.,0.,0.,0.,0.,0.,0.,0.,0.,0.,0.,0.,0.
1.05,2.46327496007557e-18,3.2842345707105964e-18,4.105127236218915e-18,4.925952960340539e-18,5.746711746815843e-18,6.567403599386575e-18,7.388028521791919e-18,8.208586517771536e-18,9.029077591069656e-18,9.849501745420767e-18,1.0669858984567495e-17,1.149014931224942e-17,1.231037273220499e-17,1.1109685433296266e-17,1.390568837261592e-18,0.,0.,0.,0.,0.,0.,0.,0.,0.,0.,0.,0.,0.,0.
1.06,2.3942152545872452e-18,3.1921586653066417e-18,3.990037007754659e-18,4.7878502855664555e-18,5.585598502377541e-18,6.383281661824766e-18,7.180899767542478e-18,7.978452823165495e-18,8.775940832333078e-18,9.573363798675011e-18,1.0370721725828992e-17,1.1168014617429774e-17,1.1965242477110971e-17,1.2409603100125952e-17,3.913491987923083e-18,0.,0.,0.,0.,0.,0.,0.,0.,0.,0.,0.,0.,0.,0.
1.07,2.3277131297901228e-18,3.1034927303930176e-18,3.879209070071762e-18,4.654862152360541e-18,5.430451980793889e-18,6.2059785589076315e-18,6.981441890235176e-18,7.756841978310372e-18,8.532178826671397e-18,9.307452438847218e-18,1.008266281837449e-17,1.0857809968787e-17,1.1632893893617448e-17,1.2407914596397812e-17,7.583455982313812e-18,5.212187055441733e-20,0.,0.,0.,0.,0.,0.,0.,0.,0.,0.,0.,0.,0.
1.08,2.263651275575275e-18,3.0180803587795098e-18,3.7724479220868906e-18,4.526753968934339e-18,5.2809985027591125e-18,6.0351815269997296e-18,6.789303045092346e-18,7.543363060473565e-18,8.297361576584179e-18,9.051298596856036e-18,9.805174124728461e-18,1.0558988163637985e-17,1.1312740717020081e-17,1.2066431788309525e-17,1.0506628926294303e-17,1.0930829087272489e-18,0.,0.,0.,0.,0.,0.,0.,0.,0.,0.,0.,0.,0.
1.09,2.2019187799327122e-18,2.935773673731518e-18,3.669568725355123e-18,4.4033039381467244e-18,5.136979315449836e-18,5.870594860609207e-18,6.604150576967287e-18,7.337646467866951e-18,8.071082536655168e-18,8.804458786670191e-18,9.537775221257545e-18,1.0271031843760049e-17,1.1004228657519483e-17,1.1737365665876951e-17,1.2006413281078272e-17,3.4517107291186897e-18,0.,0.,0.,0.,0.,0.,0.,0.,0.,0.,0.,0.,0.
1.1,2.142410725512759e-18,2.85643279107352e-18,3.570396631726463e-18,4.2843022507244305e-18,4.9981496513205785e-18,5.7119388367692596e-18,6.425669810322594e-18,7.139342575233115e-18,7.852957134757334e-18,8.566513492143288e-18,9.280011650646089e-18,9.993451613518209e-18,1.0706833384011125e-17,1.1420156965375637e-17,1.2133422360865981e-17,7.058638658692273e-18,2.3513640260399757e-20,0.,0.,0.,0.,0.,0.,0.,0.,0.,0.,0.,0.
1.11,2.08502781500089e-18,2.7799253197089386e-18,3.4747661590209084e-18,4.169550336102515e-18,4.864277854119782e-18,5.558948716239895e-18,6.253562925627872e-18,6.948120485449129e-18,7.64262139887295e-18,8.337065669060381e-18,9.031453299179344e-18,9.7257842923952e-18,1.0420058651872332e-17,1.1114276380774474e-17,1.18084374822687e-17,1.0102121044302393e-17,9.660105342772189e-19,0.,0.,0.,0.,0.,0.,0.,0.,0.,0.,0.,0.
1.1199999999999999,2.029676023011486e-18,2.7061258974971344e-18,3.3825206108981538e-18,4.058860166296219e-18,4.7351445667733056e-18,5.4113738154125216e-18,6.087547915294856e-18,6.763666869501694e-18,7.439730681118185e-18,8.115739353221453e-18,8.791692888895332e-18,9.46759129122114e-18,1.0143434563279259e-17,1.0819222708149435e-17,1.149495572891466e-17,1.168306431187055e-17,3.267353240035744e-18,0.,0.,0.,0.,0.,0.,0.,0.,0.,0.,0.,0.
1.13,1.976266272407166e-18,2.6349157596965378e-18,3.293511537433319e-18,3.9520536086180904e-18,4.610541976251728e-18,5.268976643336209e-18,5.927357612871447e-18,6.585684887857745e-18,7.24395847129907e-18,7.902178366191569e-18,8.560344575537926e-18,9.218457102338377e-18,9.876515949592247e-18,1.0534521120298241e-17,1.1192472617458227e-17,1.1850370444069994e-17,6.861394699816642e-18,2.1791103245978446e-20,0.,0.,0.,0.,0.,0.,0.,0.,0.,0.,0.
1.14,1.924714133132382e-18,2.5661823374255873e-18,3.2075982332134065e-18,3.848961823418148e-18,4.4902731109624075e-18,5.131532098769855e-18,5.772738789762147e-18,6.413893186861326e-18,7.054995292992993e-18,7.696045111075145e-18,8.337042644032133e-18,8.977987894785938e-18,9.618880866257635e-18,1.0259721561367717e-17,1.0900509983039734e-17,1.1541246134193288e-17,9.903399460801237e-18,9.772109214748038e-19,0.,0.,0.,0.,0.,0.,0.,0.,0.,0.,0.
1.15,1.874939541814733e-18,2.4998188838128415e-18,3.1246472700438385e-18,3.749424703354462e-18,4.374151186591725e-18,4.9988267226036885e-18,5.623451314236458e-18,6.2480249643365024e-18,6.872547675753769e-18,7.497019451330792e-18,8.121440293916296e-18,8.745810206356696e-18,9.370129191497529e-18,9.994397252183758e-18,1.0618614391263332e-17,1.1242780611580347e-17,1.144700747887211e-17,3.329616256564507e-18,0.,0.,0.,0.,0.,0.,0.,0.,0.,0.,0.
1.16,1.8268665405366415e-18,2.4357241257065525e-18,3.044532061603029e-18,3.653290350999821e-18,4.261998996670943e-18,4.870658001391433e-18,5.479267367934424e-18,6.0878270990734016e-18,6.696337197585239e-18,7.304797666239592e-18,7.913208507812144e-18,8.521569725076326e-18,9.129881320804719e-18,9.738143297769338e-18,1.0346355658745116e-17,1.0954518406503225e-17,1.1562631543817448e-17,6.969494576092343e-18,4.343166682646702e-20,0.,0.,0.,0.,0.,0.,0.,0.,0.,0.
1.17,1.780423033315465e-18,2.3738019389945357e-18,2.967132457608624e-18,3.5604145918609656e-18,4.1536483444550516e-18,4.746833718095372e-18,5.339970715484558e-18,5.933059339325589e-18,6.526099592324743e-18,7.119091477181263e-18,7.712034996600267e-18,8.30493015328468e-18,8.897776949936598e-18,9.490575389257561e-18,1.0083325473951961e-17,1.0676027206720509e-17,1.1268680590266488e-17,9.889429994895492e-18,1.1234136137612118e-18,0.,0.,0.,0.,0.,0.,0.,0.,0.,0.
1.18,1.7355405589528885e-18,2.3139610457488684e-18,2.8923343652636853e-18,3.470660520132425e-18,4.048939512990428e-18,4.6271713464740095e-18,5.2053560232176686e-18,5.783493545856244e-18,6.361583917027795e-18,6.939627139363516e-18,7.517623215500334e-18,8.095572148073036e-18,8.673473939715604e-18,9.25132859306147e-18,9.829136110746852e-18,1.0406896495404387e-17,1.09846097496692e-17,1.1278115621696938e-17,3.635701957232411e-18,0.,0.,0.,0.,0.,0.,0.,0.,0.,0.
1.19,1.692154079026063e-18,2.256114731558775e-18,2.8200293959370727e-18,3.3838980747301686e-18,3.947720770507523e-18,4.511497485839545e-18,5.075228223294875e-18,5.6389129854424856e-18,6.2025517748544854e-18,6.766144594096291e-18,7.329691445738914e-18,7.89319233235127e-18,8.456647256501493e-18,9.020056220757193e-18,9.583419227688673e-18,1.0146736279862764e-17,1.0710007379848714e-17,1.127323253021534e-17,7.335788332722644e-18,1.109480751349986e-19,0.,0.,0.,0.,0.,0.,0.,0.,0.
1.2,1.650201779894376e-18,2.2001805815502636e-18,2.7501145352013444e-18,3.3000036433531345e-18,3.849847908511395e-18,4.399647333182804e-18,4.949401919872322e-18,5.4991116710852296e-18,6.0487765893298675e-18,6.598396677108052e-18,7.14797193692705e-18,7.697502371292094e-18,8.246987982707641e-18,8.796428773677648e-18,9.345824746708692e-18,9.89517590430397e-18,1.0444482248969031e-17,1.0993743783209007e-17,1.0014759604129642e-17,1.4267107506439634e-18,0.,0.,0.,0.,0.,0.,0.,0.,0.
1.21,1.6096248876880237e-18,2.14608023371414e-18,2.682491834505232e-18,3.2188596925052075e-18,3.755183810158211e-18,4.291464189909287e-18,4.8277008342018e-18,5.363893745479427e-18,5.9000429261888335e-18,6.4361483787703145e-18,6.97221010566949e-18,7.508228109329988e-18,8.044202392194685e-18,8.580132956705964e-18,9.116019805308778e-18,9.651862940444762e-18,1.0187662364557859e-17,1.0723418080091607e-17,1.1132356224112779e-17,4.207502716818005e-18,0.,0.,0.,0.,0.,0.,0.,0.,0.
1.22,1.5703674953286184e-18,2.093739148276097e-18,2.617068122897909e-18,3.1403544215783565e-18,3.663598046701976e-18,4.1867990006541764e-18,4.70995728581873e-18,5.23307290457972e-18,5.756145859324134e-18,6.279176152432755e-18,6.802163786291551e-18,7.325108763284556e-18,7.848011085795068e-18,8.370870756205899e-18,8.893687776902373e-18,9.416462150266574e-18,9.93919387868284e-18,1.0461882964535114e-17,1.0984529410205917e-17,7.89172259923874e-18,2.6956480657181905e-19,0.,0.,0.,0.,0.,0.,0.,0.
1.23,1.5323764007086385e-18,2.0430863919446447e-18,2.5537547373498072e-18,3.0643814392507456e-18,3.574966499974307e-18,4.085509921848194e-18,4.596011707198512e-18,5.1064718583516586e-18,5.616890377636881e-18,6.127267267377365e-18,6.637602529901355e-18,7.147896167535206e-18,7.658148182604561e-18,8.168358577434591e-18,8.678527354352901e-18,9.188654515683958e-18,9.698740063754413e-18,1.0208784000890534e-17,1.0718786329417202e-17,1.021288772632598e-17,1.931395157753098e-18,0.,0.,0.,0.,0.,0.,0.,0.
1.24,1.4956009552263491e-18,1.994054435965799e-18,2.492467270331184e-18,2.990839460593288e-18,3.489171009023116e-18,3.987461917892509e-18,4.485712189471743e-18,4.983921826031394e-18,5.482090829844802e-18,5.980219203179399e-18,6.478306948307556e-18,6.9763540674998e-18,7.47436056302596e-18,7.972326437155398e-18,8.470251692159871e-18,8.968136330308051e-18,9.46598035387076e-18,9.96378376511843e-18,1.0461546566320158e-17,1.0945020316777006e-17,5.0885956738983745e-18,0.,0.,0.,0.,0.,0.,0.,0.
1.25,1.4599929219366304e-18,1.946578966998453e-18,2.4331253334158956e-18,2.9196320234056783e-18,3.4060990391847365e-18,3.89252638297082e-18,4.3789140569801565e-18,4.8652620634292615e-18,5.3515704045373494e-18,5.83783908251787e-18,6.324068099589089e-18,6.81025745796748e-18,7.296407159868826e-18,7.782517207508463e-18,8.26858760310406e-18,8.754618348870275e-18,9.240609447023859e-18,9.7265608997812e-18,1.0212472709357362e-17,1.0698344877968302e-17,8.550391066013213e-18,5.842657399839723e-19,0.,0.,0.,0.,0.,0.,0.
1.26,1.4255063426363252e-18,1.900598709901965e-18,2.375652335774835e-18,2.8506672224192927e-18,3.325643371999908e-18,3.8005807866820446e-18,4.2754794686295834e-18,4.750339420006675e-18,5.2251606429801244e-18,5.699943139711091e-18,6.174686912365446e-18,6.649391963107302e-18,7.12405829410011e-18,7.598685907506873e-18,8.073274805492876e-18,8.547824990220467e-18,9.022336463854034e-18,9.49680922855761e-18,9.971243286493937e-18,1.0445638639826632e-17,1.0399202752753432e-17,2.7011380207698846e-18,0.,0.,0.,0.,0.,0.,0.
1.27,1.3920974132559595e-18,1.856055261598468e-18,2.3199752765122154e-18,2.7838574601108364e-18,3.24770181450817e-18,3.711508341818832e-18,4.175277044155986e-18,4.639007923633068e-18,5.102700982366096e-18,5.56635622246558e-18,6.029973646046634e-18,6.493553255222649e-18,6.95709505210637e-18,7.42059903881011e-18,7.884065217448407e-18,8.347493590132927e-18,8.810884158977339e-18,9.274236926094953e-18,9.737551893597825e-18,1.0200829063598868e-17,1.0664068438208224e-17,6.280503508757148e-18,3.052170605273778e-20,0.,0.,0.,0.,0.,0.
1.28,1.3597243669783986e-18,1.8128929352373382e-18,2.2660245498790373e-18,2.7191192129679762e-18,3.172176926568837e-18,3.625197692747061e-18,4.078181513566672e-18,4.5311283910919554e-18,4.984038327389722e-18,5.4369113245214066e-18,5.8897473845529285e-18,6.3425465095485384e-18,6.795308701571848e-18,7.248033962686048e-18,7.700722294956503e-18,8.153373700445775e-18,8.605988181218375e-18,9.058565739338475e-18,9.51110637686901e-18,9.963610095873757e-18,1.0416076898413794e-17,9.20917253261473e-18,1.1371886952491818e-18,0.,0.,0.,0.,0.,0.
1.29,1.3283473645495375e-18,1.771058613948669e-18,2.21373376247231e-18,2.6563728121373037e-18,3.0989757649606848e-18,3.541542622960235e-18,3.984073388152346e-18,4.4265680625536694e-18,4.869026648183322e-18,5.311449147055169e-18,5.7538355611874574e-18,6.196185892596802e-18,6.638500143299193e-18,7.080778315310215e-18,7.523020410647569e-18,7.96522643132622e-18,8.407396379363045e-18,8.849530256774576e-18,9.291628065576148e-18,9.733689807783913e-18,1.0175715485411386e-17,1.0473531374446015e-17,3.816487429578898e-18,0.,0.,0.,0.,0.,0.
1.3,1.2979283912869739e-18,1.7305016135270157e-18,2.163039561596687e-18,2.5955422374666434e-18,3.028009643107733e-18,3.460441780491526e-18,3.892838651588243e-18,4.325200258368354e-18,4.757526602804739e-18,5.18981768686514e-18,5.622073512521594e-18,6.054294081744531e-18,6.486479396503778e-18,6.918629458768762e-18,7.350744270510978e-18,7.782823833699253e-18,8.214868150304267e-18,8.646877222296384e-18,9.078851051644788e-18,9.510789640319455e-18,9.942692990287795e-18,1.0374561103521875e-17,7.496356658794651e-18,2.7457758745325195e-19,0.,0.,0.,0.,0.
1.31,1.2684311603300233e-18,1.6911735534366068e-18,2.1138814740274848e-18,2.536554924028528e-18,2.959193905365792e-18,3.3817984199660436e-18,3.804368469754726e-18,4.226904056657528e-18,4.649405182602489e-18,5.071871849512638e-18,5.494304059315189e-18,5.916701813935795e-18,6.339065115299516e-18,6.761393965331016e-18,7.183688365956992e-18,7.605948319101521e-18,8.028173826690503e-18,8.450364890649517e-18,8.872521512902992e-18,9.294643695376141e-18,9.716731439991657e-18,1.0138784748676795e-17,9.752007547940615e-18,2.0253370011713845e-18,0.,0.,0.,0.,0.
1.32,1.2398210217087723e-18,1.6530282355749537e-18,2.0662017544713327e-18,2.4793415802803414e-18,2.8924477148845936e-18,3.3055201601673955e-18,3.718558918010761e-18,4.131563990296941e-18,4.544535378910494e-18,4.957473085731068e-18,5.37037711264241e-18,5.7832474615267414e-18,6.196084134265696e-18,6.6088871327405296e-18,7.021656458834479e-18,7.434392114428225e-18,7.847094101404229e-18,8.259762421644631e-18,8.672397077030463e-18,9.084998069443507e-18,9.49756540076309e-18,9.910099072872997e-18,1.0322599087654486e-17,5.372410312857578e-18,0.,0.,0.,0.,0.
1.33,1.2120648768413834e-18,1.6160215302738392e-18,2.019945243073165e-18,2.42383601707965e-18,2.827693854133761e-18,3.231518756076642e-18,3.635310724748174e-18,4.039069761988473e-18,4.4427958696399015e-18,4.846489049540033e-18,5.25014930353044e-18,5.653776633451201e-18,6.057371041141835e-18,6.460932528441476e-18,6.864461097191202e-18,7.267956749229589e-18,7.671419486396958e-18,8.074849310533313e-18,8.47824622347757e-18,8.881610227069387e-18,9.284941323146022e-18,9.688239513549076e-18,1.0091504800117704e-17,9.435733647749721e-18,0.,0.,0.,0.,0.
1.34,1.1851310980977891e-18,1.5801112690552257e-18,1.9750592313665256e-18,2.3699749868310834e-18,2.764858537248469e-18,3.159709884418913e-18,3.554529030141412e-18,3.949315976215191e-18,4.344070724441675e-18,4.7387932766176e-18,5.133483634543621e-18,5.528141800018925e-18,5.9227677748421526e-18,6.317361560811574e-18,6.711923159727352e-18,7.106452573387208e-18,7.500949803590568e-18,7.89541485213655e-18,8.289847720823206e-18,8.684248411449316e-18,9.078616925811305e-18,9.472953265709863e-18,9.867257432943264e-18,1.340993680845256e-17,0.,0.,0.,0.,0.
1.35,1.1589894530945415e-18,1.5452571436951095e-18,1.931493336108489e-18,2.3176980320943824e-18,2.7038712334126673e-18,3.090012941823862e-18,3.476123159087282e-18,3.862201886962466e-18,4.248249127211101e-18,4.634264881590293e-18,5.020249151860975e-18,5.40620193978265e-18,5.792123247114284e-18,6.178013075614479e-18,6.563871427043692e-18,6.949698303159989e-18,7.335493705723105e-18,7.721257636492472e-18,8.10699009722648e-18,8.492691089684234e-18,8.878360615622534e-18,9.263998676802342e-18,9.649605274982277e-18,1.7298294529747286e-17,0.,0.,0.,0.,0.
1.36,1.1336110334100386e-18,1.5114206111809762e-18,1.889199380481281e-18,2.2669473430321244e-18,2.644664500554845e-18,3.0223508547714148e-18,3.4000064074026225e-18,3.777631160169478e-18,4.155225114795095e-18,4.532788272998102e-18,4.910320636500873e-18,5.287822207024386e-18,5.6652929862890865e-18,6.042732976015071e-18,6.420142177924248e-18,6.797520593736188e-18,7.174868225172087e-18,7.552185073952855e-18,7.929471141798384e-18,8.306726430429251e-18,8.68395094156379e-18,9.061144676924406e-18,9.438307638231202e-18,2.10444930344014e-17,5.9445090856717e-20,0.,0.,0.,0.
1.3699999999999999,1.1089681874318624e-18,1.4785648041785223e-18,1.8481312821802074e-18,2.2176676231206756e-18,2.5871738286838445e-18,2.956649900554255e-18,3.3260958404152885e-18,3.6955116499505426e-18,4.064897330845673e-18,4.434252884781948e-18,4.8035783134443015e-18,5.172873618516299e-18,5.5421388016809864e-18,5.911373864621067e-18,6.2805788090210186e-18,6.649753636563032e-18,7.018898348930889e-18,7.388012947808085e-18,7.757097434877126e-18,8.126151811821187e-18,8.495176080321252e-18,8.86417024206228e-18,9.233134298726981e-18,2.3469813977321128e-17,1.3600487846071786e-18,0.,0.,0.,0.
1.38,1.0850344570687115e-18,1.4466544466509506e-18,1.808244947942037e-18,2.169805962589388e-18,2.5313374922405823e-18,2.8928395385438025e-18,3.2543121031460994e-18,3.615755187694736e-18,3.977168793838988e-18,4.33855292322384e-18,4.699907577497858e-18,5.061232758308275e-18,5.422528467301814e-18,5.783794706124862e-18,6.145031476425542e-18,6.50623877984974e-18,6.8674166180448976e-18,7.228564992658181e-18,7.589683905335778e-18,7.950773357724542e-18,8.311833351469176e-18,8.672863888218273e-18,9.033864969618231e-18,2.413478380997298e-17,4.3441505058556566e-18,0.,0.,0.,0.
1.39,1.0617845180785072e-18,1.415655774299651e-18,1.7694981740998714e-18,2.123311719091285e-18,2.4770964108861636e-18,2.830852251097376e-18,3.1845792413366796e-18,3.5382773832160394e-18,3.89194667834939e-18,4.2455871283464684e-18,4.599198734820517e-18,4.952781499383471e-18,5.306335423646767e-18,5.659860509221514e-18,6.013356757720518e-18,6.366824170754399e-18,6.720262749935298e-18,7.073672496875082e-18,7.42705341318467e-18,7.780405500475623e-18,8.133728760357403e-18,8.487023194443279e-18,8.84028880434437e-18,2.3646069909993256e-17,8.407825926267625e-18,0.,0.,0.,0.
1.4,1.039194123781881e-18,1.3855364595185328e-18,1.731850552779855e-18,2.0781364051436647e-18,2.4243940181879333e-18,2.7706233934912113e-18,3.1168245326309654e-18,3.462997437184867e-18,3.8091421087325114e-18,4.155258548849385e-18,4.5013467591144095e-18,4.8474067411052246e-18,5.193438496398981e-18,5.53944202657251e-18,5.885417333204306e-18,6.231364417870719e-18,6.577283282149591e-18,6.923173927618498e-18,7.26903635585408e-18,7.614870568433613e-18,7.960676566932319e-18,8.306454352929139e-18,8.652203928000917e-18,2.314297909096435e-17,1.2414394552153292e-17,0.,0.,0.,0.
1.41,1.0172400519464866e-18,1.3562655405759498e-18,1.6952633833821603e-18,2.0342335819096023e-18,2.3731761377029106e-18,2.7120910523072868e-18,3.050978327266873e-18,3.3898379641260093e-18,3.728669964430921e-18,4.067474329723812e-18,4.406251061550246e-18,4.745000161454533e-18,5.083721630980506e-18,5.422415471671684e-18,5.761081685073214e-18,6.099720272728143e-18,6.4383312361809785e-18,6.776914576975973e-18,7.115470296656454e-18,7.453998396766378e-18,7.792498878847683e-18,8.130971744445965e-18,8.469416995104744e-18,2.2654059250271802e-17,1.6337823830488774e-17,0.,0.,0.,0.
1.42,9.959000546425932e-19,1.327813354758185e-18,1.659699589013722e-18,1.991558758921288e-18,2.323390865993113e-18,2.6551959117419846e-18,2.9869738976796503e-18,3.318724825318052e-18,3.650448696170978e-18,3.982145511748282e-18,4.313815273563099e-18,4.645457983127347e-18,4.9770736419524686e-18,5.308662251549606e-18,5.6402238134314886e-18,5.971758329108793e-18,6.3032658000936254e-18,6.634746227897843e-18,6.966199614032399e-18,7.297625960008858e-18,7.62902526733681e-18,7.960397537529427e-18,8.291742772097851e-18,2.2178814923824e-17,2.0134640087984387e-17,4.637893821797459e-20,0.,0.,0.
1.43,9.751528108842779e-19,1.3001514752269097e-18,1.6251236375632516e-18,1.9500692993738874e-18,2.2749884621395446e-18,2.5998811273414933e-18,2.9247472964599884e-18,3.2495869709754737e-18,3.5744001523702026e-18,3.899186842122571e-18,4.223947041714196e-18,4.5486807526254925e-18,4.873387976336424e-18,5.198068714326644e-18,5.522722968077369e-18,5.847350739067808e-18,6.171952028778566e-18,6.496526838689999e-18,6.821075170281584e-18,7.145597025033402e-18,7.470092404423588e-18,7.794561309933791e-18,8.119003743043676e-18,2.1716771290680238e-17,2.260512816210466e-17,1.3416361856984482e-18,0.,0.,0.
1.44,9.549778818833196e-19,1.273252651360106e-18,1.5915014671304075e-18,1.909724330644175e-18,2.2279212433515018e-18,2.5460922067030108e-18,2.864237222148334e-18,3.182356291137286e-18,3.500449415121452e-18,3.818516595548642e-18,4.136557833869821e-18,4.454573131534776e-18,4.772562489992848e-18,5.090525910693082e-18,5.40846339508605e-18,5.726374944620353e-18,6.044260560745966e-18,6.362120244912618e-18,6.679953998569182e-18,6.997761823165109e-18,7.315543720147962e-18,7.633299690968727e-18,7.951029737076462e-18,2.1267473176549568e-17,2.3240508409765787e-17,4.3972203813290186e-18,0.,0.,0.
1.45,9.353556687547605e-19,1.2470907523617548e-18,1.558800415540751e-18,1.8704846597119084e-18,2.1821434862955236e-18,2.493776896712414e-18,2.8053848923824252e-18,3.1169674747255816e-18,3.428524645163643e-18,3.7400564051146704e-18,4.051562755999817e-18,4.363043699239078e-18,4.6744992362520164e-18,4.985929368457901e-18,5.2973340972775e-18,5.6087134241296504e-18,5.920067350434533e-18,6.2313958776120896e-18,6.5426990070814206e-18,6.853976740262197e-18,7.165229078572236e-18,7.476456023432713e-18,7.78765757626291e-18,2.083048411188853e-17,2.2774938440124617e-17,8.481533222602816e-18,0.,0.,0.
1.46,9.162673725240422e-19,1.2216407139401545e-18,1.5269891536963434e-18,1.832312693183787e-18,2.1376113337937964e-18,2.4428850769181953e-18,2.7481339239478522e-18,3.0533578762738126e-18,3.3585569352888222e-18,3.6637311023820024e-18,3.968880378945503e-18,4.2740047663703446e-18,4.579104266047116e-18,4.884178879366125e-18,5.189228607719144e-18,5.494253452496054e-18,5.799253415088057e-18,6.104228496886115e-18,6.409178699280366e-18,6.714104023661513e-18,7.019004471418436e-18,7.323880043943312e-18,7.628730742626454e-18,2.04053854412552e-17,2.2310158264942444e-17,1.2495289538213037e-17,0.,0.,0.
1.47,8.976949562957615e-19,1.1968784878682935e-18,1.4960376225287593e-18,1.795172361640138e-18,2.09428270656554e-18,2.3933686586685765e-18,2.692430219311924e-18,2.9914673898584322e-18,3.290480171672615e-18,3.589468566115439e-18,3.8884325745508364e-18,4.187372198341626e-18,4.4862874388502156e-18,4.785178297438731e-18,5.0840447754707326e-18,5.3828868743079326e-18,5.681704595313328e-18,5.98049793984969e-18,6.2792669092789815e-18,6.5780115049637106e-18,6.8767317282646095e-18,7.175427580545636e-18,7.474099063168917e-18,1.999177548080281e-17,2.185793923167718e-17,1.6429073295626667e-17,0.,0.,0.
1.48,8.796211094535004e-19,1.172780994252208e-18,1.4659169733369453e-18,1.7590290480432482e-18,2.0521172197067826e-18,2.3451814896637064e-18,2.6382218592492587e-18,2.9312383297988508e-18,3.224230902649526e-18,3.517199579134848e-18,3.810144360591285e-18,4.103065248354225e-18,4.3959622437586395e-18,4.68883534813923e-18,4.981684562832107e-18,5.274509889171562e-18,5.567311328493155e-18,5.860088882132217e-18,6.152842551423287e-18,6.4455723377014454e-18,6.7382782423000266e-18,7.030960266555522e-18,7.323618411802646e-18,1.95892687210056e-17,2.1417859844809574e-17,2.010668384190094e-17,1.7888261326760174e-19,0.,0.
1.49,8.620292137688588e-19,1.1493260763448455e-18,1.4365995113068317e-18,1.7238495199636443e-18,2.011076103624237e-18,2.2982792635980434e-18,2.585459001193601e-18,2.8726153177196133e-18,3.1597482144863816e-18,3.446857692800801e-18,3.733943753972611e-18,4.0210063993104916e-18,4.3080456301227156e-18,4.5950614477172935e-18,4.88205385340361e-18,5.169022848489277e-18,5.455968434283142e-18,5.742890612093826e-18,6.0297893832291856e-18,6.3166647489975954e-18,6.603516710705724e-18,6.8903452696633365e-18,7.177150427178448e-18,1.919749507190292e-17,2.0989515467749026e-17,2.2151572224483328e-17,1.915771469696296e-18,0.,0.
1.5,8.449033113059207e-19,1.1264924577537348e-18,1.4080586420230881e-18,1.6896018653968051e-18,1.971122129157834e-18,2.2526194345895954e-18,2.534093782974628e-18,2.8155451755956375e-18,3.0969736137368914e-18,3.378379098679323e-18,3.6597616317066505e-18,3.941121214101551e-18,4.222457847146312e-18,4.503771532122954e-18,4.7850622703148504e-18,5.066330063003632e-18,5.347574911472141e-18,5.6287968170030104e-18,5.909995780878103e-18,6.191171804379806e-18,6.4723248887888255e-18,6.753455035388907e-18,7.034562245462079e-18,1.8816099148327752e-17,2.0572517541340712e-17,2.2328577656259513e-17,5.44829972385153e-18,0.,0.
1.51,8.2822807401484425e-19,1.1042597019007403e-18,1.3802688207958589e-18,1.6562554319577066e-18,1.932219536643911e-18,2.2081611361125632e-18,2.4840802316208896e-18,2.7599768244262782e-18,3.035850915787652e-18,3.3117025069606615e-18,3.5875315992036904e-18,3.863338193774102e-18,4.139122291928874e-18,4.414883894924725e-18,4.690623004019698e-18,4.9663396204701315e-18,5.24203374553355e-18,5.517705380467268e-18,5.793354526527855e-18,6.0689811849723815e-18,6.344585357056284e-18,6.6201670440379686e-18,6.895726247174161e-18,1.844473959275232e-17,2.0166492843501084e-17,2.1887894887227807e-17,9.52864739465449e-18,0.,0.
1.52,8.119887749152239e-19,1.08260817360142e-18,1.353205504636906e-18,1.6237807692545317e-18,1.894333968687266e-18,2.1648651041685326e-18,2.4353741769309066e-18,2.705861188207122e-18,2.9763261392314192e-18,3.246769031234827e-18,3.517189865451057e-18,3.787588643112818e-18,4.057965365452441e-18,4.328320033702006e-18,4.5986526490948884e-18,4.8689632128627935e-18,5.139251726238588e-18,5.4095181904549365e-18,5.6797626067437645e-18,5.949984976337501e-18,6.220185300466964e-18,6.490363580365888e-18,6.7605198172663554e-18,1.808308843353799e-17,1.9771082787562678e-17,2.145873282077946e-17,1.3529887214135345e-17,0.,0.
1.53,7.961712607763233e-19,1.0615190026401372e-18,1.3268451067303376e-18,1.5921495742557585e-18,1.8574324064253508e-18,2.122693604448511e-18,2.3879331695338035e-18,2.653151102889949e-18,2.918347405727145e-18,3.183522079252439e-18,3.4486751246755105e-18,3.713806543205056e-18,3.9789163360494e-18,4.244004504416622e-18,4.5090710495160715e-18,4.774115972555458e-18,5.039139274743634e-18,5.3041409572892496e-18,5.5691210214002376e-18,5.8340794682850156e-18,6.099016299150426e-18,6.363931515206169e-18,6.628825117660326e-18,1.7730830476520867e-17,1.9385942757066207e-17,2.1040717424161432e-17,1.7454585950069983e-17,0.,0.
1.54,7.807619262072738e-19,1.0409740492250436e-18,1.301164953253084e-18,1.5613346394768336e-18,1.821483109081843e-18,2.0816103632541037e-18,2.341716403178788e-18,2.6018012300412225e-18,2.861864845028183e-18,3.121907249323355e-18,3.381928444113006e-18,3.641928430582437e-18,3.90190720991659e-18,4.161864783300159e-18,4.42180115191909e-18,4.6817163169577175e-18,4.941610279601497e-18,5.201483041035687e-18,5.46133460244484e-18,5.721164965013987e-18,5.980974129926612e-18,6.240762098369001e-18,6.500528871525859e-18,1.7387662727997262e-17,1.9010741474883776e-17,2.063348914259097e-17,2.057929222248511e-17,7.2591878400754e-19,0.
1.55,7.657476890758903e-19,1.0209558712144888e-18,1.2761432424095657e-18,1.531309803823763e-18,1.786455556619835e-18,2.0415805019609633e-18,2.2966846410095317e-18,2.5517679749280718e-18,2.8068305048805373e-18,3.0618722320278507e-18,3.3168931575334674e-18,3.571893282559896e-18,3.82687260826929e-18,4.081831135823563e-18,4.336768866385853e-18,4.591685801117721e-18,4.846581941181828e-18,5.101457287740634e-18,5.356311841955919e-18,5.61114560498992e-18,5.865958578003366e-18,6.120750762159728e-18,6.375522158620929e-18,1.705329384729782e-17,1.8645160404692665e-17,2.0236702249639377e-17,2.1737175780114635e-17,3.3469591019633804e-18,0.
1.56,7.511159671799617e-19,1.0014476930133196e-18,1.2517590055536387e-18,1.502049905941345e-18,1.752320395316975e-18,2.0025704748214853e-18,2.2528001455950484e-18,2.5030094087779827e-18,2.7531982655120016e-18,3.0033667169358456e-18,3.2535147641907373e-18,3.503642408416975e-18,3.753749650754502e-18,4.003836492343034e-18,4.2539029343234834e-18,4.503948977835216e-18,4.7539746240186745e-18,5.003979874014113e-18,5.2539647289611026e-18,5.503929189999685e-18,5.7538732582684e-18,6.003796934908493e-18,6.253700221059683e-18,1.6727443627254276e-17,1.8288893182945417e-17,1.9850024230715458e-17,2.1410836815067824e-17,7.382802586291307e-18,0.
1.5699999999999998,7.368546560996602e-19,9.824333760439516e-19,1.2279920702789262e-18,1.4735307399233567e-18,1.7190493860961252e-18,1.9645480099165242e-18,2.2100266125030782e-18,2.4554851949744555e-18,2.70092375845069e-18,2.9463423040489024e-18,3.1917408328886478e-18,3.437119346088572e-18,3.682477844766976e-18,3.927816330041936e-18,4.173134803032701e-18,4.418433264857003e-18,4.663711716633635e-18,4.9089701594811964e-18,5.154208594517628e-18,5.399427022861317e-18,5.644625445629193e-18,5.88980386394083e-18,6.134962278914307e-18,1.6409842500969977e-17,1.794164507959908e-17,1.9473135197762802e-17,2.100431289911958e-17,1.1431606832591612e-17,0.
1.5799999999999998,7.229521081642331e-19,9.638973907030822e-19,1.204823025366128e-18,1.4457290132510353e-18,1.686615355455575e-18,1.9274820530779223e-18,2.1683291072154977e-18,2.4091565189658627e-18,2.649964289427919e-18,2.890752419697711e-18,3.13152091087367e-18,3.3722697640533354e-18,3.612998980333911e-18,3.853708560812373e-18,4.094398506586858e-18,4.335068818754008e-18,4.575719498411507e-18,4.816350546656847e-18,5.056961964586879e-18,5.2975537532988885e-18,5.538125913888731e-18,5.778678447454858e-18,6.019211355094254e-18,1.6100231073405497e-17,1.7603132485975987e-17,1.9105727333404628e-17,2.060801565852614e-17,1.5405072539722934e-17,0.
1.5899999999999999,7.093971124702953e-19,9.458247897204867e-19,1.182233187482863e-18,1.4186223068345062e-18,1.6549921488526062e-18,1.8913427146147463e-18,2.1276740051977724e-18,2.363986021678667e-18,2.6002787651357285e-18,2.836552236644449e-18,3.0728064372826667e-18,3.309041368127342e-18,3.545257030255105e-18,3.78145342474237e-18,4.017630552666675e-18,4.253788415104108e-18,4.489927013131769e-18,4.726046347826573e-18,4.962146420264804e-18,5.198227231523177e-18,5.434288782676999e-18,5.6703310748041275e-18,5.9063541089809736e-18,1.5798359676383667e-17,1.7273082428229957e-17,1.87475043628797e-17,2.0221625522364496e-17,1.9305552385616188e-17,0.
1.5999999999999999,6.961788758929401e-19,9.282011828415176e-19,1.1602045695380677e-18,1.392189037039604e-18,1.6241545864032453e-18,1.856101218686496e-18,2.0880289349461368e-18,2.319937736239082e-18,2.551827623623539e-18,2.783698598154961e-18,3.015550660891101e-18,3.2473838128888534e-18,3.479198055204788e-18,3.710993388895259e-18,3.942769815017731e-18,4.174527334628239e-18,4.406265948783811e-18,4.637985658541301e-18,4.869686464956936e-18,5.101368369087365e-18,5.333031371987864e-18,5.5646754747162035e-18,5.796300678328741e-18,1.5503987945704642e-17,1.6951232104986558e-17,1.8398181052215794e-17,1.9844834828640766e-17,2.3135311365249788e-17,0.
1.6099999999999999,6.832870050345238e-19,9.110127127597821e-19,1.1387198505990668e-18,1.3664084195898188e-18,1.5940784207695795e-18,1.821729855176272e-18,2.0493627238471064e-18,2.2769770278194255e-18,2.5045727681318408e-18,2.7321499458202605e-18,2.9597085619228484e-18,3.1872486174769307e-18,3.4147701135195087e-18,3.642273051087377e-18,3.869757431218417e-18,4.0972232549491075e-18,4.324670523316904e-18,4.5520992373590885e-18,4.779509398112326e-18,5.0069010066137045e-18,5.234274063898956e-18,5.4616285710062585e-18,5.688964528972415e-18,1.5216884419143166e-17,1.6637328447814783e-17,1.805748273118342e-17,1.9477347309733656e-17,2.689653057922692e-17,0.
1.6199999999999999,6.707114890593411e-19,8.94246032230966e-19,1.117762347285005e-18,1.3412604352398048e-18,1.5647402971138118e-18,1.788201933925846e-18,2.0116453466940292e-18,2.2350705364366123e-18,2.458477504173091e-18,2.681866250920308e-18,2.905236777697323e-18,3.1285890855223667e-18,3.3519231754133586e-18,3.575239048388008e-18,3.798536705465099e-18,4.02181614766203e-18,4.245077375997166e-18,4.468320391488698e-18,4.691545195154212e-18,4.914751788011709e-18,5.137940171077853e-18,5.361110345371725e-18,5.5842623119110395e-18,1.4936826154174727e-17,1.633112770326925e-17,1.772514483966138e-17,1.911887760309059e-17,3.059131083641311e-17,0.
1.63,6.584426833655907e-19,8.778882823029962e-19,1.0973159865556499e-18,1.3167257971232714e-18,1.5361177150056764e-18,1.7554917412030498e-18,1.9748478767148877e-18,2.1941861225408165e-18,2.4135064796816827e-18,2.6328089491357293e-18,2.8520935319033744e-18,3.0713602289842222e-18,3.2906090413775736e-18,3.509839970082522e-18,3.729053016099213e-18,3.948248180426439e-18,4.167425464063932e-18,4.386584868011259e-18,4.605726393267397e-18,4.824850040831719e-18,5.043955811702296e-18,5.263043706879567e-18,5.482113727362626e-18,1.4663598364348266e-17,1.6032395035319517e-17,1.7400912496129613e-17,1.8769150785791115e-17,3.4221676080859136e-17,0.
1.64,6.46471294048957e-19,8.619270716016472e-19,1.0773652798194499e-18,1.2927859196839087e-18,1.5081889921766613e-18,1.7235744982797073e-18,1.9389424389743727e-18,2.1542928152421066e-18,2.36962562806556e-18,2.5849408784248268e-18,2.8002385673021342e-18,3.0155186956789155e-18,3.2307812645363007e-18,3.4460262748552182e-18,3.6612537276176316e-18,3.8764636238041704e-18,4.0916559643963934e-18,4.3068307503756935e-18,4.521987982722884e-18,4.737127662419168e-18,4.95224979044447e-18,5.16735436778104e-18,5.3824413954098095e-18,1.4396994073288214e-17,1.5740904147054446e-17,1.7084540087082467e-17,1.842790193167552e-17,3.769979435178471e-17,8.978230077158512e-20
1.65,6.347883631148916e-19,8.463504566143762e-19,1.0578952982893226e-18,1.269422889103535e-18,1.4809332300209126e-18,1.6924263220057068e-18,1.903902166021509e-18,2.1153607630320344e-18,2.326802114002173e-18,2.5382262198943076e-18,2.749633081672915e-18,2.9610227003016917e-18,3.172395076744037e-18,3.3837502119631518e-18,3.595088106923254e-18,3.8064087625872526e-18,4.017712179918966e-18,4.228998359882052e-18,4.440267303439598e-18,4.651519011555076e-18,4.862753485190702e-18,5.073970725310975e-18,5.285170732879097e-18,1.4136813785370216e-17,1.5456436920616615e-17,1.6775790876228038e-17,1.8094875689815516e-17,3.957333114681272e-17,1.7235612442675784e-18
1.66,6.233852543992524e-19,8.311469229185988e-19,1.0388916495189473e-18,1.246619435146789e-18,1.4543302807487075e-18,1.6620241872716338e-18,1.8697011556618484e-18,2.077361186865755e-18,2.2850042818309116e-18,2.4926304415024116e-18,2.700239666827408e-18,2.9078319587522835e-18,3.115407318223133e-18,3.322965746185855e-18,3.5305072435873456e-18,3.738031811373217e-18,3.9455394504899736e-18,4.153030161883962e-18,4.360503946500971e-18,4.567960805287162e-18,4.77540073918747e-18,4.982823749149064e-18,5.190229836117846e-18,1.388286517217211e-17,1.517878307438454e-17,1.647443663240767e-17,1.7769825883176894e-17,3.9424762474304336e-17,5.3206731162467485e-18
1.67,6.122536401593491e-19,8.163053673037995e-19,1.020340455056309e-18,1.2243589043464687e-18,1.4283607161039584e-18,1.6323458912588003e-18,1.836314430740378e-18,2.040266335478194e-18,2.2442016064028874e-18,2.448120244442676e-18,2.6520222505277978e-18,2.855907625587737e-18,3.059776370551695e-18,3.263628486348678e-18,3.467463973908676e-18,3.671282834160413e-18,3.8750850680334944e-18,4.078870676457369e-18,4.282639660360932e-18,4.486392020673455e-18,4.690127758322995e-18,4.8938468742398094e-18,5.097549369352911e-18,1.3634962773854819e-17,1.4907739836478553e-17,1.6180257275232434e-17,1.745251512639232e-17,3.872076563724939e-17,9.41618817664371e-18
1.68,6.013854882996997e-19,8.018150807398917e-19,1.0022283291550085e-18,1.2026252344581396e-18,1.4030057975624615e-18,1.603370019381488e-18,1.8037179008281055e-18,2.0040494428153166e-18,2.2043646462572404e-18,2.4046635120656165e-18,2.6049460411541726e-18,2.805212234435893e-18,3.0054620928234835e-18,3.2056956172294626e-18,3.4059128085673074e-18,3.606113667749259e-18,3.806298195688421e-18,4.006466393297741e-18,4.206618261489631e-18,4.406753801176861e-18,4.606873013271018e-18,4.8069758986858445e-18,5.0070624583338645e-18,1.3392927714678442e-17,1.4643111633721237e-17,1.589304053749339e-17,1.7142714461626826e-17,3.803343095524081e-17,1.3439701618639546e-17
1.69,5.907730501988958e-19,7.876657321470261e-19,9.845423584873409e-19,1.1814029301168156e-18,1.3782474479325138e-18,1.5750759128318287e-18,1.771888325711536e-18,1.968684687468528e-18,2.1654649990007912e-18,2.3622292612039792e-18,2.558977474975692e-18,2.755709641212805e-18,2.9524257608119164e-18,3.149125834669442e-18,3.3458098636827402e-18,3.542477848747953e-18,3.739129790762072e-18,3.935765690621934e-18,4.132385549223845e-18,4.328989367464477e-18,4.525577146239325e-18,4.722148886446007e-18,4.918704588980944e-18,1.315658743190505e-17,1.4384709795234264e-17,1.5612581643457584e-17,1.684020301157816e-17,3.736226838210512e-17,1.7393329505922073e-17
1.7,5.804088491059396e-19,7.738473529246601e-19,9.672700828064163e-19,1.1606770396324481e-18,1.3540682242840808e-18,1.5474436376429644e-18,1.7408032805901423e-18,1.934147154006773e-18,2.1274752587750886e-18,2.320787595775028e-18,2.5140841658884474e-18,2.707364969996486e-18,2.9006300089800125e-18,3.093879283719717e-18,3.287112795097216e-18,3.480330543992929e-18,3.6735325312881094e-18,3.8667187578638625e-18,4.059889224600773e-18,4.253043932379777e-18,4.4461828820806606e-18,4.639306074585296e-18,4.832413510774377e-18,1.2925775417383711e-17,1.4132352269901264e-17,1.5338683002213686e-17,1.6544767648710062e-17,3.670680506557304e-17,2.127911364837415e-17
1.71,5.702856690762614e-19,7.603503222001743e-19,9.50399476507676e-19,1.1404331328646365e-18,1.33045129213701e-18,1.5204539551910678e-18,1.7104411228924881e-18,1.9004127961070597e-18,2.090368975701628e-18,2.2803096625407844e-18,2.470234857491003e-18,2.6601445614180558e-18,2.8500387751874484e-18,3.039917499664509e-18,3.2297807357154775e-18,3.4196284842054187e-18,3.609460746000215e-18,3.799277521965606e-18,3.9890788129668125e-18,4.178864619869411e-18,4.368634943537841e-18,4.558389784838593e-18,4.7481291446370005e-18,1.2700330971154255e-17,1.388586335697132e-17,1.5071153915279948e-17,1.625620267986942e-17,3.6066584647559965e-17,2.5099024623899547e-17
1.72,5.60396544419336e-19,7.471653527595948e-19,9.339189310430061e-19,1.120657280120425e-18,1.3073804008427894e-18,1.4940882940613492e-18,1.680780960626771e-18,1.8674584013898297e-18,2.0541206172023394e-18,2.2407676089139e-18,2.4273993773759585e-18,2.6140159234392754e-18,2.8006172479543477e-18,2.987203351771497e-18,3.1737742357419434e-18,3.36032990071575e-18,3.546870347543785e-18,3.7333955770767745e-18,3.919905590164937e-18,4.106400387658838e-18,4.292879970407928e-18,4.479344339263674e-18,4.6657934950764e-18,1.2480098966444419e-17,1.3645073449119436e-17,1.48098102977324e-17,1.5974309545486666e-17,3.54411665968013e-17,2.8854964660507364e-17
1.73,5.507347496314462e-19,7.342834776251495e-19,9.1781723814336e-19,1.1013360320222635e-18,1.2848398600981266e-18,1.4683287232075228e-18,1.6518026221864527e-18,1.8352615578710225e-18,2.0187055310983613e-18,2.202134542703419e-18,2.385548593522965e-18,2.5689476843930898e-18,2.7523318161496283e-18,2.9357009896282425e-18,3.119055205665475e-18,3.3023944650967328e-18,3.485718768758217e-18,3.669028117485983e-18,3.8523225121155905e-18,4.035601953482945e-18,4.218866442422846e-18,4.402115979772082e-18,4.58535056636632e-18,1.2264929625471264e-17,1.3409818787319765e-17,1.455447441215421e-17,1.56988965326055e-17,3.483012557217021e-17,3.254877038590344e-17
1.74,5.412937897886345e-19,7.216960372463857e-19,9.020835738083051e-19,1.0824564002962435e-18,1.262814517532131e-18,1.4431579263382025e-18,1.6234866275361255e-18,1.8038006219476744e-18,1.9840999103956264e-18,2.16438449370062e-18,2.3446543726850796e-18,2.5249095481707634e-18,2.705150020979176e-18,2.8853757919316556e-18,3.0655868618504053e-18,3.2457832315565108e-18,3.425964901871836e-18,3.6061318736181076e-18,3.786284147616562e-18,3.966421724688771e-18,4.146544605655229e-18,4.326652791338376e-18,4.5067462825595546e-18,1.2054678305491047e-17,1.3179941226923969e-17,1.43049746147466e-17,1.542977850103047e-17,3.4233050815098866e-17,3.618221545137546e-17
1.75,5.320673913763231e-19,7.09394667273489e-19,8.867074830232856e-19,1.0640058394335564e-18,1.2412897373122219e-18,1.4185591774675001e-18,1.5958141607070548e-18,1.7730546878386523e-18,1.9502807596710458e-18,2.1274923770108855e-18,2.3046895406665788e-18,2.4818722514458745e-18,2.6590405101562784e-18,2.836194317605125e-18,3.0133336746006058e-18,3.1904585819498086e-18,3.3675690404605913e-18,3.544665050940672e-18,3.721746614197289e-18,3.8988137310380104e-18,4.075866402269348e-18,4.25290462869972e-18,4.42992841113647e-18,1.1849205294573748e-17,1.2955288014371992e-17,1.406114511297975e-17,1.5166776621921872e-17,3.3649545569615935e-17,3.975701303643653e-17
1.76,5.2304949353338855e-19,6.973712868831836e-19,8.716788651675938e-19,1.0459722291807693e-18,1.2202513797169381e-18,1.3945163175706201e-18,1.5687670435357899e-18,1.7430035584065227e-18,1.917225862977865e-18,2.091433958042795e-18,2.2656278443960185e-18,2.4398075228315945e-18,2.6139729941433412e-18,2.7881242591249116e-18,2.9622613185707967e-18,3.1363841732744086e-18,3.3104928240299093e-18,3.48458727163133e-18,3.658667516872227e-18,3.83273356054648e-18,4.00678540344693e-18,4.180823046368296e-18,4.354846490104237e-18,1.1648375616607539e-17,1.2735711573994405e-17,1.3822825734196684e-17,1.490971812820493e-17,3.3079226528595526e-17,4.327481824026795e-17
1.77,5.142342396897448e-19,6.856180876292945e-19,8.56987960078129e-19,1.0283438578170147e-18,1.1996857816267939e-18,1.3710137322885956e-18,1.542327710583013e-18,1.7136277172907394e-18,1.884913753193421e-18,2.0561858190706713e-18,2.2274439157038027e-18,2.3986880438734925e-18,2.5699182043601785e-18,2.7411343979441396e-18,2.912336625406475e-18,3.0835248875272254e-18,3.2546991850871707e-18,3.4258595188669557e-18,3.597005889646766e-18,3.7681382982071e-18,3.939256745327436e-18,4.1103612317891e-18,4.281451758372376e-18,1.1452058845066779e-17,1.2521069304396214e-17,1.3589861704616535e-17,1.4658436076195998e-17,3.2521723304892766e-17,4.6737230365660876e-17
1.78,5.056159695776485e-19,6.741275227915794e-19,8.426253347359819e-19,1.0111094061785373e-18,1.179579737887001e-18,1.3480363306294116e-18,1.516479185173279e-18,1.6849083022862135e-18,1.853323682736761e-18,2.0217253272914696e-18,2.190113236718555e-18,2.3584874117856136e-18,2.526847853260002e-18,2.695194561908923e-18,2.8635275385003852e-18,3.031846783801355e-18,3.2001522985795263e-18,3.3684440836024636e-18,3.536722139637275e-18,3.704986467451378e-18,3.873237067811189e-18,4.041473941484938e-18,4.209697089239832e-18,1.1260128925102767e-17,1.231122338394045e-17,1.3362103438214278e-17,1.4412769117881875e-17,3.197667792611455e-17,5.014579510092204e-17
1.79,4.971892115980386e-19,6.62892297197926e-19,8.285818705446923e-19,9.942579323932236e-19,1.1599204834984806e-18,1.3255695246157006e-18,1.4912050564996027e-18,1.6568270799050028e-18,1.8224355955876395e-18,1.9880306043012833e-18,2.1536121068013498e-18,2.31918010384264e-18,2.4847345961797216e-18,2.6502755845670108e-18,2.8158030697597173e-18,2.9813170525120248e-18,3.146817533578832e-18,3.3123045137149113e-18,3.477777993674586e-18,3.6432379742124836e-18,3.8086844560822455e-18,3.974117440039303e-18,4.13953692683807e-18,1.1072464003541236e-17,1.2106040584876487e-17,1.3139406334983141e-17,1.417256128331953e-17,3.1443744351843965e-17,5.3502006604791736e-17
1.8,4.889486755242596e-19,6.519053574963742e-19,8.148487511707684e-19,9.777788572898177e-19,1.1406956765959683e-18,1.3035992098319416e-18,1.4664894577399467e-18,1.6293664210622897e-18,1.7922301005421828e-18,1.9550804969209037e-18,2.1179176109413483e-18,2.2807414433458046e-18,2.4435519948763378e-18,2.6063492662748576e-18,2.7691332582840565e-18,2.93190397164562e-18,3.0946614071019338e-18,3.2574055653952603e-18,3.4201364472674206e-18,3.582854053460535e-18,3.745558384715755e-18,3.908249441775988e-18,4.070927225383148e-18,1.0888946266393379e-17,1.1905392095683282e-17,1.2921630588113141e-17,1.3937661772653038e-17,3.092258801220171e-17,5.680730949920971e-17
1.81,4.80889245526488e-19,6.411598828547242e-19,8.014174509186697e-19,9.616619504484625e-19,1.1218933821743124e-18,1.2821117468266972e-18,1.442317045135592e-18,1.6025092778310684e-18,1.7626884456440868e-18,1.9228545493037074e-18,2.083007589540579e-18,2.2431475670847575e-18,2.4032744826660738e-18,2.5633883370142087e-18,2.7234891308596144e-18,2.88357686493175e-18,3.043651539960764e-18,3.2037131566766855e-18,3.3637617158091055e-18,3.523797218087914e-18,3.683819664242045e-18,3.84382905500216e-18,4.003825391097944e-18,1.0709461783508956e-17,1.1709153351221395e-17,1.2708640999644987e-17,1.3707924757272289e-17,3.041288536668978e-17,6.006310077451496e-17
1.8199999999999998,4.730059735010841e-19,6.306492760666973e-19,7.882797236139535e-19,9.458973168610224e-19,1.1035020565261424e-18,1.2610939433278166e-18,1.4186729779840547e-18,1.5762391612129585e-18,1.7337924937335066e-18,1.8913329762628077e-18,2.0488606095195327e-18,2.2063753942217684e-18,2.363877331087385e-18,2.5213664208340985e-18,2.678842664180387e-18,2.8363060618437524e-18,2.993756614542374e-18,3.1511943229943114e-18,3.3086191879171984e-18,3.466031210028958e-18,3.623430390046575e-18,3.780816728688732e-18,3.938190226673155e-18,1.0533900360020191e-17,1.1517203870309659e-17,1.2500306804182334e-17,1.348320918966371e-17,2.9914323482319595e-17,6.32707316113263e-17
1.8299999999999998,4.652940726899614e-19,6.203671550447699e-19,7.754275919697511e-19,9.304753841713655e-19,1.0855105323561415e-18,1.2405330372308676e-18,1.395542899501847e-18,1.5505401198754735e-18,1.7055246990590037e-18,1.8604966377578547e-18,2.0154559366789788e-18,2.1704025965287586e-18,2.3253366180133547e-18,2.480258001838787e-18,2.6351667487118157e-18,2.7900628593382454e-18,2.944946334424547e-18,3.099817174677073e-18,3.2546753808017557e-18,3.4095209535048136e-18,3.5643538934915414e-18,3.719174201468907e-18,3.87398187814293e-18,1.0362155394244324e-17,1.1329427100363426e-17,1.2296501500268482e-17,1.3263378621528052e-17,2.9426599630081705e-17,6.643150912326002e-17
1.8399999999999999,4.577489115758628e-19,6.103073446808696e-19,7.628533374130469e-19,9.153868904673984e-19,1.0679080045389957e-18,1.2204166803231664e-18,1.372912918514761e-18,1.5253967198087168e-18,1.677868084900823e-18,1.8303270144850567e-18,1.9827735092569085e-18,2.1352075699113034e-18,2.2876291971429517e-18,2.440038391646426e-18,2.5924351541170257e-18,2.744819485249109e-18,2.897191385737691e-18,3.0495508562776697e-18,3.201897897563531e-18,3.354232510290041e-18,3.506554695151058e-18,3.658864452842084e-18,3.811161784057692e-18,1.0194123741730677e-17,1.1145710268750924e-17,1.2097102689054518e-17,1.3048301029762974e-17,2.894942089886457e-17,6.954669802423822e-17
1.8499999999999999,4.503660080401926e-19,6.00463869057131e-19,7.505494903485167e-19,9.006228725981435e-19,1.0506840164898733e-18,1.2007329227078185e-18,1.3507695919356212e-18,1.5007940248570125e-18,1.6508062221565582e-18,1.800806184517043e-18,1.95079391262274e-18,2.1007694071573637e-18,2.2507326688044245e-18,2.400683698247288e-18,2.5506224961700406e-18,2.7005490632558416e-18,2.8504634001884974e-18,3.0003655076516967e-18,3.1502553863287253e-18,3.3001330369031423e-18,3.449998460057616e-18,3.59985165647643e-18,3.749692626842956e-18,1.0029705585154872e-17,1.0965944240542507e-17,1.1901991919906169e-17,1.2837848649929928e-17,2.84825038259784e-17,7.26175222241333e-17
1.8599999999999999,4.431410237707701e-19,5.908309439898664e-19,7.385088208388693e-19,8.86174654990604e-19,1.0338284471179606e-18,1.1814701978940766e-18,1.3290999079916277e-18,1.4767175780833758e-18,1.6243232088429042e-18,1.771916800942044e-18,1.9194983550540906e-18,2.067067871851792e-18,2.2146253520076916e-18,2.3621707961941924e-18,2.5097042050844068e-18,2.6572255793505338e-18,2.8047349196654103e-18,2.9522322267017574e-18,3.0997175011318984e-18,3.247190743628427e-18,3.3946519548630604e-18,3.5421011355091035e-18,3.6895382862389655e-18,9.868804309778836e-18,1.0790023382345296e-17,1.1711054542615387e-17,1.2631897816845094e-17,2.8025574043484494e-17,7.564516635611797e-17
1.8699999999999999,4.360697589075429e-19,5.81402969890804e-19,7.26724329681755e-19,8.72033838942485e-19,1.017331498335147e-18,1.162617308522137e-18,1.307891270165396e-18,1.4531533839269516e-18,1.5984036504696386e-18,1.7436420704545665e-18,1.888868644544288e-18,2.0340833734008157e-18,2.17928625768596e-18,2.3244772980613955e-18,2.469656495189493e-18,2.6148238497317266e-18,2.7599793623501938e-18,2.905123033706884e-18,3.0502548644633903e-18,3.1953748552815747e-18,3.340483006822435e-18,3.485579319748532e-18,3.630663794721545e-18,9.711326384210149e-18,1.0617845431931825e-17,1.1524179565900589e-17,1.2430328811953463e-17,2.757836593957404e-17,7.863077723906196e-17
1.88,4.2914814691492413e-19,5.721745249304788e-19,7.151892398643489e-19,8.581922923681136e-19,1.0011836830934154e-18,1.1441634126921365e-18,1.2871314818157122e-18,1.4300878911156602e-18,1.5730326412442951e-18,1.7159657328522334e-18,1.8588871665915104e-18,2.001796943113631e-18,2.1446950630699012e-18,2.2875815271114925e-18,2.4304563358902625e-18,2.5733194900571853e-18,2.716170990263851e-18,2.8590108371617384e-18,3.0018390314019414e-18,3.1446555736358164e-18,3.2874604645138672e-18,3.4302537046881416e-18,3.573035294809815e-18,9.557181246208416e-18,1.0449311373386814e-17,1.1341259521896017e-17,1.2233025717162947e-17,2.7140622334279313e-17,8.157546527798894e-17
1.89,4.223722496700223e-19,5.631403584894713e-19,7.03896988377729e-19,8.446421399760869e-19,9.853758139258988e-19,1.1260980108687543e-18,1.2668087314458022e-18,1.4075079762982744e-18,1.548195746068185e-18,1.6888720413958788e-18,1.8295368629230954e-18,1.970190211291053e-18,2.1108320871407735e-18,2.251462491113148e-18,2.3920814238497407e-18,2.5326888859912493e-18,2.6732848781789732e-18,2.8138694010541072e-18,2.954442455257463e-18,3.0950040414301135e-18,3.2355541602122927e-18,3.3760928122457513e-18,3.516619998171382e-18,9.406281193299536e-18,1.0284325317510664e-17,1.116219033634652e-17,1.2039876274832557e-17,2.671209416883854e-17,8.448030580559382e-17
1.9,4.1573825275659455e-19,5.542953848839268e-19,6.928412183740959e-19,8.313757538583201e-19,9.698989919678805e-19,1.1084109333342886e-18,1.2469115785886243e-18,1.3854009283620463e-18,1.523878983286487e-18,1.6623457439922316e-18,1.800801211110941e-18,1.9392453852737628e-18,2.07767826711165e-18,2.216099857255427e-18,2.354510156336583e-18,2.49290916498575e-18,2.6312968838341576e-18,2.7696733135129267e-18,2.908038454652807e-18,3.046392307884801e-18,3.184734873839086e-18,3.3230661531473342e-18,3.4613861464403735e-18,9.258541277971452e-18,1.0122794387232092e-17,1.0986871204239082e-17,1.1850771753624806e-17,2.6292540208071206e-17,8.73463403675831e-17
1.91,4.092424609550726e-19,5.456346773525021e-19,6.820157716507558e-19,8.183857444711904e-19,9.547445964352226e-19,1.0910923281644978e-18,1.2274289402802339e-18,1.3637544334037294e-18,1.5000688081570416e-18,1.6363720651606091e-18,1.772664205036222e-18,1.908945228405167e-18,2.045215135888539e-18,2.181473928107305e-18,2.317721605683088e-18,2.453958169236667e-18,2.5901836193894067e-18,2.7263979567625694e-18,2.862601181977049e-18,2.9987932956539875e-18,3.1349742984137185e-18,3.2711441908780412e-18,3.4073029736679293e-18,9.1138792072365e-18,9.964628607794967e-18,1.0815204470616042e-17,1.1665606819947235e-17,2.5881726755153824e-17,9.017457795442672e-17
1.92,4.028812939195255e-19,5.371534622925448e-19,6.714146814456408e-19,8.056649519905115e-19,9.399042745389149e-19,1.074132649702833e-18,1.2083500780938286e-18,1.3425565603235424e-18,1.4767520970043622e-18,1.6109366887470835e-18,1.745110336163831e-18,1.8792730398662335e-18,2.013424800465733e-18,2.1475656185736437e-18,2.281695494801927e-18,2.415814429761711e-18,2.5499224240647046e-18,2.684019478322511e-18,2.8181055931463746e-18,2.9521807691477805e-18,3.0862450069374217e-18,3.220298307127432e-18,3.354340670329132e-18,8.972215246356849e-18,9.809740801496847e-18,1.0647095516328582e-17,1.1484279414722661e-17,2.5479427378217966e-17,9.296599618209435e-17
1.93,3.9665128203288434e-19,5.288471137339507e-19,6.610321655299049e-19,7.932064380229863e-19,9.253699318154924e-19,1.057522647509942e-18,1.1896645857084415e-18,1.3217957470131722e-18,1.453916132027053e-18,1.586025741351434e-18,1.718124575588974e-18,1.8502126353418445e-18,1.982289921212031e-18,2.1143564338013972e-18,2.2464121737124374e-18,2.378457141546834e-18,2.510491337906832e-18,2.6425147633945813e-18,2.774527418611871e-18,2.9065293041607325e-18,3.0385204206424134e-18,3.170500768659583e-18,3.3024703488141104e-18,8.833472126539848e-18,9.658046486768e-18,1.0482452648501168e-17,1.1306690635240829e-17,2.5085422648222203e-17,9.572154242406509e-17
1.94,3.9054906243220215e-19,5.207111480397216e-19,6.508626195838929e-19,7.8100347765769015e-19,9.111337228541451e-19,1.0412533557665073e-18,1.171362376987619e-18,1.3014607871103992e-18,1.43154858672849e-18,1.5616257764339905e-18,1.6916923568202882e-18,1.8217483284802906e-18,1.9517936920067213e-18,2.0818284479921846e-18,2.2118525970299085e-18,2.3418661397123144e-18,2.4718690766323866e-18,2.6018614083830075e-18,2.7318431355567114e-18,2.8618142587462654e-18,2.991774778543669e-18,3.1217246955423194e-18,3.251664010334824e-18,8.697574956420069e-18,9.509463781390611e-18,1.0321186995489602e-17,1.1132744621856973e-17,2.4699499887577534e-17,9.844213489694785e-17
1.95,3.8457137519614043e-19,5.127412188228197e-19,6.40900610843463e-19,7.690495518419687e-19,8.971880424022911e-19,1.0253160831086004e-18,1.1534336745446648e-18,1.2815408172943275e-18,1.4096375119421448e-18,1.5377237590711528e-18,1.6657995592656577e-18,1.7938649131094907e-18,1.921919821186305e-18,2.0499642840796327e-18,2.1779983023736233e-18,2.3060218766516303e-18,2.434035007497561e-18,2.5620376954952258e-18,2.690029941228085e-18,2.8180117452798384e-18,2.945983108233421e-18,3.0739440306731484e-18,3.2018945131825574e-18,8.56445113715419e-18,9.363913309668055e-18,1.0163212406126314e-17,1.0962348449314728e-17,2.4321452929032573e-17,1.0112866370172281e-16
1.96,3.7871505968727433e-19,5.049331120694363e-19,6.311408720043201e-19,7.573383400669332e-19,8.835255168323371e-19,1.009702402875806e-18,1.1358689987722177e-18,1.2620253050965254e-18,1.3881713224243843e-18,1.5143070513299507e-18,1.6404324923886335e-18,1.766547646175373e-18,1.8926525132649342e-18,2.018747094231964e-18,2.1448313896517153e-18,2.2709054000986584e-18,2.39696912614781e-18,2.5230225683740877e-18,2.6490657273520694e-18,2.775098603656565e-18,2.901121197861632e-18,3.0271335105426885e-18,3.1531355422743867e-18,8.434030280963684e-18,9.22131811336381e-18,1.000844535305706e-17,1.0795412022482199e-17,2.3951081884349893e-17,1.0378199182277697e-16
1.97,3.729770510421769e-19,4.972827414592924e-19,6.215782953726289e-19,7.458637133484809e-19,8.701389959531978e-19,9.944041437533372e-19,1.1186591573150678e-18,1.2429040372046302e-18,1.3671387839889578e-18,1.4913633982335088e-18,1.6155778805049723e-18,1.73978223136958e-18,1.8639764513933856e-18,1.9881605411423314e-18,2.112334501182953e-18,2.2364983320810193e-18,2.360652034402832e-18,2.4847956087145988e-18,2.6089290555821927e-18,2.7330523755717143e-18,2.857165569248523e-18,2.9812686371793184e-18,3.105361579930046e-18,8.306244132968551e-18,9.081603566238678e-18,9.856804839983065e-18,1.0631847976300505e-17,2.3588192922328365e-17,1.0640295608650773e-16
1.98,3.6735437680259936e-19,4.897861438740604e-19,6.122079272507655e-19,7.346197274904717e-19,8.570215451509908e-19,9.794133807903396e-19,1.1017952349661514e-18,1.2241671082361311e-18,1.3465290011586655e-18,1.4688809142906873e-18,1.5912228481903444e-18,1.7135548034153313e-18,1.83587678052317e-18,1.9581887800712685e-18,2.0804908026176238e-18,2.202782848719475e-18,2.3250649189345874e-18,2.447337013820632e-18,2.5695991339349526e-18,2.691851279835114e-18,2.814093452077954e-18,2.936325651221629e-18,3.058547877823553e-18,8.181026496163321e-18,8.944697292023506e-18,9.708212312631965e-18,1.0471571579754354e-17,2.323259805574885e-17,1.0899236808145642e-16
1.99,3.6184415368139935e-19,4.824394750854416e-19,6.030249625476342e-19,7.236006166173686e-19,8.441664378440889e-19,9.647224267774423e-19,1.0852685839666976e-18,1.2058049099611943e-18,1.3263314053109429e-18,1.446848070564524e-18,1.5673549062717115e-18,1.6878519129818352e-18,1.8083390912440547e-18,1.9288164416074178e-18,2.0492839646215494e-18,2.1697416608353324e-18,2.2901895307981644e-18,2.410627575059353e-18,2.5310557941678795e-18,2.6514741886729482e-18,2.7718827591230425e-18,2.892281506067948e-18,3.0126704300567155e-18,8.058313159393872e-18,8.810529085672917e-18,9.562591573289781e-18,1.0314500643683628e-17,2.2884114936841784e-17,1.1155101504157674e-16
2.,3.564435844571852e-19,4.752390056148568e-19,5.940247396034903e-19,7.128007869642769e-19,8.31567148238461e-19,9.503238239674852e-19,1.0690708146924211e-18,1.1878081209544093e-18,1.306535743295251e-18,1.4252536822553392e-18,1.5439619383762425e-18,1.6626605121990918e-18,1.7813494042648505e-18,1.9000286151143715e-18,2.0186981452890775e-18,2.137357995329657e-18,2.2560081657773097e-18,2.3746486571731447e-18,2.4932794700579497e-18,2.61190060497273e-18,2.730512062457785e-18,2.8491138430546945e-18,2.9677059473043143e-18,7.93804182820077e-18,8.679030837753113e-18,9.41986869873448e-18,1.0160555432264065e-17,2.2542566660895048e-17,1.1393498352167193e-16
2.0100000000000002,3.511499549919372e-19,4.681811167571037e-19,5.852027352197111e-19,7.022148109129134e-19,8.192173443699163e-19,9.362103361241219e-19,1.0531937867085659e-18,1.1701676966563525e-18,1.2871320665012365e-18,1.4040868967755848e-18,1.521032188012924e-18,1.6379679407463475e-18,1.7548941555087855e-18,1.8718108328330583e-18,1.988717973252548e-18,2.1056155772999134e-18,2.2225036455083154e-18,2.3393821784108288e-18,2.456251176540208e-18,2.5731106404294254e-18,2.6899605706107562e-18,2.8068009676177358e-18,2.923631831983188e-18,7.82015205840136e-18,8.550136461824055e-18,9.279971961419582e-18,1.0009658577993489e-17,2.220778157763943e-17,1.1433106747780274e-16
2.02,3.4596063136615925e-19,4.612622967607106e-19,5.765545598844322e-19,6.918374212625992e-19,8.071108814205376e-19,9.223749408837669e-19,1.0376296001774446e-18,1.1528748598267976e-18,1.268110720357693e-18,1.3833371822946299e-18,1.4985542461632502e-18,1.6137619124887698e-18,1.7289601817962426e-18,1.844149054610615e-18,1.9593285314573867e-18,2.074498612861345e-18,2.189659299347773e-18,2.304810591441865e-18,2.4199524896685043e-18,2.5350849945527857e-18,2.65020810661912e-18,2.7653218263931564e-18,2.8804261543998447e-18,7.704585192289218e-18,8.423781824683384e-18,9.142831753763689e-18,9.861735000028213e-18,2.1879593110066915e-17,1.127792510105944e-16
2.0300000000000002,3.408730571263704e-19,4.544791371580738e-19,5.680759531854049e-19,6.8166350572591405e-19,7.952417952972021e-19,9.088108224170604e-19,1.0223705876029244e-18,1.1359210913722961e-18,1.24946233424331e-18,1.3629943167327516e-18,1.4765170393585337e-18,1.5900305026381478e-18,1.7035347070889267e-18,1.817029653228098e-18,1.930515341573433e-18,2.0439917726420007e-18,2.1574589469513608e-18,2.270916865018983e-18,2.384365527362034e-18,2.497804934497885e-18,2.6112350869432345e-18,2.7246559852160034e-18,2.8380676298334218e-18,7.59128429733547e-18,8.299904679345704e-18,9.008380515408936e-18,9.71671182572181e-18,2.1557839580353803e-17,1.1112075937829961e-16
2.04,3.3588475064001147e-19,4.47828329238808e-19,5.597627794018613e-19,6.716881016391483e-19,7.836042964606951e-19,8.955113643767158e-19,1.0074093058970733e-18,1.1192981215316972e-18,1.2311778117911391e-18,1.3430483771846231e-18,1.4549098182224815e-18,1.5667621354146334e-18,1.6786053292708413e-18,1.790439400300762e-18,1.9022643490145926e-18,2.014080175921834e-18,2.125886881532471e-18,2.2376844663564023e-18,2.3494729309032247e-18,2.461252275682741e-18,2.5730225012040863e-18,2.684783607977602e-18,2.7965355965129503e-18,7.480194107282242e-18,8.178444600637306e-18,8.876552663318109e-18,9.574518315225731e-18,2.1242364042576995e-17,1.0949462791033087e-16
2.0500000000000003,3.309933025530659e-19,4.413066606600431e-19,5.516110232675581e-19,6.619063908781609e-19,7.721927639944503e-19,8.8247014311921e-19,9.927385287548783e-19,1.1029979214039578e-18,1.2132483215695664e-18,1.3234897297535106e-18,1.4337221464586923e-18,1.5439455721876042e-18,1.6541600074425853e-18,1.7643654527258712e-18,1.8745619085402263e-18,1.9847493753877347e-18,2.0949278537709526e-18,2.205097344192354e-18,2.315257847154115e-18,2.4254093631586124e-18,2.5355518927075673e-18,2.6456854363038914e-18,2.755809994449821e-18,7.371260965523562e-18,8.059342923291873e-18,8.747284524586219e-18,9.435085789017865e-18,2.093301412192631e-17,1.0790007118454243e-16
2.06,3.261963733459366e-19,4.349110121877256e-19,5.436167858975668e-19,6.523136949707266e-19,7.610017399025203e-19,8.696809211884446e-19,9.783512393236569e-19,1.0870126948033769e-18,1.1956652881234302e-18,1.3043090197783521e-18,1.4129438902637559e-18,1.5215699000748515e-18,1.630187049706698e-18,1.7387953396542518e-18,1.847394770412992e-18,1.9559853424777257e-18,2.064567056343726e-18,2.1731399125061845e-18,2.281703911459999e-18,2.390259053700266e-18,2.4988053397214362e-18,2.607342770019131e-18,2.715871345088311e-18,7.264432770674444e-18,7.942542682438628e-18,8.620514271848762e-18,9.298347558231899e-18,2.062964186013071e-17,1.0633632654401912e-16
2.0700000000000003,3.214916909833217e-19,4.2863835456324416e-19,5.357762808717142e-19,6.429054703968553e-19,7.500259236268387e-19,8.571376410500146e-19,9.642406231543989e-19,1.071334870428069e-18,1.1784203833596991e-18,1.2854971624366918e-18,1.392565208147512e-18,1.4996245209802283e-18,1.6066751014227582e-18,1.7137169499629208e-18,1.8207500670890483e-18,1.9277744532888106e-18,2.034790109050338e-18,2.1417970348616812e-18,2.2487952312105993e-18,2.355784698585047e-18,2.462765437472346e-18,2.5697374483609676e-18,2.676700731738733e-18,7.159658924233337e-18,7.827988556379242e-18,8.496181861174088e-18,9.164238857666171e-18,2.0332103566829427e-17,1.0480265333096246e-16
2.08,3.168770486540464e-19,4.2248574548999413e-19,5.280858304679414e-19,6.336773040690048e-19,7.392601667743487e-19,8.44834419065314e-19,9.504000614229108e-19,1.0559570943282115e-18,1.1615055182628754e-18,1.2670453337073094e-18,1.3725765411429674e-18,1.478099141050911e-18,1.5836131339120557e-18,1.6891185202072173e-18,1.7946153004177193e-18,1.9001034750242314e-18,2.005583044507878e-18,2.111054009349703e-18,2.216516370030465e-18,2.3219701270311167e-18,2.4274152808319804e-18,2.5328518319145205e-18,2.6382797807595532e-18,7.056890280247896e-18,7.715626811555098e-18,8.37422897233308e-18,9.032696781356737e-18,2.0040259676632064e-17,1.0329833214990113e-16
2.09,3.1235030259699077e-19,4.164503267347312e-19,5.205418620391405e-19,6.246249089844631e-19,7.286994680449891e-19,8.327655396951831e-19,9.368231244091844e-19,1.0408722226611922e-18,1.1449128349259858e-18,1.2489449616771092e-18,1.3529686033891372e-18,1.456983760536261e-18,1.5609904335925248e-18,1.6649886230318766e-18,1.768978329328763e-18,1.8729595529569876e-18,1.976932294390802e-18,2.0808965541043784e-18,2.184852332571606e-18,2.2887996302665676e-18,2.3927384476627244e-18,2.4966687852346617e-18,2.600590643456329e-18,6.956079096898163e-18,7.60540524961089e-18,8.254598951344165e-18,8.903660220604666e-18,1.9753974611623756e-17,1.018226641589685e-16
2.1,3.0790937000944627e-19,4.1052932133882455e-19,5.131409045273644e-19,6.157441200425674e-19,7.183389683519803e-19,8.2092544992332185e-19,9.235035652239899e-19,1.026073314721442e-18,1.128634698883707e-18,1.231187718177596e-18,1.3337323730709368e-18,1.4362686640311776e-18,1.5387965915256238e-18,1.6413161560214847e-18,1.743827357986462e-18,1.8463301978876208e-18,1.9488246761924718e-18,2.051310793368444e-18,2.1537885498826905e-18,2.2562579462025526e-18,2.3587189827947614e-18,2.4611716601271528e-18,2.5636159786669384e-18,6.8571789899153634e-18,7.497273156465275e-18,8.137236755196615e-18,8.777069804352935e-18,1.9473116649083295e-17,1.0037497038805e-16
2.11,3.0355222703439944e-19,4.0472003093474457e-19,5.058795851095696e-19,6.070308900197605e-19,7.08173946126248e-19,8.093087538901325e-19,9.104353137721977e-19,1.011553626233286e-18,1.1126636917348037e-18,1.2137655107369558e-18,1.3148590837009497e-18,1.4159444110876202e-18,1.5170214933576594e-18,1.6180903309716643e-18,1.7191509243907186e-18,1.820203274075279e-18,1.9212473804862403e-18,2.0222832440844165e-18,2.123310865330351e-18,2.224330244684771e-18,2.3253413826078022e-18,2.4263442795606622e-18,2.5273389360039505e-18,6.760144887758513e-18,7.391181253303324e-18,8.022088898659773e-18,8.652867841813248e-18,1.919755779419292e-17,9.895459108266088e-17
2.12,2.9927690682340565e-19,3.990198331633302e-19,4.987546259693324e-19,5.984812856958069e-19,6.981998127971926e-19,7.979102077280958e-19,8.976124709428097e-19,9.97306602895687e-19,1.0969926040416347e-18,1.1966704748343764e-18,1.296340215728624e-18,1.3960018271787217e-18,1.4956553096388714e-18,1.5953006635631863e-18,1.694937889406253e-18,1.794566987622045e-18,1.8941879586649635e-18,1.9938008029893344e-18,2.0934055210492133e-18,2.1930021132988394e-18,2.2925905801918576e-18,2.3921709221829895e-18,2.4917431397263467e-18,6.664932988474355e-18,7.287081649409508e-18,7.909103403089867e-18,8.530998267247516e-18,1.8927173657528573e-17,9.756088507246451e-17
2.13,2.950814976718795e-19,3.9342617918761037e-19,4.917628411892508e-19,5.900914841248261e-19,6.884121084424037e-19,7.867247145902176e-19,8.850293030161926e-19,9.833258741683119e-19,1.0816144284951047e-18,1.1798949664439355e-18,1.2781674884631409e-18,1.3764319950006953e-18,1.4746884865044355e-18,1.5729369634221054e-18,1.6711774262019225e-18,1.769409875291494e-18,1.867634311138852e-18,1.9658507341919534e-18,2.064059144898488e-18,2.162259543706328e-18,2.2604519310627586e-18,2.3586363074161266e-18,2.456812673214178e-18,6.571500718170074e-18,7.184927796763968e-18,7.798229747150657e-18,8.41140658681364e-18,1.8661843337130095e-17,9.61932291633986e-17
2.14,2.9096414122376535e-19,3.879365912991272e-19,4.849011337589703e-19,5.818577690450676e-19,6.788064975992361e-19,7.757473198634539e-19,8.72680236279397e-19,9.696052472887965e-19,1.0665223533339246e-18,1.1634315548559022e-18,1.2603328522968113e-18,1.357226246098375e-18,1.454111736702181e-18,1.5509893245497265e-18,1.647859010082974e-18,1.744720793743286e-18,1.841574675972443e-18,1.9384206572121507e-18,2.0352587379038526e-18,2.1320889184891712e-18,2.2289111994091515e-18,2.3257255811058832e-18,2.4225320640208655e-18,6.479806691031066e-18,7.084674446328098e-18,7.689418819367547e-18,8.294039827388968e-18,1.8401449304959125e-17,9.485101755241763e-17
2.15,2.869230307427001e-19,3.8254866061291254e-19,4.781664926940191e-19,5.737765274216577e-19,6.69378765231508e-19,7.649732065594108e-19,8.605598518409067e-19,9.561387015115927e-19,1.0517097560075978e-18,1.1472730157639164e-18,1.242828481216491e-18,1.3383761528009091e-18,1.433916030952626e-18,1.5294481161070065e-18,1.6249724086998748e-18,1.7204889091664643e-18,1.815997617942418e-18,1.9114985354633084e-18,2.006991662164448e-18,2.102476998481325e-18,2.19795454484886e-18,2.2934243017030012e-18,2.3888862694791164e-18,6.389810670819543e-18,6.986277605949151e-18,7.58262287243899e-18,8.178846487289173e-18,1.8145877297562264e-17,9.353366126391196e-17
2.16,2.829564094469094e-19,3.772600448474387e-19,4.715559902608613e-19,5.658442461167924e-19,6.601248128448891e-19,7.543976908749662e-19,8.486628806365433e-19,9.429203825591956e-19,1.0371701970730223e-18,1.1314123246070045e-18,1.2256467655910577e-18,1.319873520454748e-18,1.4140925896275101e-18,1.5083039735386906e-18,1.6025076726180885e-18,1.6967036872949187e-18,1.790892017998804e-18,1.8850726651592938e-18,1.979245629205683e-18,2.0734109105674398e-18,2.167568509673469e-18,2.261718426953696e-18,2.355860662837469e-18,6.301473533792463e-18,6.889694499816713e-18,7.477795479232141e-18,8.065776488803841e-18,1.7895016210764877e-17,9.224058760690246e-17
2.17,2.7906256890520793e-19,3.7206846618603813e-19,4.650667793037776e-19,5.580575086821294e-19,6.510406547448379e-19,7.44016217915803e-19,8.369841986186341e-19,9.299445972769941e-19,1.0228974143150644e-18,1.1158426501559223e-18,1.2087803052235672e-18,1.3017103799416529e-18,1.3946328747337063e-18,1.4875477900231644e-18,1.5804551262339113e-18,1.673354883789257e-18,1.766247063112911e-18,1.8591316646285117e-18,1.9520086887594453e-18,2.0448781359292714e-18,2.1377400065609934e-18,2.230594301078619e-18,2.3234410199055868e-18,6.214757232980255e-18,6.7948835294069476e-18,7.374891490393359e-18,7.954781132473876e-18,1.7648757998229294e-17,9.097123965215501e-17
2.18,2.7523984749158902e-19,3.6697170921643973e-19,4.586960906693904e-19,5.5041299226834055e-19,6.421224144312295e-19,7.338243575761508e-19,8.255188221209108e-19,9.172058084833689e-19,1.008885317081896e-18,1.1005573483337739e-18,1.1922219026571931e-18,1.2838789804700061e-18,1.3755285821899354e-18,1.467170708234619e-18,1.5588053590221353e-18,1.6504325349699938e-18,1.742052236496101e-18,1.8336644640182916e-18,1.9252692179541532e-18,2.016866498721441e-18,2.1084563067373663e-18,2.200038642420126e-18,2.291613506187362e-18,6.129624763770364e-18,6.7018042358534906e-18,7.273866993507079e-18,7.845813053039014e-18,1.7406997573718457e-17,8.972507572839401e-17
2.19,2.714866288960125e-19,3.619676189452308e-19,4.524412307248424e-19,5.429074646470478e-19,6.333663211240878e-19,7.23817800568354e-19,8.142619033919562e-19,9.046986300070554e-19,9.951279808263172e-19,1.0855499562613338e-18,1.1759645567245935e-18,1.2663717826282504e-18,1.3567716343843307e-18,1.4471641124047776e-18,1.5375492171019682e-18,1.6279269488877195e-18,1.7182973081742389e-18,1.808660295373663e-18,1.8990159108978865e-18,1.9893641551589663e-18,2.0797050285684263e-18,2.1700385315387592e-18,2.260364664481912e-18,6.046040130742281e-18,6.610417263686649e-18,7.174679273739808e-18,7.738826176987271e-18,1.716963271691358e-17,8.850156893683604e-17
2.2,2.678013406890949e-19,3.5705409888419e-19,4.462995789658079e-19,5.355377813405538e-19,6.247687064150723e-19,7.139923545961574e-19,8.032087262903243e-19,8.924178219041393e-19,9.816196418446668e-19,1.070814186517911e-18,1.1600014563307611e-18,1.2491814516897761e-18,1.3383541730013907e-18,1.4275196206719547e-18,1.5166777951082476e-18,1.6058286967164968e-18,1.6949723259033136e-18,1.7841086830752406e-18,1.8732377686385798e-18,1.9623595829997973e-18,2.0514741265648277e-18,2.1405813997405674e-18,2.2296814029333696e-18,5.9639683157030605e-18,6.520684325885134e-18,7.077286775908702e-18,7.633775681640922e-18,1.6936563982640905e-17,8.730020668329555e-17
2.21,2.641824529385251e-19,3.522291092055803e-19,4.402685857107036e-19,5.283008828550059e-19,6.163260010396362e-19,7.043439406658918e-19,7.923547021347941e-19,8.803582858474158e-19,9.683546922053202e-19,1.0563439216090252e-18,1.1443259744599213e-18,1.2323008511590742e-18,1.320268552107425e-18,1.408229077705834e-18,1.4961824283555823e-18,1.584128604457409e-18,1.6720676064124302e-18,1.7599994346216943e-18,1.847924089486014e-18,1.9358415714063613e-18,2.023751880783187e-18,2.1116550180178863e-18,2.1995509835113232e-18,5.883375246874697e-18,6.432568170187192e-18,6.981649067917019e-18,7.530617955716915e-18,1.6707694613369616e-17,8.612049022715144e-17
2.22,2.6062847687511123e-19,3.474906649636173e-19,4.3434576987761355e-19,5.211937920128144e-19,6.080347317649727e-19,6.948685895299869e-19,7.81695365703484e-19,8.68515060681141e-19,9.553276748591188e-19,1.0421332086325476e-18,1.128931662397418e-18,1.2157230365494e-18,1.3025073314840415e-18,1.3892845475968093e-18,1.4760546852835875e-18,1.5628177449397226e-18,1.6495737269609351e-18,1.736322631742879e-18,1.8230644596809743e-18,1.9097992111707987e-18,1.996526886607416e-18,2.083247486386822e-18,2.1699610109044876e-18,5.804227769186845e-18,6.346032546610245e-18,6.887726805501253e-18,7.429310561302039e-18,1.6482930454848608e-17,8.49619342464937e-17
2.23,2.5713796360646735e-19,3.4283683437945357e-19,4.2852871684060543e-19,5.142136113803375e-19,5.998915183891029e-19,6.855624382574977e-19,7.7122637137584995e-19,8.56883318134538e-19,9.425332789244168e-19,1.0281762541353249e-18,1.1138122441579498e-18,1.1994412493826617e-18,1.2850632701997114e-18,1.3706783069992695e-18,1.4562863601719183e-18,1.5418874301077086e-18,1.6274815171970628e-18,1.7130686218303346e-18,1.7986487443976484e-18,1.8842218852892852e-18,1.9697880448950153e-18,2.0553472236055348e-18,2.140899421811015e-18,5.726493615630454e-18,6.261042176130494e-18,6.795481698237256e-18,7.329812197186106e-18,1.626217987475619e-17,8.382406641879985e-17
2.24,2.5370950287643586e-19,3.382657371871419e-19,4.2281507636226927e-19,5.073575207870276e-19,5.918930708466635e-19,6.764217269265654e-19,7.60943489411857e-19,8.454583586877117e-19,9.299663351397734e-19,1.0144674191526822e-18,1.0989616111119169e-18,1.1834489114026427e-18,1.2679293204099074e-18,1.3524028385186794e-18,1.436869466114333e-18,1.5213292035817188e-18,1.6057820513060523e-18,1.6902280096724848e-18,1.774667079065938e-18,1.8590992598714883e-18,1.943524552473711e-18,2.027942957258091e-18,2.1123544746095988e-18,5.6501413796299696e-18,6.1775627204761475e-18,6.704876476755023e-18,7.232082663498817e-18,1.6045353684242214e-17,8.270642701652069e-17
2.25,2.503417218684209e-19,3.337755430381436e-19,4.172025605994335e-19,5.006227749323865e-19,5.84036186417136e-19,6.67442795433954e-19,7.508426023628527e-19,8.342356075838924e-19,9.176218114775974e-19,1.001001214423503e-18,1.08437381680197e-18,1.1677396189930521e-18,1.2510986213766848e-18,1.334450824332727e-18,1.4177962282414368e-18,1.5011348334825575e-18,1.58446664043619e-18,1.6677916494823732e-18,1.7511098610009193e-18,1.8344212753717936e-18,1.9177258929744666e-18,2.0010237141893056e-18,2.0843147393961713e-18,5.5751404883934086e-18,6.0955607529898395e-18,6.615874861113928e-18,7.136082827598356e-18,1.5832365062247275e-17,8.160856851698049e-17
2.2600000000000002,2.4703328405089575e-19,3.2936446996206723e-19,4.1168894217916486e-19,4.940067010772613e-19,5.76317747031466e-19,6.5862208041702615e-19,7.409197016089308e-19,8.232106109822181e-19,9.054948089123837e-19,9.877722957739461e-19,1.0700430719422407e-18,1.1523071377922971e-18,1.2345644936990309e-18,1.3168151400372802e-18,1.3990590771822784e-18,1.4812963055087492e-18,1.5635268253917713e-18,1.64575063720636e-18,1.727967741327309e-18,1.810178138129562e-18,1.8923818279875734e-18,1.9745788112766854e-18,2.056769088371738e-18,5.50146117720168e-18,6.015003730517919e-18,6.528441530292517e-18,7.041774591162133e-18,1.5623129482489083e-17,8.053005522602543e-17
2.27,2.437828880634157e-19,3.25030782881412e-19,4.0627205234227393e-19,4.875066968161393e-19,5.687347166731817e-19,6.499561122837107e-19,7.311708840177822e-19,8.123790322454987e-19,8.935805573374157e-19,9.747754596631241e-19,1.0559637395930203e-18,1.1371453974971995e-18,1.2183204337456446e-18,1.299488848708261e-18,1.3806506427553451e-18,1.4618058162566906e-18,1.5429543695824405e-18,1.6240963031026762e-18,1.7052316171872594e-18,1.786360312206201e-18,1.8674823885290275e-18,1.9485978465261437e-18,2.029706686567456e-18,5.429074464599949e-18,5.935859966286031e-18,6.4425420927487514e-18,6.949120858432188e-18,1.5417564643010606e-17,7.947046291487639e-17
2.2800000000000002,2.405892666415476e-19,3.2077279217819817e-19,4.0094977915167543e-19,4.811202279272682e-19,5.612841388703006e-19,6.414415123462312e-19,7.215923487202679e-19,8.01736648357665e-19,8.818744116241235e-19,9.620056388843925e-19,1.0421303305040156e-18,1.1222484868482415e-18,1.2023601082822034e-18,1.2824651951709634e-18,1.362563747879966e-18,1.4426557667741596e-18,1.5227412522188395e-18,1.6028202045792385e-18,1.6828926242203726e-18,1.762958511507406e-18,1.843017866805025e-18,1.9230706904787798e-18,2.0031169828937326e-18,5.357952128455695e-18,5.858098603722269e-18,6.358143058008722e-18,6.858085505569904e-18,1.5215590398189344e-17,7.842937846966833e-17
2.29,2.374511855791926e-19,3.1658885231045303e-19,3.957200657630649e-19,4.748448262975524e-19,5.539631342744747e-19,6.330749900545237e-19,7.121803939981434e-19,7.912793464658246e-19,8.703718478184976e-19,9.494578984161544e-19,1.0285374986195712e-18,1.1076106487892311e-18,1.1866773492855067e-18,1.2657376004686966e-18,1.3447914026994797e-18,1.4238387563380446e-18,1.5028796617449216e-18,1.581914119280579e-18,1.660942129305273e-18,1.7399636921794038e-18,1.818978808262901e-18,1.897987477916548e-18,1.976989701500644e-18,5.2880666828495036e-18,5.781689591190808e-18,6.275211809243547e-18,6.768633351076643e-18,1.5017128693111503e-17,7.740639955317897e-17
2.3000000000000003,2.343674427268415e-19,3.12477360476605e-19,3.905809087554796e-19,4.686780879193076e-19,5.467688983239655e-19,6.248533403254609e-19,7.0293141427955685e-19,7.810031205420624e-19,8.590684594692207e-19,9.371274314163486e-19,1.0151800367395364e-18,1.0932262757945864e-18,1.1712661489371905e-18,1.2492996565229692e-18,1.3273267989079162e-18,1.4053475764475428e-18,1.4833619894976968e-18,1.5613700384141658e-18,1.6393717235525266e-18,1.7173670452684995e-18,1.79535600391734e-18,1.8733385998551454e-18,1.951314833437537e-18,5.2193913557661016e-18,5.706603657600468e-18,6.193716576795909e-18,6.680730127238637e-18,1.4822103500218654e-17,7.640113427827163e-17
2.31,2.3133686702437737e-19,3.084367553259388e-19,3.8553035651943236e-19,4.626176709560987e-19,5.396986989872129e-19,6.167734409641789e-19,6.9384189723815945e-19,7.709040681603622e-19,8.479599540824247e-19,9.250095553550681e-19,1.0020528723297797e-18,1.0790899053577593e-18,1.1561206547901007e-18,1.233145120977825e-18,1.3101633042723226e-18,1.3871752050245085e-18,1.4641808235856288e-18,1.5411801603068702e-18,1.6181732155392116e-18,1.6951599896337737e-18,1.7721404829412183e-18,1.8491146958130375e-18,1.9260826286002544e-18,5.151900067554743e-18,5.632812288854451e-18,6.113626412619545e-18,6.594342452556676e-18,1.4630440758139214e-17,7.541320089259958e-17
2.3200000000000003,2.2835831756708004e-19,3.044655157133189e-19,3.8056650770037844e-19,4.566612938749774e-19,5.327498745838677e-19,6.088322501739288e-19,6.849084209918026e-19,7.609783873841747e-19,8.370421496981546e-19,9.130997082799487e-19,9.891510634765174e-19,1.06519621563454e-18,1.141235165100589e-18,1.2172679122211667e-18,1.2932944573431391e-18,1.3693148008129023e-18,1.4453289429771804e-18,1.5213368841826385e-18,1.5973386247757368e-18,1.6733341651030748e-18,1.749323505510799e-18,1.825306646345877e-18,1.901283587954811e-18,5.085567410129035e-18,5.560287705108546e-18,6.034911165596219e-18,6.509437805122225e-18,1.4442068312619828e-17,7.444222747413427e-17
2.33,2.254306827035663e-19,3.0056215949649022e-19,3.756875096954031e-19,4.508067336425788e-19,5.259198316803236e-19,6.0102680415107e-19,6.761276513970155e-19,7.512223737604013e-19,8.263109715838869e-19,9.013934452092402e-19,9.764697949789734e-19,1.0515400212353214e-18,1.126604124320413e-18,1.2016621045763085e-18,1.276713962345427e-18,1.3517596979697243e-18,1.426799311791478e-18,1.5018328041529097e-18,1.5768601753960385e-18,1.6518814258630186e-18,1.7268965558955607e-18,1.8019055658361826e-18,1.8769084560269453e-18,5.0203686268779265e-18,5.489002838806879e-18,5.957541457696623e-18,6.425984496903871e-18,1.42569158594763e-17,7.348785163710403e-17
2.34,2.2255287916443313e-19,2.9672524237431696e-19,3.70891557201078e-19,4.450518239826207e-19,5.1920604305688145e-19,5.933542147619215e-19,6.674963394355698e-19,7.416324174156986e-19,8.157624490405929e-19,8.898864346476578e-19,9.640043745750334e-19,1.038116269160585e-18,1.1122221187420748e-18,1.1863219236571952e-18,1.2604156842439951e-18,1.3345034008400636e-18,1.408585073783311e-18,1.4826607034115885e-18,1.5567302900625492e-18,1.6307938340739805e-18,1.7048513357832295e-18,1.778902795528442e-18,1.852948213647313e-18,4.956279593260527e-18,5.418931313465309e-18,5.881488660952728e-18,6.343951648908985e-18,1.407491488948644e-17,7.254972024794154e-17
2.35,2.197238512204411e-19,2.9295335676440525e-19,3.661768908105467e-19,4.393944536924742e-19,5.126060457438288e-19,5.858116672983741e-19,6.590113186896447e-19,7.322050002512181e-19,8.053927123170791e-19,8.785744552203439e-19,9.517502292948534e-19,1.0249200348741793e-18,1.0980838722917894e-18,1.171241741881084e-18,1.2443936439758144e-18,1.3175395789092792e-18,1.3906795470150917e-18,1.4638135486268102e-18,1.5369415840777943e-18,1.6100636537015381e-18,1.6831797578311003e-18,1.756289896800329e-18,1.8293940709426255e-18,4.893276798058711e-18,5.35004742317405e-18,5.8067248752107615e-18,6.263309167187429e-18,1.3895998635151014e-17,7.162748915086109e-17
2.36,2.1694256986911107e-19,2.8924513071860855e-19,3.6154179565796067e-19,4.338325650165531e-19,5.061174391238035e-19,5.783964183092512e-19,6.506695029022086e-19,7.229366932320305e-19,7.951979896284744e-19,8.674533924204395e-19,9.397029019375417e-19,1.0119465185091295e-18,1.0841842424644505e-18,1.1564160741326837e-18,1.2286420138433565e-18,1.3008620619255483e-18,1.37307621870865e-18,1.4452844845219967e-18,1.5174868596947292e-18,1.5896833445561198e-18,1.661873939435012e-18,1.7340586446610265e-18,1.8062374605633456e-18,4.831337325262546e-18,5.282326112792153e-18,5.7332229066351e-18,6.184027719645186e-18,1.3720102019251633e-17,7.072082290269842e-17
2.37,2.1420803204866164e-19,2.855992268749873e-19,3.5698460010848243e-19,4.2836415207438083e-19,4.997378830979482e-19,5.711057935045697e-19,6.424678836194067e-19,7.138241537676628e-19,7.851746042749389e-19,8.565192354659883e-19,9.278580476662725e-19,9.99191041200988e-19,1.0705182163952328e-18,1.1418395735740367e-18,1.2131551130627726e-18,1.284464835186373e-18,1.3557687402700758e-18,1.4270668286390657e-18,1.4983591006183345e-18,1.5696455565330042e-18,1.6409261967077724e-18,1.712201021468106e-18,1.7834700311390376e-18,4.770438836564592e-18,5.215742958807699e-18,5.660956246934704e-18,6.106078713637374e-18,1.3547161605137876e-17,6.98293945166633e-17
2.38,2.1151925987825787e-19,2.820143414448469e-19,3.525036744921341e-19,4.229872593412711e-19,4.934650963134404e-19,5.639371857299432e-19,6.344035279118594e-19,7.048641231803107e-19,7.753189718568107e-19,8.457680742620364e-19,9.162114307173642e-19,9.866490415439087e-19,1.0570809070626867e-18,1.1275070275946492e-18,1.1979274034610841e-18,1.2683420349828455e-18,1.3387509224810892e-18,1.4091540662769175e-18,1.4795514666912436e-18,1.549943124045108e-18,1.6203290386591329e-18,1.6907092108546994e-18,1.7610836409527615e-18,4.710559554440128e-18,5.150274150838652e-18,5.5898990532848705e-18,6.029434274311246e-18,1.3377115548678223e-17,6.895288521466897e-17
2.39,2.088752999235845e-19,2.784892032335421e-19,3.4809742987985224e-19,4.1769998017965213e-19,4.872968544501098e-19,5.568880530085099e-19,6.264735761719191e-19,6.960534242574449e-19,7.656275975825823e-19,8.35196096464e-19,9.047589212190568e-19,9.743160721648533e-19,1.0438675496183943e-18,1.1134133538966184e-18,1.1829534853167983e-18,1.2524879441957763e-18,1.3220167308506942e-18,1.3915398455986414e-18,1.461057288756518e-18,1.5305690606413533e-18,1.6000751615697607e-18,1.669575591859105e-18,1.7390703518263264e-18,4.651678245791391e-18,5.085896473750312e-18,5.520026128918275e-18,5.954067223671084e-18,1.3209903551812779e-17,6.809098418791753e-17
2.4,2.06275222486797e-19,2.7502257269378295e-19,3.4376431690016805e-19,4.125004554191418e-19,4.812309885639244e-19,5.499559166478505e-19,6.186752399840403e-19,6.873889588856537e-19,7.560970736662334e-19,8.247995846385065e-19,8.934964921158813e-19,9.621877964115118e-19,1.0308734978384551e-18,1.099553596709706e-18,1.1682280933385865e-18,1.2368969880379962e-18,1.3055602811211289e-18,1.374217972901126e-18,1.4428700636909434e-18,1.5115165538036635e-18,1.5801574435519596e-18,1.648792733249245e-18,1.7174224232085158e-18,4.593774206134706e-18,5.022587290366386e-18,5.451312904360234e-18,5.879951060338002e-18,1.3045466817647597e-17,6.724338836543195e-17
2.41,2.0371812091994585e-19,2.716132410102371e-19,3.395028245950066e-19,4.073868719835616e-19,4.752653834852391e-19,5.4313835940949e-19,6.110058000655524e-19,6.7886770576270435e-19,7.467240768106017e-19,8.145749135180948e-19,8.824202161947065e-19,9.502599851497086e-19,1.0180942206922783e-18,1.0859229231315294e-18,1.153746092776901e-18,1.221563729937412e-18,1.2893758349223752e-18,1.3571824080410493e-18,1.4249834496025116e-18,1.4927789599159626e-18,1.5605689392901987e-18,1.6283533880347499e-18,1.6961323064587305e-18,4.536827244310344e-18,4.960324524751555e-18,5.3837354192843035e-18,5.807059939978838e-18,1.2883748007033558e-17,6.640980219024004e-17
2.4200000000000004,2.0120311096100272e-19,2.682600292142673e-19,3.3531147931315374e-19,4.0235746156315065e-19,4.69397976269776e-19,5.364330237386603e-19,6.034626042752243e-19,6.704867181849277e-19,7.375053657736034e-19,8.045185473462887e-19,8.715262632086855e-19,9.385285136662475e-19,1.0055252990243347e-18,1.0725166195882446e-18,1.1395024756635961e-18,1.2064828675555941e-18,1.273457795569731e-18,1.3404272600114497e-18,1.4073912611860097e-18,1.4743497993987949e-18,1.5413028749547907e-18,1.608250488159704e-18,1.675192639318834e-18,4.4808176676957585e-18,4.899086646044425e-18,5.3172703049652114e-18,5.735368656379351e-18,1.2724691196574679e-17,6.558993740292674e-17
2.43,1.9872933009165665e-19,2.6496178732769373e-19,3.3118884364000155e-19,3.9741049933031263e-19,4.636267547003886e-19,5.298376100521025e-19,5.960430656871199e-19,6.6224312190714435e-19,7.284377790142494e-19,7.946270373097211e-19,8.608108970955034e-19,9.269893586732942e-19,9.931624223446987e-19,1.0593300884112618e-18,1.1254923571748443e-18,1.1916492289368986e-18,1.2578007039991608e-18,1.323946782663318e-18,1.3900874652308783e-18,1.4562227520034695e-18,1.5223526432823275e-18,1.5884771393694007e-18,1.6545962405662342e-18,4.4257262679036244e-18,4.8388526528205194e-18,5.2518947673070756e-18,5.664852623137955e-18,1.2568241838013199e-17,6.478351283228272e-17
2.4400000000000004,1.9629593691607728e-19,2.6171739353451207e-19,3.2713351536223855e-19,3.9254430269729456e-19,4.579497558377467e-19,5.233498750817719e-19,5.887446607273413e-19,6.541341130724648e-19,7.195182324155166e-19,7.848970190540941e-19,8.502704732864438e-19,9.156385954105693e-19,9.810013857243833e-19,1.0463588445257371e-18,1.1117109721127966e-18,1.1770577687833212e-18,1.2423992348353547e-18,1.307735370566889e-18,1.3730661762757395e-18,1.438391652259842e-18,1.5037117988167427e-18,1.5690266162446932e-18,1.6343361048415468e-18,4.3715343069468195e-18,4.779602057965815e-18,5.1875865704257604e-18,5.59548785595714e-18,1.2414346718940704e-17,6.399025419278836e-17
2.45,1.9390211055988455e-19,2.585257533795514e-19,3.231441264662121e-19,3.877572301142699e-19,4.523650646181567e-19,5.169676302724127e-19,5.815649273713757e-19,6.461569562094215e-19,7.10743717081285e-19,7.75325210280935e-19,8.399014361029804e-19,9.044723948417913e-19,9.690380867916467e-19,1.0335985122467659e-18,1.0981536715016786e-18,1.1627035648505136e-18,1.227248192587679e-18,1.2917875550075333e-18,1.35632165240426e-18,1.4208504850721619e-18,1.4853740533051564e-18,1.5498923573978573e-18,1.6144053976444862e-18,4.318223503853407e-18,4.721314874042272e-18,5.124324020765216e-18,5.527250955510888e-18,1.2262953924787149e-17,6.320989388868455e-17
2.46,1.9154705008857977e-19,2.553857989930805e-19,3.192193421687258e-19,3.8304767990634305e-19,4.468708124967883e-19,5.106887402310243e-19,5.745014633998138e-19,6.383089822939573e-19,7.021112972046101e-19,7.659084084221707e-19,8.297003162376691e-19,8.934870209419007e-19,9.572685228255702e-19,1.0210448221793237e-18,1.0848159192941126e-18,1.1485818144604947e-18,1.2123425079693012e-18,1.2760980001113162e-18,1.3398482911771498e-18,1.4035933814575304e-18,1.4673332712428055e-18,1.5310679608240112e-18,1.5947974504917947e-18,4.2657760217150244e-18,4.6639715991272414e-18,5.062085951728135e-18,5.460119090866821e-18,1.2114012802040687e-17,6.244217082438797e-17
2.47,1.8922997394474035e-19,2.5229648834043107e-19,3.1535785997910598e-19,3.784140891480747e-19,4.414651761346746e-19,5.045111212263489e-19,5.675519247103432e-19,6.305875868739401e-19,6.936181080047733e-19,7.566434883897275e-19,8.196637283163137e-19,8.826788280718082e-19,9.456887879433999e-19,1.0086936082182189e-18,1.0716932891836971e-18,1.1346878311268775e-18,1.1976772343350737e-18,1.2606614990955516e-18,1.3236406256954058e-18,1.386614614421848e-18,1.4495834655617142e-18,1.512547179402519e-18,1.5755057562313942e-18,4.214174455153141e-18,4.6075532031097366e-18,5.000851708802494e-18,5.394069983443244e-18,1.1967473922654167e-17,6.168683022102277e-17
2.48,1.8695011940329364e-19,2.492568044957249e-19,3.11558408791398e-19,3.73854932574161e-19,4.361463761278895e-19,4.984327397365636e-19,5.607140236839679e-19,6.229902282539242e-19,6.852613537306003e-19,7.475274003974249e-19,8.097883685384445e-19,8.72044258437475e-19,9.34295070378245e-19,9.965408046444248e-19,1.058781461519984e-18,1.1210170412885064e-18,1.183247544233845e-18,1.2454729706398038e-18,1.3076933207900197e-18,1.3699085949682429e-18,1.4321187934578532e-18,1.494323916542903e-18,1.5565239645070634e-18,4.163401818187946e-18,4.552041114426922e-18,4.940601135165866e-18,5.329081891481524e-18,1.182328904959502e-17,6.094362343884605e-17
2.49,1.8470674204422288e-19,2.462657549388441e-19,3.07819748005614e-19,3.6936872152497457e-19,4.3091267577739485e-19,4.924516110434471e-19,5.539855276035109e-19,6.155144257380015e-19,6.770383057276776e-19,7.385571678525664e-19,8.00071012393306e-19,8.615798396303063e-19,9.230836498438914e-19,9.845824433143276e-19,1.0460762203221766e-18,1.1075649811476198e-18,1.1690487260711031e-18,1.230527455373026e-18,1.2920011693336206e-18,1.3534698682332332e-18,1.414933552351843e-18,1.4763922219700928e-18,1.5378458773682505e-18,4.113441532495439e-18,4.497417207225049e-18,4.8813145577504186e-18,5.265133595015376e-18,1.1681411103497581e-17,6.02123078053561e-17
2.5,1.824991152420788e-19,2.4332237087480664e-19,3.0414066667698696e-19,3.649540029257098e-19,4.2576237989809206e-19,4.865657978713525e-19,5.473642571225196e-19,6.081577579286577e-19,6.689463005671687e-19,7.297298853147337e-19,7.905085124486361e-19,8.51282182245935e-19,9.120508949836032e-19,9.728146509385579e-19,1.0335734503880075e-18,1.0943272936087844e-18,1.1550761808779823e-18,1.21582011247265e-18,1.2765590886696702e-18,1.3372931097460377e-18,1.398022175978386e-18,1.4587462876440038e-18,1.5194654450198088e-18,4.064277416038795e-18,4.443663788929593e-18,4.8229727737520544e-18,5.202204381319202e-18,1.1541794130378263e-17,5.949264644887877e-17
2.5100000000000002,1.8032652967169636e-19,2.4042570657474895e-19,3.005199826922322e-19,3.6060935829793746e-19,4.2069383366568273e-19,4.807734090693865e-19,5.408480847827794e-19,6.009178610796273e-19,6.609827382340299e-19,7.210427165193745e-19,7.810977962096438e-19,8.411479775785977e-19,9.011932608999129e-19,9.61233646447209e-19,1.0212691344943947e-18,1.0812997253150066e-18,1.1413254191828415e-18,1.201346216371647e-18,1.2613621171550114e-18,1.321373121806632e-18,1.3813792305998488e-18,1.4413804438086492e-18,1.5013767617066548e-18,4.015893672060614e-18,4.390763588209972e-18,4.765557037567787e-18,5.140274030818364e-18,1.1404393270375613e-17,5.878440813743683e-17
2.52,1.7818829282954065e-19,2.3757483873774565e-19,2.969565419718544e-19,3.563334028024116e-19,4.157054214999885e-19,4.750725983352556e-19,5.344349335786979e-19,5.937924275008343e-19,6.5314508037251555e-19,7.124928924638864e-19,7.718358640456808e-19,8.311739953884128e-19,8.905072867625137e-19,9.49835738438359e-19,1.0091593506866095e-18,1.0684781237775584e-18,1.1277920579817543e-18,1.1871011535697013e-18,1.2464054108117421e-18,1.305704829978329e-18,1.3649994113395605e-18,1.4242891551661763e-18,1.4835740617285518e-18,3.9682748784232415e-18,4.338699743324811e-18,4.709049048146189e-18,5.079322803444985e-18,1.1269164727478758e-17,5.808736712271414e-17
2.5300000000000002,1.760837285701288e-19,2.3476886587273096e-19,2.9344921769758046e-19,3.5212478431202656e-19,4.10795565983445e-19,4.694615629793092e-19,5.281227755669097e-19,5.867792040135704e-19,6.454308485869425e-19,7.0407770955398055e-19,7.627197871822209e-19,8.213570817389828e-19,8.79989593491503e-19,9.386173227069637e-19,9.972402696528293e-19,1.0558584345962002e-18,1.11447181780443e-18,1.1730804195448276e-18,1.231684240084543e-18,1.2902832796908335e-18,1.3488775386306085e-18,1.4074670171714086e-18,1.4660517155804178e-18,3.921405977284823e-18,4.2874557908343095e-18,4.653430936736219e-18,5.019331425423469e-18,1.1136065740209355e-17,5.740130298893433e-17
2.54,1.7401217665699493e-19,2.320069076998085e-19,2.899969095640269e-19,3.4798218251385455e-19,4.0596272681352124e-19,4.63938542727354e-19,5.219096305194983e-19,5.798759904541335e-19,6.37837622795762e-19,6.957945278081975e-19,7.537467057558293e-19,8.116941569028311e-19,8.696368815132962e-19,9.275748798512638e-19,9.855081521810508e-19,1.0434366987666159e-18,1.1013605198721673e-18,1.1592796157618691e-18,1.2171939866997281e-18,1.2751036329498585e-18,1.333008554776028e-18,1.3909087524426317e-18,1.4488042262137082e-18,3.875272265099238e-18,4.2370156546666876e-18,4.598685255020413e-18,4.960281076470594e-18,1.1005054553223228e-17,5.672600050648065e-17
2.5500000000000003,1.7197299232768573e-19,2.292881045702695e-19,2.865985430537528e-19,3.4390430803924356e-19,4.012053997878757e-19,4.585018185608781e-19,5.157935646193013e-19,5.730806382242288e-19,6.3036303963706305e-19,6.876407691185265e-19,7.4491382692991e-19,8.021822133322918e-19,8.594459285866702e-19,9.167049729539897e-19,9.73959346695471e-19,1.0312090500719782e-18,1.0884540833446243e-18,1.1456944467744773e-18,1.2029301406224507e-18,1.2601611651495628e-18,1.3173875206164914e-18,1.3746092072845314e-18,1.4318262254146296e-18,3.8298593829285054e-18,4.187363635526298e-18,4.544794963618869e-18,4.902153377395571e-18,1.0876090389799416e-17,5.606124949008937e-17
2.56,1.6996554587229982e-19,2.266116169046673e-19,2.8325306873487966e-19,3.3988990162099703e-19,3.965221158211046e-19,4.531497115933827e-19,5.09772689195834e-19,5.663910488864944e-19,6.230047909237153e-19,6.796139155651758e-19,7.362184230691161e-19,7.928183136935673e-19,8.49413587696481e-19,9.06004245335756e-19,9.625902868695629e-19,1.0191717125557219e-18,1.0757485226522969e-18,1.1323207174173094e-18,1.1888882971086263e-18,1.2454512619842196e-18,1.3020096123017243e-18,1.3585633483193853e-18,1.4151124702951026e-18,3.785153307056795e-18,4.1384844006314826e-18,4.4917434209511184e-18,4.8449303780861224e-18,1.0749133425185707e-17,5.5406844661458184e-17
2.5700000000000003,1.6798922222509138e-19,2.2397662464831135e-19,2.799594615804879e-19,3.359377332766808e-19,3.919114399919743e-19,4.478805819815462e-19,5.038451595003997e-19,5.598051728035701e-19,6.157606221464046e-19,6.717115077835864e-19,7.276578299703526e-19,7.835995889617341e-19,8.395367850126831e-19,8.954694183780998e-19,9.513974893131525e-19,1.0073209980726635e-18,1.0632399449116967e-18,1.1191543300852725e-18,1.1750641538482595e-18,1.2309694164556305e-18,1.2868701181620246e-18,1.3427662592226836e-18,1.398657839892509e-18,3.741140339895404e-18,4.0903629737705565e-18,4.439514372443322e-18,4.7885945458670205e-18,1.0624144760770425e-17,5.4762585516114045e-17
2.58,1.6604342056869219e-19,2.213823267435836e-19,2.7671672030903876e-19,3.3204660151716297e-19,3.873719706200856e-19,4.426928278700293e-19,4.980091735190432e-19,5.533210078192087e-19,6.086283310229152e-19,6.639311433818961e-19,7.192294451484322e-19,7.745232365746003e-19,8.298125179123992e-19,8.85097289413777e-19,9.40377551330946e-19,9.956533039157776e-19,1.0509245474203807e-18,1.106191282096822e-18,1.1614535081970185e-18,1.216711225972989e-18,1.2719644356764232e-18,1.327213137559607e-18,1.3824573318744886e-18,3.697807101168717e-18,4.042984725665018e-18,4.38809194006886e-18,4.7331287542182705e-18,1.0501086399052239e-17,5.412827619439349e-17
2.5900000000000003,1.641275539505073e-19,2.188279406184877e-19,2.7352386674508584e-19,3.28215332579498e-19,3.8290233837094455e-19,4.375848843687379e-19,4.922629708220189e-19,5.469365979799601e-19,6.016057660920396e-19,6.562704754070848e-19,7.109307261744669e-19,7.655865186433533e-19,8.202378530628358e-19,8.748847296819548e-19,9.295271487500136e-19,9.84165110515976e-19,1.038798615229043e-18,1.093427663138372e-18,1.1480522544929741e-18,1.20267238954196e-18,1.257288068534115e-18,1.311899291718814e-18,1.366506059345099e-18,3.655140519371305e-18,3.9963353646291896e-18,4.337460612210698e-18,4.678516271840348e-18,1.0379921219379873e-17,5.350372535639249e-17
2.6,1.6224104891087173e-19,2.1631270169087696e-19,2.7037994519958586e-19,3.244427796833304e-19,3.785012053884666e-19,4.3255522256144075e-19,4.866048314485304e-19,5.406500322960442e-19,5.9469082535059235e-19,6.487272108581425e-19,7.027591890651992e-19,7.567867602180664e-19,8.108099245629723e-19,8.648286823460952e-19,9.188430338138722e-19,9.728529792124066e-19,1.0268585187880334e-18,1.080859652787048e-18,1.1348563814555985e-18,1.1888487050399318e-18,1.2428366237859743e-18,1.2968201379402344e-18,1.3507992477488912e-18,3.6131278234869235e-18,3.9504009275162095e-18,4.287605233834538e-18,4.62474075205465e-18,1.0260612954435615e-17,5.288874606074936e-17
2.6100000000000003,1.6038334512255832e-19,2.1383586288781795e-19,2.672840218691273e-19,3.207278223099979e-19,3.741672644539648e-19,4.2760234854465243e-19,4.810330748255186e-19,5.344594435400515e-19,5.878814549320374e-19,6.41299109244628e-19,6.947124067215048e-19,7.481213476061519e-19,8.015259321419778e-19,8.549261605723423e-19,9.083220331408606e-19,9.617135500908178e-19,1.015100711665729e-18,1.0684835181090689e-18,1.1218619696641665e-18,1.1752360665744507e-18,1.2286058090830308e-18,1.2819711974335926e-18,1.3353322318694973e-18,3.5717565349603095e-18,3.905167770940434e-18,4.238510996961956e-18,4.5717862225275446e-18,1.0143126167436699e-17,5.2283155647128634e-17
2.62,1.585538950412529e-19,2.1139669417957585e-19,2.642351842534356e-19,3.17069365503566e-19,3.69899238170724e-19,4.2272480249575545e-19,4.755460587193407e-19,5.28363007082191e-19,5.811756478253112e-19,6.339839811890797e-19,6.867880074143986e-19,7.395877267419744e-19,7.923831394124395e-19,8.45174245666377e-19,8.97961045744624e-19,9.507435398876901e-19,1.0035217283363129e-18,1.0562956113311896e-18,1.109065189112874e-18,1.1618304619220177e-18,1.2145914299989571e-18,1.2673480935845994e-18,1.320100452919528e-18,3.531014459913221e-18,3.86062256276686e-18,4.190163431433372e-18,4.5196370753070354e-18,1.0027426230030301e-17,5.16867756222797e-17
2.6300000000000003,1.5675216356661902e-19,2.089944821277193e-19,2.6123254059052696e-19,3.134663391930403e-19,3.6569587817328043e-19,4.1792115776935624e-19,4.701421782192131e-19,5.2235893976082675e-19,5.745714426324639e-19,6.267796870717712e-19,6.789836733169131e-19,7.311834016058608e-19,7.833788721765124e-19,8.355700852667171e-19,8.87757041114575e-19,9.399397399578632e-19,9.921181820345833e-19,1.044292367582697e-18,1.0964622968400255e-18,1.1486279700444849e-18,1.2007893874336814e-18,1.2529465492457832e-18,1.3050994557186414e-18,3.4908896815963106e-18,3.8167522738584165e-18,4.1425483959509e-18,4.468278057161286e-18,9.913479300858273e-18,5.109943154954802e-17
2.64,1.5497762771359654e-19,2.066285294468692e-19,2.582752193089166e-19,3.099176975350427e-19,3.615559643605742e-19,4.1319002002092444e-19,4.648198647513451e-19,5.164454987871176e-19,5.680669223638117e-19,6.196841357163835e-19,6.712971390803013e-19,7.229059326908427e-19,7.74510516783212e-19,8.261108915925662e-19,8.777070573543099e-19,9.292990143035281e-19,9.808867626755286e-19,1.032470302705579e-18,1.084049634628808e-18,1.1356247586804384e-18,1.1871956750953863e-18,1.2387623841091246e-18,1.2903248859568107e-18,3.4513705530689004e-18,3.7735441700724154e-18,4.0956520693916095e-18,4.417694260208866e-18,9.801252304769045e-18,5.0520952941721955e-17
2.6500000000000004,1.532297762935836e-19,2.04298154579625e-19,2.5536236849629807e-19,3.0642241827625297e-19,3.574783041521625e-19,4.085300263567848e-19,4.595775851227185e-19,5.106209806825915e-19,5.616602132693167e-19,6.126952831152003e-19,6.637261904530552e-19,7.147529355155051e-19,7.65775518535102e-19,8.167939397443509e-19,8.678081993760011e-19,9.188182976624865e-19,9.69824234836461e-19,1.0208260111305389e-18,1.0718236267771967e-18,1.1228170820090055e-18,1.1738063770582308e-18,1.2247915121576898e-18,1.275772487539889e-18,3.4124456900988687e-18,3.730985804497666e-18,4.0494609423820105e-18,4.367871112830726e-18,9.690712912654624e-18,4.995117315710179e-17
2.66,1.5150810960517293e-19,2.020026912842299e-19,2.5249315538414564e-19,3.0297950213495626e-19,3.534617317667201e-19,4.0393984450958025e-19,4.544138405935218e-19,5.048837202485592e-19,5.553494837049877e-19,6.058111311925041e-19,6.56268662941305e-19,7.067220791814001e-19,7.571713801427294e-19,8.076165660551845e-19,8.580576371489003e-19,9.084945936536986e-19,9.589274357996197e-19,1.0093561638166641e-18,1.0597807779346962e-18,1.1102012783836734e-18,1.1606176653932528e-18,1.2110299391936346e-18,1.261438100014713e-18,3.37410396427531e-18,3.6890650099242315e-18,4.0039618091250295e-18,4.3187943708545205e-18,9.581829521891837e-18,4.93899292986833e-17
2.6700000000000004,1.49812139134118e-19,1.997414882345419e-19,2.4966676584769815e-19,2.9958797220104785e-19,3.495051075220742e-19,3.994181720383439e-19,4.493271659772676e-19,4.992320895662852e-19,5.491329430331139e-19,5.990297266048792e-19,6.489224405092011e-19,6.988110849735146e-19,7.486956602251855e-19,7.985761664915323e-19,8.484526040001134e-19,8.983249729781787e-19,9.481932736531924e-19,9.980575062525815e-19,1.0479176710036361e-18,1.0977737681337407e-18,1.1476257978699813e-18,1.197473760439981e-18,1.2473176560710603e-18,3.336334496326744e-18,3.647769891537909e-18,3.959141759470895e-18,4.2704501090020345e-18,9.47457123736727e-18,4.8837062116350004e-17
2.68,1.4814138726222364e-19,1.975139086319032e-19,2.468824039208157e-19,2.9624687335388543e-19,3.456073171560586e-19,3.9496373555236414e-19,4.443161287676765e-19,4.936644970268989e-19,5.430088405552093e-19,5.923491595772e-19,6.416854543179526e-19,6.910177250023656e-19,7.403459718552691e-19,7.896701951014468e-19,8.38990394965919e-19,8.88306571673401e-19,9.37618725448821e-19,9.869268565170688e-19,1.0362309651029007e-18,1.0855310514311645e-18,1.134827115726413e-18,1.184119158213733e-18,1.233407179117908e-18,3.2991266496380754e-18,3.6070888198320246e-18,3.914988171223889e-18,4.222824712591005e-18,9.368907853066639e-18,4.8292415911974865e-17
2.6900000000000004,1.4649538698485994e-19,1.9531932982850765e-19,2.4413929132520755e-19,2.9295527169738495e-19,3.4176727116748655e-19,3.9057528995804125e-19,4.393793282914247e-19,4.881793863900414e-19,5.3697546447656695e-19,5.857675627730986e-19,6.345556815022169e-19,6.833398208863216e-19,7.321199811477447e-19,7.80896162508772e-19,8.296683651919242e-19,8.784365894194195e-19,9.272008354136867e-19,9.759611033971167e-19,1.0247173935919695e-18,1.0734697062205933e-18,1.1222180415050473e-18,1.1709623996679157e-18,1.219702780931486e-18,3.262470023959596e-18,3.56701042372919e-18,3.8714887026769695e-18,4.175904869482749e-18,9.264809834209524e-18,4.7755838447333153e-17
2.7,1.448736816368177e-19,1.931571429618887e-19,2.4143666701356114e-19,2.897122540117978e-19,3.379839041765834e-19,3.8625161772798276e-19,4.345153948859103e-19,4.827752358703083e-19,5.3103114090138765e-19,5.792831101987866e-19,6.275311439826218e-19,6.757752424728312e-19,7.240154058892855e-19,7.722516344518099e-19,8.204839283804615e-19,8.687122878949986e-19,9.169367132153881e-19,9.65157204561559e-19,1.01337376215331e-18,1.0615863862105292e-18,1.1097950769528168e-18,1.1579998346002927e-18,1.2062006593727846e-18,3.2263544493017415e-18,3.527523583906158e-18,3.8286312853668565e-18,4.129677562267568e-18,9.162248299911618e-18,4.722718085473409e-17
2.7100000000000004,1.4327582462622335e-19,1.910267526001545e-19,2.387737867261031e-19,2.8651692722160606e-19,3.342561743042216e-19,3.819915281915876e-19,4.2972298910119273e-19,4.774505572505536e-19,5.251742328574524e-19,5.728940161391049e-19,6.206099073131998e-19,6.683219065972496e-19,7.160300142086996e-19,7.637342303649506e-19,8.114345552836332e-19,8.591309891820813e-19,9.068235322778355e-19,9.545121847883994e-19,1.002196946931148e-18,1.0498778189235436e-18,1.0975548009827645e-18,1.1452278933265032e-18,1.1928970961721616e-18,3.190769980009365e-18,3.488617426314945e-18,3.7864041170421074e-18,4.084130060679907e-18,9.061195006356754e-18,4.67062975502805e-17
2.72,1.4170137917625485e-19,1.8892757639762208e-19,2.3614992256016018e-19,2.8336841787901556e-19,3.3058306256935566e-19,3.7779385684642685e-19,4.250008009253278e-19,4.722038950211849e-19,5.194031393493869e-19,5.665985341247629e-19,6.137900795626092e-19,6.609777758780483e-19,7.08161623286136e-19,7.553416220018841e-19,8.025177722405311e-19,8.496900742170235e-19,8.96858528146511e-19,9.44023134244107e-19,9.911838927247981e-19,1.0383408038036566e-18,1.085493867695474e-18,1.132643084615551e-18,1.1797884547789006e-18,3.155706889009695e-18,3.4502813158938634e-18,3.744795654837326e-18,4.039249914235855e-18,8.96162233046217e-18,4.619304614967083e-17
2.73,1.4014991807439524e-19,1.8685904476050277e-19,2.335643625522824e-19,2.8026587166252496e-19,3.2696357230404195e-19,3.736574646897232e-19,4.203475490323123e-19,4.6703382554458e-19,5.137162944395571e-19,5.603949559297205e-19,6.070698102280094e-19,6.537408575471906e-19,7.004080980999655e-19,7.470715320989919e-19,7.937311597571513e-19,8.403869812870373e-19,8.870389969014437e-19,9.336872068131289e-19,9.80331611234725e-19,1.02697221037895e-18,1.0736090044582438e-18,1.1202419936855495e-18,1.1668711782735272e-18,3.121155662228204e-18,3.412504850462119e-18,3.703794608646616e-18,3.995024945085542e-18,8.863503254020617e-18,4.5687287386458816e-17
2.74,1.386210234289828e-19,1.848206005223153e-19,2.3101641027252593e-19,2.7720845289008445e-19,3.2339672858548056e-19,3.6958123756928186e-19,4.1576198005191107e-19,4.619389562438178e-19,5.081121663557091e-19,5.542816105977435e-19,6.004472891805377e-19,6.466092023145373e-19,6.927673502101233e-19,7.389217330776333e-19,7.850723511276273e-19,8.31219204570379e-19,8.773622936163611e-19,9.235016184760106e-19,9.696371793596408e-19,1.0157689764776484e-18,1.0618970100401565e-18,1.108021280257785e-18,1.1541417873408726e-18,3.0871069931669334e-18,3.3752778547920544e-18,3.663389934689825e-18,3.951443241073501e-18,8.766811348303814e-18,4.518888503269151e-17
2.75,1.3711428643281657e-19,1.828116986287053e-19,2.2850538443049364e-19,2.741953440463635e-19,3.19881577684517e-19,3.6556408555323263e-19,4.11242867860646e-19,4.569179248149193e-19,5.0258925662446925e-19,5.482568634971705e-19,5.939207456413496e-19,6.395809032651654e-19,6.852373365767119e-19,7.308900457840407e-19,7.765390310954227e-19,8.221842927188463e-19,8.678258308624965e-19,9.134636457345233e-19,9.59097737542953e-19,1.0047281064958963e-18,1.050354752801192e-18,1.0959776766671706e-18,1.1415968783018851e-18,3.053551777639967e-18,3.338590374853189e-18,3.623570829265256e-18,3.908493149000152e-18,8.671520759112145e-18,4.469770582184734e-17
2.7600000000000002,1.3562930713358894e-19,1.8083180583136882e-19,2.2603061849275463e-19,2.712257453236735e-19,3.164171865300728e-19,3.616049423179753e-19,4.0678901289326243e-19,4.51969398461842e-19,4.971460992298735e-19,5.4231911540298e-19,5.8748844718723225e-19,6.326540947885344e-19,6.778160584127268e-19,7.229743382656078e-19,7.681289345531928e-19,8.132798474812175e-19,8.584270772556122e-19,9.035706240822727e-19,9.487104881669723e-19,9.938466697155678e-19,1.038979168933647e-18,1.084107986027284e-18,1.1292331212022789e-18,3.0204811086609408e-18,3.3024326722224944e-18,3.584326722682821e-18,3.866163268077919e-18,8.577606192256172e-18,4.421361937399982e-17
2.77,1.341656942109247e-19,1.7888040039078204e-19,2.235914603112715e-19,2.6829887417609793e-19,3.130026421889864e-19,3.5770276455373624e-19,4.0239924147400732e-19,4.470920731534854e-19,4.917812597961051e-19,5.364668016052706e-19,5.811486987848294e-19,6.258269515384629e-19,6.705015600697905e-19,7.151725245823901e-19,7.5983984528005345e-19,8.04503522366296e-19,8.491635560448264e-19,8.938199465193177e-19,9.384726939933235e-19,9.831217986704787e-19,1.0277672607541525e-18,1.0724090804481957e-18,1.1170472579561872e-18,2.9878862714776682e-18,3.2667952186555266e-18,3.5456472733717495e-18,3.824442443575622e-18,8.485042899455852e-18,4.3736498123134725e-17
2.7800000000000002,1.3272306475981328e-19,1.769569717874563e-19,2.211872717624838e-19,2.654139648864104e-19,3.0963705136077036e-19,3.5385653138717184e-19,3.9807240516708475e-19,4.422846729020046e-19,4.864933347936735e-19,5.306983910433084e-19,5.748998418525643e-19,6.190976874229334e-19,6.632919279558454e-19,7.074825636526889e-19,7.516695947150643e-19,7.958530213442992e-19,8.400328437419116e-19,8.842090621093848e-19,9.28381676648083e-19,9.725506875594523e-19,1.016716095044675e-18,1.060877899305409e-18,1.1050361005430453e-18,2.955758738749155e-18,3.23166869081322e-18,3.507522362157282e-18,3.783319760645148e-18,8.39380666464418e-18,4.326621724655148e-17
2.79,1.3130104408022816e-19,1.750610204414419e-19,2.18817428396702e-19,2.625702681453642e-19,3.063195398868031e-19,3.5006524382046714e-19,3.9380738014566745e-19,4.375459490617409e-19,4.812809507682677e-19,5.250123854643095e-19,5.687402533493603e-19,6.124645546227534e-19,6.561852894837607e-19,6.999024581316125e-19,7.436160607657501e-19,7.873260975853436e-19,8.310325687897513e-19,8.747354745782985e-19,9.184348151501922e-19,9.621305907047193e-19,1.0058228014409068e-18,1.0495114475582529e-18,1.0931965292559895e-18,2.9240901658603958e-18,3.197043965139347e-18,3.4699420867008554e-18,3.7427845383244726e-18,8.30387379066207e-18,4.280265459628145e-17
2.8000000000000003,1.2989926547273504e-19,1.731920574398165e-19,2.1648131909748176e-19,2.5976705064295794e-19,3.0304925227349147e-19,3.4632792418640117e-19,3.896030665788705e-19,4.328746796481082e-19,4.761427635915635e-19,5.194073186061729e-19,5.62668344889301e-19,6.059258426381526e-19,6.4917981204987215e-19,6.924302533215635e-19,7.356771666505379e-19,7.789205522338396e-19,8.221604102686984e-19,8.653967409523117e-19,9.086295444817596e-19,9.518588210542013e-19,9.950845708665395e-19,1.038306794116142e-18,1.081525491000114e-18,2.8928723863705417e-18,3.1629121128837856e-18,3.4328967560985697e-18,3.702826323711392e-18,8.215221086332008e-18,4.234569063245856e-17
2.81,1.2851737003990039e-19,1.713496042719073e-19,2.1417834575066463e-19,2.570035946713014e-19,2.998253512289655e-19,3.42643615618877e-19,3.8545838803612145e-19,4.2826966867580943e-19,4.7107745773329025e-19,5.138817554034046e-19,5.566825618814181e-19,5.994798773624375e-19,6.4227370204150985e-19,6.850640361136421e-19,7.278508797740468e-19,7.706342332176714e-19,8.134140966396484e-19,8.561904702350766e-19,8.989633541989399e-19,9.417327487263e-19,9.844986540119644e-19,1.0272610702512024e-18,1.0700199976390219e-18,2.8620974075902498e-18,3.1292643952670225e-18,3.3963768856329342e-18,3.663434886302605e-18,8.127825853898522e-18,4.189520835858069e-17
2.8200000000000003,1.2715500649331072e-19,1.6953319257199365e-19,2.119079229227699e-19,2.542791977387001e-19,2.966470172128636e-19,3.3901138153841065e-19,3.813722909083589e-19,4.237297455157509e-19,4.660837455538648e-19,5.084342912154761e-19,5.507813826937805e-19,5.931250201818161e-19,6.354652038725628e-19,6.778019339589602e-19,7.201352106341515e-19,7.624650340910175e-19,8.047914045226218e-19,8.47114322121996e-19,8.89433787082056e-19,9.317497995957968e-19,9.7406235985596e-19,1.016371468055745e-18,1.0586771243880926e-18,2.8317574062839737e-18,3.0960922587812768e-18,3.3603731916728917e-18,3.6246002124927226e-18,8.041665876823496e-18,4.1451093258600134e-17
2.83,1.2581183096603095e-19,1.6774236386926146e-19,2.0966947754845005e-19,2.5159317219461795e-19,2.935134479988048e-19,3.3543030515212086e-19,3.773437438455447e-19,4.192537642700797e-19,4.6116036661696235e-19,5.030635510769319e-19,5.44963317841143e-19,5.868596671005951e-19,6.287525990462291e-19,6.706421138689467e-19,7.125282117598509e-19,7.544108929097852e-19,7.962901575097739e-19,8.381660057508089e-19,8.80038437823769e-19,9.2190745391961e-19,9.637730542290376e-19,1.005635238943211e-18,1.0474940082530318e-18,2.8018447244933907e-18,3.0633873306240496e-18,3.3248765867175875e-18,3.586312500228325e-18,7.956719407925484e-18,4.1013233235787166e-17
2.8400000000000003,1.2448750683032408e-19,1.6597666934477304e-19,2.0746244862671515e-19,2.4894484486516086e-19,2.904238582491389e-19,3.3189948896774783e-19,3.7337173720995605e-19,4.148406031647562e-19,4.563060870213721e-19,4.97768188968535e-19,5.392269091953872e-19,5.80682247890918e-19,6.221342052440584e-19,6.635827814437005e-19,7.050279766789355e-19,7.464697911385986e-19,7.879082250117028e-19,8.293432784872298e-19,8.707749517540492e-19,9.122032450011065e-19,9.536281584171007e-19,9.950496921911779e-19,1.0364678465122306e-18,2.772351865477998e-18,3.0311414142597973e-18,3.2898781745791812e-18,3.548562153812002e-18,7.872965157851754e-18,4.058151855330875e-17
2.85,1.2318170452047248e-19,1.6423566959523763e-19,2.0528628692565802e-19,2.463335566987615e-19,2.8737747910159417e-19,3.2841805432127075e-19,3.6945528254477743e-19,4.1048916395912485e-19,4.515196987515517e-19,4.925468871088093e-19,5.335707292180565e-19,5.745912252663e-19,6.156083754404887e-19,6.566221799275339e-19,6.976326389145431e-19,7.386397525883703e-19,7.796435211360465e-19,8.206439447445709e-19,8.616410236008317e-19,9.026347578917927e-19,9.436251478041736e-19,9.84612193525136e-19,1.0255958952415921e-18,2.7432714897693195e-18,2.999346485105805e-18,3.2553692457004693e-18,3.511339778851794e-18,7.790382283872952e-18,4.015584177647022e-17
2.8600000000000003,1.218941013605347e-19,1.6251893440336364e-19,2.0314045469540635e-19,2.4375866242173583e-19,2.8437355776744283e-19,3.2498514091768647e-19,3.6559341205749826e-19,4.06198371371934e-19,4.468000190462751e-19,4.87398355265321e-19,5.279933802142743e-19,5.685850940781864e-19,6.091734970420527e-19,6.497585892908301e-19,6.90340371009671e-19,7.309188423834758e-19,7.714940035973203e-19,8.120658548362492e-19,8.526343962851975e-19,8.931996281291747e-19,9.337615505529479e-19,9.743201637417235e-19,1.0148754678804593e-18,2.7145964113350286e-18,2.9679946863382487e-18,3.2213412726029583e-18,3.4746361773513514e-18,7.708950378989942e-18,3.973609771656602e-17
2.87,1.206243813968899e-19,1.6082604251459303e-19,2.0102442538905185e-19,2.4121953020341145e-19,2.814113571408347e-19,3.2159990638455176e-19,3.61785178117667e-19,4.019671725233084e-19,4.421458897848274e-19,4.823213300850986e-19,5.224934936073952e-19,5.626623805348413e-19,6.028279910505048e-19,6.429903253374166e-19,6.831493835788e-19,7.2330516595762925e-19,7.634576726570528e-19,8.036069038601877e-19,8.437528597500422e-19,8.838955405096985e-19,9.240349463219999e-19,9.641710773702226e-19,1.0043039338373984e-18,2.6863195938496947e-18,2.9370783248148227e-18,3.18778590546145e-18,3.4384423429365394e-18,7.628649461343407e-18,3.932218337629097e-17
2.8800000000000003,1.193722352354149e-19,1.591565814200132e-19,1.9893768339130086e-19,2.387155413305218e-19,2.784901554189376e-19,3.1826152583787625e-19,3.5802965276854166e-19,3.9779453639216048e-19,4.375561768901813e-19,4.773145744435799e-19,5.170697292337274e-19,5.568216414418466e-19,5.965703112491058e-19,6.363157388366351e-19,6.760579243857559e-19,7.157968680775437e-19,7.555325700932453e-19,7.952650306140771e-19,8.349942498211474e-19,8.74720227895638e-19,9.144429650184946e-19,9.541624613710905e-19,9.93878717134557e-19,2.6584341470686944e-18,2.906589867110175e-18,3.154694967801059e-18,3.40274945621412e-18,7.54945996391643e-18,3.891399789666198e-17
2.89,1.1813735988315482e-19,1.5751014714525948e-19,1.9687972375461348e-19,2.362460898905858e-19,2.7560924573256277e-19,3.149691914599968e-19,3.5432592725221715e-19,3.9367945328857574e-19,4.330297697486442e-19,4.723768768115262e-19,5.117207746567163e-19,5.510614634635632e-19,5.903989434113604e-19,6.297332146793645e-19,6.690642774470212e-19,7.083921318935332e-19,7.477167781982717e-19,7.870382165405788e-19,8.263564470996891e-19,8.656714700549108e-19,9.049832855853166e-19,9.442918938704045e-19,9.835972950894315e-19,2.6309333233022006e-18,2.87652193566075e-18,3.122060452312984e-18,3.3675488802585104e-18,7.47136272452128e-18,3.8511442505404377e-17
2.9000000000000004,1.16919458594345e-19,1.5588634404521927e-19,1.9485005194259377e-19,2.338105824639884e-19,2.727679357869403e-19,3.117221120890516e-19,3.5067311154780296e-19,3.8962093434069746e-19,4.285655806454552e-19,4.675070506393336e-19,5.06445344499977e-19,5.453804624048845e-19,5.843124045315019e-19,6.232411710572374e-19,6.621667621596873e-19,7.01089178016206e-19,7.400084188043163e-19,7.789244847015109e-19,8.178373758851772e-19,8.5674709253277415e-19,8.95653634821529e-19,9.345570029290887e-19,9.734571970328635e-19,2.6038105139860646e-18,2.8468673050155756e-18,3.0898745167852646e-18,3.3328321562225796e-18,7.394338976061352e-18,3.811442046675677e-17
2.91,1.1571824072065246e-19,1.5428478460436198e-19,1.9284818358041268e-19,2.314084378245008e-19,2.699655475123393e-19,3.0851951281970587e-19,3.4707033392225755e-19,3.8561801099567386e-19,4.24162544215849e-19,4.627039337582194e-19,5.012421797986039e-19,5.3977728251267865e-19,5.783092420760657e-19,6.16838058664351e-19,6.553637324533061e-19,6.938862636184635e-19,7.324056523355219e-19,7.709218987801504e-19,8.094350031279142e-19,8.479449655544491e-19,8.86451786235161e-19,9.249554653458724e-19,9.6345600306217e-19,2.5770592463466864e-18,2.8176188981898106e-18,3.0581294801450672e-18,3.298590999068732e-18,7.31837033706001e-18,3.772283703265151e-17
2.9200000000000004,1.1453342156550523e-19,1.527050892425192e-19,1.9087364421204288e-19,2.290390866479732e-19,2.6720141672422446e-19,3.053606346147743e-19,3.435167404934814e-19,3.8166973453422643e-19,4.198196169111026e-19,4.579663877977502e-19,4.961100473681878e-19,5.342505957962929e-19,5.723880332558892e-19,6.105223599207654e-19,6.486535759648925e-19,6.867816815620066e-19,7.249066768860067e-19,7.630285621107639e-19,8.011473374100456e-19,8.392630029576889e-19,8.773755589273046e-19,9.154850054929139e-19,9.535913428283066e-19,2.5506731801568988e-18,2.7887697831178036e-18,3.0268178186089803e-18,3.264817293416504e-18,7.243438802447915e-18,3.73365993952277e-17
2.93,1.1336472224238636e-19,1.5114688612595147e-19,1.8892596906410136e-19,2.2670197122895863e-19,2.6447489279266273e-19,3.0224473392741625e-19,3.400114948053037e-19,3.7777517559843155e-19,4.1553577647911647e-19,4.532932976192271e-19,4.910477391910061e-19,5.287991013665568e-19,5.665473843179294e-19,6.042925882171388e-19,6.420347132363814e-19,6.797737595476198e-19,7.175097273229793e-19,7.552426167345564e-19,7.929724279543449e-19,8.306991611544091e-19,8.684228165065872e-19,9.06143394183126e-19,9.438608943560407e-19,2.52464610458017e-18,2.7603131692027125e-18,2.995932161938109e-18,3.231503089503192e-18,7.169526734601134e-18,3.695561664063667e-17
2.9400000000000004,1.1221186953697012e-19,1.4960981098353654e-19,1.8700470281609479e-19,2.243965452050171e-19,2.617853383206923e-19,2.991710823335719e-19,3.3655377741399026e-19,3.739334237323038e-19,4.1131002145907665e-19,4.486835707644295e-19,4.860540718188542e-19,5.234215247927027e-19,5.607859298562766e-19,5.981472871798408e-19,6.355055969338413e-19,6.728608592884912e-19,7.102130744141656e-19,7.475622424812108e-19,7.84908363659872e-19,8.222514381204633e-19,8.595914660330757e-19,8.969284475682035e-19,9.342623828961138e-19,2.4989719351003495e-18,2.732242403959646e-18,2.9654652897946832e-18,3.1986405992539825e-18,7.096616854622188e-18,3.657979970409983e-17
2.95,1.1107459577298483e-19,1.4809350692792756e-19,1.8510939937687578e-19,2.2212227328847506e-19,2.591321288313873e-19,2.961389661743366e-19,3.331427854859307e-19,3.701435869347996e-19,4.071413706897788e-19,4.44136136919265e-19,4.811278857920214e-19,5.181166174766742e-19,5.551023321417985e-19,5.92085029955934e-19,6.290647110877986e-19,6.660413757058806e-19,7.030150239788285e-19,7.399856560752621e-19,7.769532721637013e-19,8.139178724127333e-19,8.508794569907259e-19,8.878380260664454e-19,9.247935798084328e-19,2.473644710534424e-18,2.7045509697495808e-18,2.9354101281971705e-18,3.166222192458334e-18,7.024692233856837e-18,3.620906132618159e-17
2.9600000000000004,1.099526386816875e-19,1.4659762428152594e-19,1.832396216671181e-19,2.198786310054059e-19,2.565146524633477e-19,2.9314768620796306e-19,3.2977773240615714e-19,3.6640479122485616e-19,4.030288628311906e-19,4.396499473918558e-19,4.762680450739104e-19,5.128831560442779e-19,5.494952804698296e-19,5.861044185174035e-19,6.227105703540131e-19,6.593137361464452e-19,6.95913916061644e-19,7.325111102665266e-19,7.691053189279104e-19,8.056965422126803e-19,8.422847802875028e-19,8.7887003331944e-19,9.1545230147533e-19,2.4486585901256984e-18,2.6772324806011953e-18,2.9057597460708387e-18,3.1342403930492958e-18,6.953736285639252e-18,3.584331601023951e-17
2.97,1.0884574127484424e-19,1.45121820407129e-19,1.8139494140763417e-19,2.176651044416212e-19,2.539323096743677e-19,2.901965572712117e-19,3.264578473973781e-19,3.6271618021811285e-19,3.989715558988637e-19,4.352239746046481e-19,4.714734365008429e-19,5.077199417526908e-19,5.439634905253835e-19,5.802040829840795e-19,6.164417192941107e-19,6.526763996205851e-19,6.889081241287664e-19,7.25136892983891e-19,7.613627063510969e-19,7.9758556439558915e-19,8.338054672823566e-19,8.700224151767792e-19,9.062364082440155e-19,2.4240078507150578e-18,2.6502806791180757e-18,2.876507351890952e-18,3.1026878754827713e-18,6.8837327572589174e-18,3.548247998101736e-17
2.98,1.0775365172110735e-19,1.436657595431057e-19,1.7957493891335397e-19,2.1548118999545554e-19,2.5138451295302964e-19,2.8728490794975543e-19,3.2318237514920013e-19,3.5907691471495166e-19,3.949685268107977e-19,4.308572116001001e-19,4.667429692465763e-19,5.026257999138114e-19,5.385057037653394e-19,5.743826809646617e-19,6.102567316754513e-19,6.461278560611596e-19,6.819960542853927e-19,7.178613265117283e-19,7.537236729036482e-19,7.895830936246994e-19,8.254395888382155e-19,8.612931587079171e-19,8.97143803397306e-19,2.3996868839878645e-18,2.623689433468628e-18,2.8476462904157477e-18,3.0715574612136e-18,6.8146657221423445e-18,3.512647114434545e-17
2.99,1.0667612322569035e-19,1.422291126429701e-19,1.7777920289279922e-19,2.1332639413714513e-19,2.488706865379908e-19,2.8441208025737876e-19,3.1995057545724056e-19,3.5548617229952796e-19,3.9101887094639106e-19,4.26548671559558e-19,4.620755743011093e-19,4.975995793329936e-19,5.331206868171105e-19,5.6863889691532535e-19,6.041542097896754e-19,6.39666625601977e-19,6.751761445142001e-19,7.10682766688287e-19,7.461864922860845e-19,7.816873214695044e-19,8.171852544002462e-19,8.5268029124039445e-19,8.881724321518151e-19,2.375690193794313e-18,2.597452734456291e-18,2.81917003950656e-18,3.040842115265654e-18,6.746519572243359e-18,3.47752090479161e-17
3.,1.0561291391324009e-19,1.4081155721921684e-19,1.7600733025288602e-19,2.1120023317460064e-19,2.4639026614472924e-19,2.8157742932369943e-19,3.167617228718285e-19,3.519431469494547e-19,3.8712170171711143e-19,4.222973873349154e-19,4.574702039633313e-19,4.9264015176269385e-19,5.27807230893289e-19,5.629714415153692e-19,5.981327837893563e-19,6.33291257875454e-19,6.684468639340176e-19,7.035996021253763e-19,7.387494726097629e-19,7.738964755474758e-19,8.090406110986032e-19,8.441818794236134e-19,8.793202806827599e-19,2.352012393540969e-18,2.571564692667589e-18,2.791072207032439e-18,3.0105349428930573e-18,6.67927901063557e-18,3.4428614843101146e-17
3.0100000000000002,1.0456378671381198e-19,1.3941277719129463e-19,1.7425892590889906e-19,2.091022330253854e-19,2.4394269869952916e-19,2.787803230901643e-19,3.1361510635601557e-19,3.484470486558283e-19,3.8327615014854156e-19,4.1810241099268096e-19,4.529258313471176e-19,4.877464113705937e-19,5.225641512218024e-19,5.573790510594046e-19,5.921911110422286e-19,6.270003313288863e-19,6.618067120781407e-19,6.966102534487277e-19,7.314109555992887e-19,7.662088186885297e-19,8.010038428749488e-19,8.357960283174202e-19,8.705853751746052e-19,2.328648203651437e-18,2.546019535695755e-18,2.7633465278567745e-18,2.9806291863298732e-18,6.6129290443011174e-18,3.4086611247781325e-17
3.02,1.0352850925185553e-19,1.3803246273759254e-19,1.7253360259948236e-19,2.0703192899471333e-19,2.415274420804889e-19,2.760201420140704e-19,3.105100289526112e-19,3.449971030532848e-19,3.794813644734565e-19,4.139628133700827e-19,4.484414499004613e-19,4.829172742217627e-19,5.173902864911092e-19,5.518604868655906e-19,5.863278755024623e-19,6.207924525587664e-19,6.552542181916938e-19,6.897131725584085e-19,7.241693158159818e-19,7.586226481215477e-19,7.930731696320355e-19,8.275208805047461e-19,8.619657808967701e-19,2.30559244909404e-18,2.5208116054376355e-18,2.735986860903476e-18,2.9511182216255965e-18,6.547454977109768e-18,3.3749122510156674e-17
3.0300000000000002,1.0250685373812122e-19,1.3667031015132158e-19,1.7083098070649832e-19,2.0498886555928854e-19,2.3914396486534437e-19,2.732962787803751e-19,3.074458074599835e-19,3.4159255105979177e-19,3.7573650973561265e-19,4.098776836428531e-19,4.440160729372592e-19,4.781516777744502e-19,5.122844983099977e-19,5.464145346994413e-19,5.805417870984848e-19,6.146662556626206e-19,6.487879405474882e-19,6.829068419087007e-19,7.1702295990177885e-19,7.511362946823069e-19,7.852468464056649e-19,8.193546152276017e-19,8.534596013036575e-19,2.2828400569745818e-18,2.4959353554617417e-18,2.7089871863003513e-18,2.921995555563913e-18,6.482842402982787e-18,3.341607437350943e-17
3.04,1.0149859686440299e-19,1.353260217001775e-19,1.6915068807961325e-19,2.0297259615681647e-19,2.3679174608590826e-19,2.7060813802106657e-19,3.0442177211636333e-19,3.3823264852589026e-19,3.720407674039274e-19,4.058461289043534e-19,4.396487331813821e-19,4.734485803891023e-19,5.072456706815551e-19,5.410400042127507e-19,5.7483158113686105e-19,6.086204016078492e-19,6.424064657798235e-19,6.761897738068671e-19,7.099703258429706e-19,7.437481220421876e-19,7.775231625583705e-19,8.11295447545736e-19,8.450649771582944e-19,2.2603860541922488e-18,2.4713853484453348e-18,2.6823416025974325e-18,2.893254822662307e-18,6.419077199236136e-18,3.308739404189136e-17
3.0500000000000003,1.0050351970103153e-19,1.339993054896701e-19,1.6749235986546608e-19,2.0098268298101474e-19,2.3447027498892626e-19,2.6795513604186707e-19,3.014372662923986e-19,3.3491666589310186e-19,3.6839333499674434e-19,4.0186727375569606e-19,4.353384823226591e-19,4.688069608502114e-19,5.022727094908841e-19,5.357357283971773e-19,5.691960177217513e-19,6.026535776170603e-19,6.361084082357015e-19,6.695605097302468e-19,7.030098822531783e-19,7.364565259570388e-19,7.699004409941722e-19,8.033416275172828e-19,8.367800856788718e-19,2.238225565156771e-18,2.447156253678497e-18,2.6560443240579894e-18,2.864889782250055e-18,6.356145520097638e-18,3.2763010146707626e-17
3.06,9.952140759704041e-20,1.3268987533001716e-19,1.658556383412922e-19,1.990186967819698e-19,2.3217905080316885e-19,2.653367005560639e-19,2.9849164619172544e-19,3.3164388786124364e-19,3.6479342571589315e-19,3.979402599065549e-19,4.310843905844388e-19,4.64225817900632e-19,4.97364542006175e-19,5.305005630520777e-19,5.636338811895089e-19,5.9676449656943225e-19,6.298924093429542e-19,6.630176196611562e-19,6.961401276750297e-19,7.2925993353562695e-19,7.623770373938033e-19,7.954914394007711e-19,8.286031397075407e-19,2.216353809565108e-18,2.423242844633276e-18,2.630089678020179e-18,2.836894315622438e-18,6.294033790393183e-18,3.2442852714172094e-17
3.0700000000000003,9.8552050082923e-20,1.313974506064918e-19,1.642401727528648e-19,1.9708021667167444e-19,2.2991758251256764e-19,2.627522704252464e-19,2.9558428055931006e-19,3.2841361306437693e-19,3.612402680902482e-19,3.9406424578633536e-19,4.268855463023752e-19,4.597041697879834e-19,4.925201163927295e-19,5.253333862661522e-19,5.58143979557948e-19,5.909518964176104e-19,6.237571369947737e-19,6.5655970143904785e-19,6.893595898999538e-19,7.221568025270724e-19,7.5495133946978955e-19,7.877432008778448e-19,8.205323869007779e-19,2.194766100235838e-18,2.399639996595921e-18,2.604472102327175e-18,2.8092624232687835e-18,6.232728699396781e-18,3.212685313360726e-17
3.08,9.759524077590922e-20,1.3012175615313045e-19,1.626456191566355e-19,1.951668299346042e-19,2.2768538863523037e-19,2.6020129540676296e-19,2.927145503973485e-19,3.252251537551528e-19,3.577331056285229e-19,3.902384061654194e-19,4.2274105551412574e-19,4.552410538228047e-19,4.877384012395737e-19,5.202330979125199e-19,5.527251439898862e-19,5.852145396197147e-19,6.177012849501871e-19,6.501853801294609e-19,6.82666825305605e-19,7.151456206267483e-19,7.476217662408265e-19,7.800952622961252e-19,8.125661089407323e-19,2.1734578409996578e-18,2.376342684360472e-18,2.5791861428238713e-18,2.781988222172348e-18,6.172217194839982e-18,3.181494412656544e-17
3.0900000000000003,9.665077728768487e-20,1.2886252212969643e-19,1.6107164026594561e-19,1.9327813184317815e-19,2.2548199700815406e-19,2.576832359076872e-19,2.898818486884907e-19,3.220778354972967e-19,3.5427119648101623e-19,3.8646193178617826e-19,4.1865004155963123e-19,4.50835525948104e-19,4.830183850982805e-19,5.151986191568151e-19,5.47376228270516e-19,5.795512125859925e-19,6.117235722499925e-19,6.438933074092395e-19,6.760604182103697e-19,7.082249048000786e-19,7.403867673248697e-19,7.725460059315942e-19,8.047026207669067e-19,2.1524245246442783e-18,2.3533459799818147e-18,2.5542264509181507e-18,2.7550659431798205e-18,6.112486477075765e-18,3.150705971674639e-17
3.1,9.571846113448628e-20,1.276194839018111e-19,1.5951790530119571e-19,1.9141372547797038e-19,2.2330694457747937e-19,2.551975627451204e-19,2.8708558012619147e-19,3.1897099686600898e-19,3.5085381311006716e-19,3.8273402900348134e-19,4.1461164469168343e-19,4.46486660319987e-19,4.783590760336612e-19,5.102288919779453e-19,5.420961082982317e-19,5.739607251397151e-19,6.058227426477285e-19,6.376821609675792e-19,6.695389802444899e-19,7.0139320062374e-19,7.332448222504207e-19,7.65093845269966e-19,7.969402698276161e-19,2.1316617309122275e-18,2.330645050586583e-18,2.529587781204922e-18,2.7284899284385385e-18,6.053523993392647e-18,3.120313520068917e-17
3.1100000000000003,9.479809764949879e-20,1.2639238192415656e-19,1.5798408984385528e-19,1.895732215525278e-19,2.2115977719412083e-19,2.527437569126341e-19,2.843251608519685e-19,3.1590398915604313e-19,3.4748024196895325e-19,3.790539194344189e-19,4.1062502169647364e-19,4.421935488990337e-19,4.737595011859715e-19,5.053228787011298e-19,5.368836815885029e-19,5.684419099918898e-19,5.999975640552253e-19,6.315506439224204e-19,6.631011497373007e-19,6.946490816437493e-19,7.261944397854616e-19,7.577372243064739e-19,7.892774353506299e-19,2.1111651245499462e-18,2.3082351562401523e-18,2.5052649891510415e-18,2.702254628899376e-18,5.995317432474515e-18,3.0903107119214963e-17
3.12,9.388949589749524e-20,1.2518096162666498e-19,1.5646987569420484e-19,1.8775623824266815e-19,2.190400494146219e-19,2.5032130935268575e-19,2.8160001819938105e-19,3.1287617609724794e-19,3.441497831890003e-19,3.754208396169808e-19,4.066893455238422e-19,4.37955301052122e-19,4.692187063443129e-19,5.004795615428793e-19,5.317378667904354e-19,5.62993622229402e-19,5.942468280023343e-19,6.254974842517642e-19,6.567455911201381e-19,6.879911487499607e-19,7.192341572835501e-19,7.504746168635618e-19,7.817125276324604e-19,2.0909304534067845e-18,2.2861116478681775e-18,2.481253028839433e-18,2.6763546018834784e-18,5.937854719002094e-18,3.060691322960034e-17
3.1300000000000003,9.299246859164844e-20,1.239849733036062e-19,1.5497495073270125e-19,1.8596240102012486e-19,2.169473243070821e-19,2.4792972073482977e-19,2.7890959044452783e-19,3.098869335773545e-19,3.408617502746599e-19,3.7183404067742714e-19,4.0280380492694595e-19,4.337710431643917e-19,4.647357555308962e-19,4.956979421675625e-19,5.266576032156423e-19,5.576147388161953e-19,5.885693491104155e-19,6.195214342394721e-19,6.504709943444516e-19,6.814180295664964e-19,7.123625400465653e-19,7.433045259259504e-19,7.742439873457559e-19,2.0709535465824024e-18,2.2642699652310588e-18,2.4575469507706564e-18,2.6507845087109766e-18,5.881124008391917e-18,3.031449247845892e-17
3.14,9.210683201245751e-20,1.228041720054939e-19,1.5349900878486573e-19,1.8419134249041954e-19,2.1488117326201563e-19,2.455685012395655e-19,2.762533265628847e-19,3.0693564937180684e-19,3.3761546980633617e-19,3.6829278800611275e-19,3.989676041110809e-19,4.296399182610713e-19,4.60309730595872e-19,4.909770412552419e-19,5.216418503790874e-19,5.523041581071252e-19,5.829639645792044e-19,6.136212699351495e-19,6.442760743147033e-19,6.749283778576644e-19,7.055781807036489e-19,7.362254829926036e-19,7.668702848642882e-19,2.051230312621246e-18,2.2427056349498847e-18,2.4341418997203495e-18,2.625539112389947e-18,5.825113681668991e-18,3.0025784975312344e-17
3.1500000000000004,9.123240592872476e-20,1.2163831743372573e-19,1.5204174948958937e-19,1.8244270223483464e-19,2.12841175807994e-19,2.4323717034765076e-19,2.736306859922932e-19,3.0402172288042704e-19,3.3441028115072776e-19,3.6479636094150967e-19,3.9517996239138834e-19,4.2556108563886717e-19,4.559397308224068e-19,4.863158980804397e-19,5.166895875515438e-19,5.470607993741095e-19,5.7742953368665795e-19,6.077957906276867e-19,6.381595703356116e-19,6.685208729489041e-19,6.988796986058548e-19,7.2923604744508185e-19,7.595899196050182e-19,2.0317567377526985e-18,2.2214142685823023e-18,2.4110331126508474e-18,2.6006132753638305e-18,5.769812340469121e-18,2.974073196682961e-17
3.16,9.036901352052914e-20,1.2048717383788525e-19,1.5060287817076597e-19,1.8071612665637942e-19,2.1082691943194683e-19,2.4093525663474024e-19,2.7104113840193706e-19,3.011445648707327e-19,3.3124553617848977e-19,3.613440524622138e-19,3.914401138592087e-19,4.2153372050666683e-19,4.516248725417387e-19,4.817135701015465e-19,5.117998133233572e-19,5.41883602344251e-19,5.719649373014382e-19,6.020438183321059e-19,6.321202455733597e-19,6.62194219162361e-19,6.922657392360912e-19,7.223348059318571e-19,7.524014193867813e-19,2.0125288841756867e-18,2.200391560746998e-18,2.3882159166755777e-18,2.576001957315767e-18,5.715208802167538e-18,2.945927581171732e-17
3.1700000000000004,8.951648130413511e-20,1.193505099156247e-19,1.4918210571215024e-19,1.7901126882962548e-19,2.088379994039772e-19,2.3866229757118233e-19,2.6848416346712413e-19,2.9830359722770395e-19,3.2812059898898827e-19,3.579351688866901e-19,3.877473070568182e-19,4.175570136352708e-19,4.473642887579044e-19,4.771691325605474e-19,5.069715451791721e-19,5.367715267495653e-19,5.665690774076429e-19,5.96364197289298e-19,6.261568865303426e-19,6.559471452666441e-19,6.857349736338917e-19,7.155203717680965e-19,7.453033398050883e-19,1.9935428883863948e-18,2.1796332872953116e-18,2.3656857270745994e-18,2.5517002130280877e-18,5.6612920951299046e-18,2.918135995624082e-17
3.18,8.867463905878684e-20,1.182280987150608e-19,1.4777914843535777e-19,1.773277883543131e-19,2.068740186065756e-19,2.364178393268432e-19,2.659592506497214e-19,2.9549825270983314e-19,3.250348456419658e-19,3.545690295805559e-19,3.841008046603331e-19,4.1363017101591746e-19,4.43157128781888e-19,4.726816780927958e-19,5.022038190833342e-19,5.317235518880133e-19,5.612408766414706e-19,5.907557934783214e-19,6.202683025331003e-19,6.497784039403968e-19,6.792860978346246e-19,7.087913843505154e-19,7.382942636226212e-19,1.9747949595479568e-18,2.159135303528743e-18,2.3434380453599605e-18,2.5277031902955604e-18,5.608051454082539e-18,2.8906928910359857e-17
3.1900000000000004,8.78433197553306e-20,1.1711971753960878e-19,1.4639372798091193e-19,1.756653512126134e-19,2.0493458736809936e-19,2.342014365808052e-19,2.6346589898407435e-19,2.927279747112679e-19,3.219876638959092e-19,3.5124496667117477e-19,3.8049988317053114e-19,4.0975241352733623e-19,4.390025578749075e-19,4.682503163465345e-19,4.97495689075648e-19,5.267386761954967e-19,5.559792778394564e-19,5.8521749414088e-19,6.144533252330408e-19,6.436867712492669e-19,6.729178323227115e-19,7.021465085868437e-19,7.313728001749538e-19,1.9562813779008755e-18,2.1388935424609886e-18,2.32146845738938e-18,2.504006127890744e-18,5.555476315598311e-18,2.8635928224460373e-17
3.2,8.702235948661751e-20,1.1602514785518968e-19,1.450255711922584e-19,1.740236296299505e-19,2.0301932330040562e-19,2.3201265233581195e-19,2.6100361686826705e-19,2.899922170298852e-19,3.189784529529423e-19,3.4796232476937e-19,3.769438326113875e-19,4.0592297661110653e-19,4.348997569005983e-19,4.638741736119072e-19,4.928462268772164e-19,5.218159168285297e-19,5.507832435979762e-19,5.797482073176625e-19,6.087108081196168e-19,6.376710461359207e-19,6.666289214984829e-19,6.955844343395253e-19,7.245375847910926e-19,1.937998493213079e-18,2.118904013123319e-18,2.299772631526973e-18,2.4806043535800942e-18,5.50355631369508e-18,2.83683044666666e-17
3.2100000000000004,8.621159739963416e-20,1.1494417519974138e-19,1.4367441000265782e-19,1.7240230193927928e-19,2.0112785114051435e-19,2.2985105773731963e-19,2.58571921860562e-19,2.8729044364112485e-19,3.1600662321005167e-19,3.44720460698045e-19,3.734319562360921e-19,4.0214110995507397e-19,4.308479219858313e-19,4.595523924591782e-19,4.882545215060664e-19,5.169543092572699e-19,5.456517558436867e-19,5.743468613961926e-19,6.030396260455859e-19,6.317300499227171e-19,6.604181331582669e-19,6.891038758832243e-19,7.177872782284046e-19,1.9199427232684633e-18,2.099162798912028e-18,2.2783463168496433e-18,2.4574932821893233e-18,5.452281275543444e-18,2.810400520071633e-17
3.22,8.541087562931547e-20,1.1387658909497272e-19,1.423399813248833e-19,1.7080105244872728e-19,1.9925980259619735e-19,2.277162318970339e-19,2.561703404808881e-19,2.8462212847742805e-19,3.1307159601647995e-19,3.4151874322753237e-19,3.6996357024035595e-19,3.984060771846161e-19,4.2684626418993845e-19,4.552841313859219e-19,4.83719678902302e-19,5.1215290686863815e-19,5.405838154146127e-19,5.690124046698856e-19,5.974386747640404e-19,6.25862625826713e-19,6.54284257987369e-19,6.82703571375782e-19,7.111205661215514e-19,1.9021105523928945e-18,2.0796660559768474e-18,2.257185341397927e-18,2.434668413716706e-18,5.401641217280852e-18,2.7842978964384716e-17
3.23,8.462003923399033e-20,1.1282218296029446e-19,1.4102202694363843e-19,1.692195713125015e-19,1.974148161953755e-19,2.256077617207995e-19,2.5379840801722446e-19,2.819867552131175e-19,3.1017280343710286e-19,3.383565528174702e-19,3.6653800348278866e-19,3.947171555615229e-19,4.2289400918209834e-19,4.51068564472914e-19,4.792408215625041e-19,5.074107805792285e-19,5.355784416515686e-19,5.637438049079841e-19,5.919068704768583e-19,6.200676384866272e-19,6.482261090655576e-19,6.763822823422214e-19,7.045361584450178e-19,1.8844985300165783e-18,2.0604100116491124e-18,2.2362856104699934e-18,2.412125331492938e-18,5.3516263399290046e-18,2.7585175248440256e-17
3.24,8.383893613241763e-20,1.1178075402887075e-19,1.3972029341062557e-19,1.676575544049756e-19,1.9559253713922643e-19,2.235252417407307e-19,2.5145566833675365e-19,2.7938381705457654e-19,3.0730968802163638e-19,3.3523328136503843e-19,3.6315459721216534e-19,3.9107363569029584e-19,4.1899039692666983e-19,4.46904881048501e-19,4.748170881831373e-19,5.027270184577537e-19,5.306346719996458e-19,5.585400489360871e-19,5.864431493942765e-19,6.143439735014636e-19,6.4224252138473165e-19,6.701387931714656e-19,6.980327889888799e-19,1.867103269271841e-18,2.041390962908656e-18,2.2156431049576717e-18,2.389859700386324e-18,5.302227025411816e-18,2.733054447611926e-17
3.25,8.306741704236634e-20,1.1075210326572905e-19,1.3843453194218795e-19,1.661147031978652e-19,1.9379261715889487e-19,2.2146827395145767e-19,2.4914167370164757e-19,2.7681281653557463e-19,3.0448170257950326e-19,3.3214833195936895e-19,3.5981270480138194e-19,3.874748212316499e-19,4.1513468137624187e-19,4.427922853612007e-19,4.704476333127026e-19,4.981007253567522e-19,5.257515616194733e-19,5.534001422269686e-19,5.810464673052664e-19,6.08690536980445e-19,6.363323513784188e-19,6.6397191062539995e-19,6.916092148474323e-19,1.849921445625305e-18,2.0226052748882993e-18,2.1952538797232833e-18,2.367867265051981e-18,5.253433832671035e-18,2.7079037983103683e-17
3.2600000000000002,8.230533542069884e-20,1.0973603528787452e-19,1.3716449831945623e-19,1.6459072464040893e-19,1.9201471437570954e-19,2.194364676503812e-19,2.4685598458936096e-19,2.7427326531760207e-19,3.0168830996021034e-19,3.2910111864196616e-19,3.565116914879218e-19,3.839200286230278e-19,4.113261301721967e-19,4.387299962603152e-19,4.661316270124016e-19,4.935310225533049e-19,5.209281830079915e-19,5.483231085014074e-19,5.757157991584246e-19,6.031062551039648e-19,6.30494476462787e-19,6.578804633599458e-19,6.852642159203282e-19,1.8329497955435332e-18,2.0040493794149396e-18,2.1751140620162016e-18,2.3461438482238893e-18,5.205237493876934e-18,2.6830607997988887e-17
3.27,8.15525474049153e-20,1.0873235828635254e-19,1.3590995279093054e-19,1.6308533104247135e-19,1.9025849316480883e-19,2.174294392818226e-19,2.44598169517307e-19,2.7176468399507243e-19,2.9892898283908044e-19,3.260910661729701e-19,3.5325093412065e-19,3.804085868059278e-19,4.0756402435257357e-19,4.347172468843318e-19,4.618682545250773e-19,4.89017047398517e-19,5.161636256284747e-19,5.433079893387533e-19,5.704501386530826e-19,5.975900736952421e-19,6.247277945888494e-19,6.5186330145781555e-19,6.789965944258853e-19,1.8161851151912193e-18,1.98571977358622e-18,2.1552198499280237e-18,2.324685349048598e-18,5.157628910731396e-18,2.6585207623227855e-17
3.2800000000000002,8.080891175611957e-20,1.0774088395020581e-19,1.346706599774311e-19,1.6159823996048846e-19,1.8852362402208251e-19,2.154468122849633e-19,2.423678048717964e-19,2.6928660190526313e-19,2.9620320350819483e-19,3.231176098031031e-19,3.500298209127665e-19,3.769398369598642e-19,4.0384765806703735e-19,4.30753284356902e-19,4.576567159522037e-19,4.84557952975521e-19,5.114569955495489e-19,5.383538437969613e-19,5.652484978403599e-19,5.921409578023955e-19,6.190312238055584e-19,6.459192959726294e-19,6.728051744262256e-19,1.799624259161025e-18,1.9676130183818042e-18,2.1355675108853065e-18,2.303487741459439e-18,5.110599150860912e-18,2.6342790816538666e-17
3.29,8.007428980336775e-20,1.0676142739227595e-19,1.3344638877935373e-19,1.6012917408617864e-19,1.8680978343433992e-19,2.1348821694547159e-19,2.401644747411242e-19,2.668385569428637e-19,2.9351046367240498e-19,3.201801950511456e-19,3.4684775120074827e-19,3.7351313224277673e-19,4.001763382987571e-19,4.26837369490191e-19,4.534962259387079e-19,4.801529077657723e-19,5.068074150929635e-19,5.334597480418404e-19,5.6010990673389e-19,5.867578912906479e-19,6.134037018334913e-19,6.400473384840849e-19,6.666888013639304e-19,1.783264139234224e-18,1.9497257373083272e-18,2.116153380178849e-18,2.2825470725901706e-18,5.064139444297016e-18,2.610331237276278e-17
3.3000000000000003,7.934854538936139e-20,1.0579380707679698e-19,1.3223691228616525e-19,1.586778611379418e-19,1.8511665375261396e-19,2.115532902507132e-19,2.3798777075268855e-19,2.644200953790042e-19,2.908502642502715e-19,3.172782774867882e-19,3.437041352091143e-19,3.7012783753771126e-19,3.9654938459300437e-19,4.229687764953938e-19,4.4938601336540655e-19,4.758010953234063e-19,5.022140224898704e-19,5.286247949852563e-19,5.550334129299495e-19,5.814398764443843e-19,6.078441856488376e-19,6.342463406638716e-19,6.606463416098869e-19,1.7671017231712762e-18,1.932054615077076e-18,2.096973859528503e-18,2.261859461226939e-18,5.018241180041749e-18,2.5866727906161636e-17
3.31,7.863154481745018e-20,1.048378447487352e-19,1.3104200768808212e-19,1.572440337548779e-19,1.8344392306852108e-19,2.0964167574845416e-19,2.3583729191403754e-19,2.6203077168464714e-19,2.882221151798043e-19,3.144113225187198e-19,3.4059839382086406e-19,3.6678332920561033e-19,3.929661287922956e-19,4.191467927002321e-19,4.453253210488576e-19,4.715017139574485e-19,4.976759715453933e-19,5.238480939320608e-19,5.50018081236749e-19,5.761859335788037e-19,6.023516510774153e-19,6.285152338520562e-19,6.546766820220395e-19,1.751134033531574e-18,1.9145963963135632e-18,2.0780254156825944e-18,2.2414210962975677e-18,4.972895902715961e-18,2.5632993833140097e-17
3.3200000000000003,7.792315679990649e-20,1.0389336536482479e-19,1.2986145618986836e-19,1.5582742939334856e-19,1.8179128509358837e-19,2.077530234089541e-19,2.337126444577309e-19,2.5967014835821926e-19,2.8562553522886385e-19,3.1157880518780135e-19,3.375299583534258e-19,3.6347899484403524e-19,3.894259147778915e-19,4.153707182732317e-19,4.41313405448418e-19,4.672539764216518e-19,4.931924313112463e-19,5.191287702354951e-19,5.4506299331262085e-19,5.70995100660895e-19,5.969250923984335e-19,6.228529686436325e-19,6.487787295147305e-19,1.735358146521512e-18,1.897347884298067e-18,2.0593045790509575e-18,2.2212282353971106e-18,4.92809530928804e-18,2.5402067355384596e-17
3.33,7.722325240744036e-20,1.0296019702625699e-19,1.286950429267003e-19,1.5442779022601901e-19,1.8015843904147336e-19,2.0588698949036654e-19,2.316134416899212e-19,2.5733779575737513e-19,2.8306005181010924e-19,3.0878020996519924e-19,3.344982703399757e-19,3.602142330516739e-19,3.8592809821749366e-19,4.1163986595461014e-19,4.3734953638032215e-19,4.630571096117697e-19,4.88762585766203e-19,5.1446596496085305e-19,5.401672473128811e-19,5.658664329394959e-19,5.915635219577527e-19,6.172585144849843e-19,6.429514106383665e-19,1.7197711908701763e-18,1.8803059397363687e-18,2.040807942370741e-18,2.2012772033487524e-18,4.8838312458810675e-18,2.517390644340553e-17
3.3400000000000003,7.653170501991861e-20,1.0203817091297488e-19,1.2754255688203863e-19,1.5304486304330854e-19,1.7854508951299475e-19,2.0404323640734996e-19,2.2953930384254713e-19,2.550332919347742e-19,2.8052520080036083e-19,3.060150305553343e-19,3.315027813159745e-19,3.56988453198467e-19,3.8247204631896167e-19,4.0795356079358467e-19,4.3343299673858426e-19,4.589103542700516e-19,4.843856335041867e-19,5.098588345571708e-19,5.353299575451162e-19,5.607990025841815e-19,5.862659697903742e-19,6.11730859279976e-19,6.371936711691138e-19,1.7043703467318518e-18,1.8634674795598187e-18,2.022532159404053e-18,2.1815643907990395e-18,4.8400957046561715e-18,2.4948469820472294e-17
3.35,7.584839027825846e-20,1.0112712121953442e-19,1.2640379080745758e-19,1.5167839915718927e-19,1.7695094638390194e-19,2.0222143260281034e-19,2.274898579290503e-19,2.5275622247777214e-19,2.7802052636426704e-19,3.0328276970352636e-19,3.285429526107916e-19,3.5380107520121106e-19,3.7905713758989765e-19,4.043111398919406e-19,4.2956308222255034e-19,4.548129646967813e-19,4.800607874297962e-19,5.05306550536739e-19,5.30550254132685e-19,5.55791898332756e-19,5.810314832519235e-19,6.06269009005431e-19,6.315044757083686e-19,1.6891528446146941e-18,1.846829475753996e-18,2.00447394366663e-18,2.1620862528465934e-18,4.796880820770117e-18,2.4725716946931124e-17
3.3600000000000003,7.517318603746245e-20,1.0022688509248644e-19,1.2527854114437604e-19,1.5032815430726738e-19,1.753757246953076e-19,2.0042125242268596e-19,2.2546473760351314e-19,2.505061803519145e-19,2.7554558078215496e-19,3.0058293900820196e-19,3.256182551442715e-19,3.5065152930448654e-19,3.7568276160293544e-19,4.0071195215368263e-19,4.257391010709133e-19,4.507642084686572e-19,4.757872744610525e-19,5.008082991622176e-19,5.258272826862037e-19,5.508442251471074e-19,5.75859126658877e-19,6.008719873357305e-19,6.258828072917328e-19,1.6741159643348047e-18,1.8303889542151543e-18,1.986630067186673e-18,2.142839307703352e-18,4.7541788694051e-18,2.4505608004895007e-17
3.37,7.45059723207652e-20,9.933730256924177e-20,1.241666079476416e-19,1.4899388856908775e-19,1.7381914454671427e-19,1.9864237599369678e-19,2.234635830231333e-19,2.482827657481363e-19,2.730999242819563e-19,2.979150587375494e-19,3.227281692281177e-19,3.475392558667714e-19,3.7234831876658593e-19,3.971553580406138e-19,4.2196037380202635e-19,4.467633661638415e-19,4.715643352391841e-19,4.963632811411597e-19,5.211602039828075e-19,5.4595510387721145e-19,5.707479809373078e-19,5.955388352763014e-19,6.203276670072446e-19,1.6592570339950776e-18,1.8141429936337458e-18,1.9689973592930687e-18,2.1238201353875057e-18,4.711982262868847e-18,2.428810388329607e-17
3.3800000000000003,7.384663127486195e-20,9.845821651837821e-20,1.230677948109175e-19,1.4767536626460187e-19,1.7228093099156416e-19,1.9688448910397846e-19,2.214860407139418e-19,2.460855859335658e-19,2.706831248750988e-19,2.952786576504972e-19,3.198721843719613e-19,3.444637051516004e-19,3.6905322010148936e-19,3.9364072933368e-19,4.1822623296034224e-19,4.428097310934939e-19,4.673912238452587e-19,4.919707113277414e-19,5.165481936529803e-19,5.411236709330593e-19,5.656971432799152e-19,5.902686108057505e-19,6.148380736226176e-19,1.6445734289881304e-18,1.7980887244042822e-18,1.9515727054321968e-18,2.105025376447268e-18,4.670283547763137e-18,2.4073166163290562e-17
3.39,7.319504712619134e-20,9.758947258135325e-20,1.219819087938266e-19,1.4637235587474408e-19,1.7076081393524917e-19,1.951472830865262e-19,2.1953176343968325e-19,2.4391425510584244e-19,2.6829475819626173e-19,2.9267327282191e-19,3.170497990939972e-19,3.414243371236436e-19,3.657968870219351e-19,3.901674488999349e-19,4.1453602286882317e-19,4.389026090396292e-19,4.6326720752348775e-19,4.876298184315142e-19,5.1199044187475815e-19,5.363490779643147e-19,5.60705726811133e-19,5.850603885264252e-19,6.0941306322125555e-19,1.6300625710227201e-18,1.782223327560865e-18,1.9343530460125977e-18,2.086451730714706e-18,4.6290754022189874e-18,2.3860757104007526e-17
3.4000000000000004,7.255110613824245e-20,9.673091911558248e-20,1.2090876035080197e-19,1.4508462995405594e-19,1.6925852803551007e-19,1.9343045470537047e-19,2.176004100737678e-19,2.4176839425084656e-19,2.6593440734688603e-19,2.900984494718784e-19,3.1426052073605583e-19,3.3842062124956065e-19,3.6257875112250157e-19,3.8673491046496455e-19,4.108890993871519e-19,4.35041317999116e-19,4.591915664110135e-19,4.833398447329827e-19,5.074861530750967e-19,5.31630491547472e-19,5.557728602600823e-19,5.799132593231619e-19,6.0405168884679705e-19,1.6157219271729633e-18,1.7665440337376572e-18,1.9173353752767104e-18,2.068095956088757e-18,4.588350633196629e-18,2.3650839628631458e-17
3.41,7.191469656986199e-20,9.588240713885131e-20,1.198481632616046e-19,1.438119650473106e-19,1.677738126051686e-19,1.917337060444181e-19,2.1569164547422353e-19,2.396476310037633e-19,2.6360166274234947e-19,2.8755374079900924e-19,3.1150386528300784e-19,3.3545203630352143e-19,3.593982539696929e-19,3.8334251839064266e-19,4.0728482967560602e-19,4.3122518793367036e-19,4.551635932740259e-19,4.791000458058449e-19,5.030345456382343e-19,5.269670928803457e-19,5.508976876411877e-19,5.7482633003002705e-19,5.987530201559852e-19,1.601549008949833e-18,1.7510481221537062e-18,1.9005167401990403e-18,2.0499548673467617e-18,4.548102173848722e-18,2.3443377310810796e-17
3.4200000000000004,7.128570863453264e-20,9.504379027502173e-20,1.1879993456345946e-19,1.4255414160807952e-19,1.6630641151712615e-19,1.900567443988834e-19,2.1380514036156096e-19,2.3755159951338237e-19,2.612961219627033e-19,2.8503870781759786e-19,3.087793571863751e-19,3.3251807017725683e-19,3.5625484689843085e-19,3.7998968745806343e-19,4.037225919644345e-19,4.2745356052567705e-19,4.511825932500267e-19,4.7490969024570035e-19,4.986348516208513e-19,5.223580774836761e-19,5.460793679422299e-19,5.697987231048239e-19,5.935161430796247e-19,1.5875413713942807e-18,1.735732919621414e-18,1.8838942394099924e-18,2.0320253349836764e-18,4.5083230809449925e-18,2.323833436138322e-17
3.43,7.066403446059931e-20,9.421492470100266e-20,1.1776389448477114e-19,1.4131094391919451e-19,1.6485607311157312e-19,1.8839928216924656e-19,2.119405711994809e-19,2.354799403095558e-19,2.590173896068822e-19,2.8255291919859147e-19,3.0608652919204826e-19,3.296182196945303e-19,3.531479908132823e-19,3.766758426555269e-19,4.002017753286e-19,4.237257889396915e-19,4.472478835960929e-19,4.707680594050777e-19,4.942863164738555e-19,5.178026549096799e-19,5.413170748196632e-19,5.648295763111724e-19,5.883401594914307e-19,1.5736966121914745e-18,1.7205957995780876e-18,1.8674650221447578e-18,2.014304284078311e-18,4.469006532356831e-18,2.303567561540982e-17
3.4400000000000004,7.0049568052417e-20,9.339566909494935e-20,1.1673986638037577e-19,1.400821600150531e-19,1.6342255010534862e-19,1.8676103675766857e-19,2.100976200783463e-19,2.334323001737287e-19,2.567650771502924e-19,2.800959511142374e-19,3.034249221719948e-19,3.267519904299094e-19,3.500771559942934e-19,3.734004189714371e-19,3.9672177946774287e-19,4.2004123758946875e-19,4.4335879344297305e-19,4.666744471345967e-19,4.899881987706171e-19,5.133000484573547e-19,5.36609996300991e-19,5.599180424079592e-19,5.832241868845499e-19,1.5600123708055521e-18,1.7056341811399293e-18,1.8512262872165498e-18,1.996788693185833e-18,4.430145824600163e-18,2.2835366519509753e-17
3.45,6.944220525239751e-20,9.258588458566079e-20,1.1572767666829028e-19,1.388675816057208e-19,1.620055995033972e-19,1.8514173046680326e-19,2.0827597460135024e-19,2.3140833201246295e-19,2.5453880280569507e-19,2.776673870863255e-19,3.0079408495986267e-19,3.239188965317294e-19,3.4704182190731586e-19,3.7016286119199094e-19,3.932820144912346e-19,4.163992819103831e-19,4.395146635548732e-19,4.626281595301233e-19,4.857397699414896e-19,5.0884949489437045e-19,5.319573344940268e-19,5.550632888459692e-19,5.781673580555666e-19,1.5464863276344009e-18,1.6908455281779167e-18,1.835175282013603e-18,1.9794755932558935e-18,4.391734370435157e-18,2.2637373119487888e-17
3.4600000000000004,6.884184370393072e-20,9.17854347031436e-20,1.1472715476791993e-19,1.3766700400278284e-19,1.606049825122657e-19,1.8354109040094025e-19,2.0647532777330642e-19,2.294076947338777e-19,2.5233819138729497e-19,2.7526681783792714e-19,2.9819357419037044e-19,3.2111846054913613e-19,3.4404147701870335e-19,3.6696262370353007e-19,3.898819007081841e-19,4.1279930813709135e-19,4.357148460947767e-19,4.586285146857473e-19,4.815403140144485e-19,5.044502441853677e-19,5.273583053028554e-19,5.502644974715099e-19,5.731688207957895e-19,1.5331162031839067e-18,1.676227348414969e-18,1.819309301519275e-18,1.9623620665756863e-18,4.3537656965212735e-18,2.2441662048247577e-17
3.47,6.824838281515865e-20,9.09941853303127e-20,1.1373813303968611e-19,1.3648022604690113e-19,1.5922046445558976e-19,1.8195884836942245e-19,2.0469537789199817e-19,2.2743005312692945e-19,2.5016287417795517e-19,2.728938411485444e-19,2.956229541423917e-19,3.1835021326310745e-19,3.410756186142702e-19,3.637991702994372e-19,3.865208684222749e-19,4.0924071308630896e-19,4.3195870439516337e-19,4.546748424524443e-19,4.773891273616965e-19,5.0010155922650655e-19,5.228121381503259e-19,5.455208642368509e-19,5.682277375896394e-19,1.5198997572612004e-18,1.661777192543888e-18,1.8036256873546927e-18,1.9454452457373138e-18,4.3162334411262106e-18,2.2248200513981394e-17
3.4800000000000004,6.766172372357932e-20,9.021200465579821e-20,1.1276044672603814e-19,1.3530705003703044e-19,1.5785181469151638e-19,1.8039474079227531e-19,2.0293582844201568e-19,2.254750777434593e-19,2.480124887994533e-19,2.705480617125775e-19,2.9308179658563496e-19,3.1561369352134543e-19,3.38143752622397e-19,3.6067197399145695e-19,3.8319835773130066e-19,4.0572290394456385e-19,4.282456127339795e-19,4.507664842022634e-19,4.732855184520702e-19,4.958027155860964e-19,5.183180757069036e-19,5.40831598917297e-19,5.633432853199443e-19,1.506834788186381e-18,1.6474926533654957e-18,1.788121826843325e-18,1.9287223126288085e-18,4.2791313518873574e-18,2.205695628863239e-17
3.49,6.708176926146038e-20,8.943876312783238e-20,1.117939338938133e-19,1.34147281661254e-19,1.5649880653201527e-19,1.788485086079952e-19,2.0119638799102205e-19,2.2354244478293715e-19,2.458866790857061e-19,2.682290910010294e-19,2.9056968063082894e-19,3.129084480769443e-19,3.352453934411831e-19,3.575805168253326e-19,3.7991381833128725e-19,4.0224529806080333e-19,4.24574956115733e-19,4.469027925979116e-19,4.692288076091142e-19,4.915530012511566e-19,5.138753736257215e-19,5.36195924834733e-19,5.585146549799788e-19,1.4939191320222712e-18,1.6333713649464941e-18,1.772795152096955e-18,1.9121904974482323e-18,4.242453283624441e-18,2.1867897696619357e-17
3.5,6.650842392204039e-20,8.867433340918612e-20,1.108384353779107e-19,1.3300072992919455e-19,1.5516121716402773e-19,1.7731989718343752e-19,1.9947677008838185e-19,2.2163183597983154e-19,2.437850949588807e-19,2.659365471263607e-19,2.8808619258332235e-19,3.102340314307343e-19,3.323800637695348e-19,3.5452428970064063e-19,3.7666670932507572e-19,3.9880732274372607e-19,4.209461300575739e-19,4.43083131367584e-19,4.652183267746612e-19,4.873517163797513e-19,5.094833002836685e-19,5.31613078587465e-19,5.537410513920587e-19,1.4811506618217185e-18,1.619411001796499e-18,1.757643139122469e-18,1.895847077740234e-18,4.206193196201992e-18,2.1680993603818806e-17
3.5100000000000002,6.594159382649873e-20,8.791859033313098e-20,1.098937947262454e-19,1.3186720710596179e-19,1.538388275724094e-19,1.758086562257546e-19,1.9777669316609484e-19,2.1974293849354046e-19,2.4170739230832393e-19,2.6367005471041728e-19,2.8563092580001003e-19,3.075900056772105e-19,3.2954729444209635e-19,3.5150279219472467e-19,3.734564990352579e-19,3.954084150637228e-19,4.173585403802405e-19,4.393068750849154e-19,4.612534192777925e-19,4.831981730589574e-19,5.051411365283645e-19,5.270823097862054e-19,5.490216929325375e-19,1.4685272868920088e-18,1.605609278063796e-18,1.742663306948957e-18,1.879689377454515e-18,4.170345152440429e-18,2.14962134067975e-17
3.52,6.538118669167356e-20,8.717141086039796e-20,1.089598581459492e-19,1.3074652864759616e-19,1.5253142246461724e-19,1.743145396963275e-19,1.9609588044197369e-19,2.178754448008153e-19,2.3965323287223307e-19,2.6142924475534935e-19,2.832034805495022e-19,3.0497594035394927e-19,3.2674662426791756e-19,3.485155323906139e-19,3.702826648213496e-19,3.92048021659301e-19,4.138116030037386e-19,4.355734089539161e-19,4.573334396090283e-19,4.790916950683099e-19,5.008481754308661e-19,5.226028807960369e-19,5.443558112630296e-19,1.4560469520759421e-18,1.5919639467493004e-18,1.7278532167745853e-18,1.8637147660256154e-18,4.134903316074441e-18,2.1313527022288954e-17
3.5300000000000002,6.482711179850985e-20,8.643267403710997e-20,1.0803647445078848e-19,1.2963851313797296e-19,1.5123879019710054e-19,1.7283730572664451e-19,1.9443405982501062e-19,2.1602905259061722e-19,2.376222841220029e-19,2.592137545174498e-19,2.8080346387545424e-19,3.0239141229443275e-19,3.2397759987277134e-19,3.455620267088362e-19,3.6714469290109696e-19,3.887255985478895e-19,4.103047437476431e-19,4.3188212859877035e-19,4.534577531996252e-19,4.750316176486017e-19,4.96603722043965e-19,5.181740664842132e-19,5.397426510677127e-19,1.4437076370491693e-18,1.5784727989383058e-18,1.7132104711327589e-18,1.847920657473518e-18,4.099861949757546e-18,2.113290487690779e-17
3.54,6.42792799612181e-20,8.570226095366179e-20,1.0712349500976611e-19,1.2854298222712682e-19,1.4996072270334918e-19,1.7137671653607442e-19,1.927909638228766e-19,2.1420346466134236e-19,2.356142191491776e-19,2.570232273838339e-19,2.7843048946297533e-19,2.9983600548418657e-19,3.212397755450223e-19,3.426417997430173e-19,3.640420781758094e-19,3.8544061094090317e-19,4.0683739813589624e-19,4.282324398583694e-19,4.496257362058457e-19,4.710172872758874e-19,4.924070931659294e-19,5.137951539736375e-19,5.35181469796547e-19,1.4315073556333474e-18,1.5651336630495265e-18,1.6987327130770669e-18,1.8323045095244993e-18,4.065215413111596e-18,2.0954317897095828e-17
3.5500000000000003,6.373760349712594e-20,8.498005470452382e-20,1.0622077369687816e-19,1.2745976057096236e-19,1.4869701542355915e-19,1.6993253835148694e-19,1.9116632945149753e-19,2.1239838882035524e-19,2.3362871655494253e-19,2.5485731275188985e-19,2.7608417750803826e-19,2.973093109201501e-19,3.185327130849579e-19,3.3975438409917465e-19,3.609743240596151e-19,3.8219253306296247e-19,4.0340901120599184e-19,4.2462375858546183e-19,4.458367752980733e-19,4.670480614405666e-19,4.882576171095557e-19,5.09465442401883e-19,5.306715374142622e-19,1.4194441551247354e-18,1.5519444041010165e-18,1.684417625384541e-18,1.8168638227517455e-18,4.0309581608200985e-18,2.0777737499294086e-17
3.56,6.320199619720607e-20,8.426594034894742e-20,1.0532816684199774e-19,1.2638867577231716e-19,1.4744746723587513e-19,1.6850454132867645e-19,1.8955989814665988e-19,2.1061353778577669e-19,2.3166546034209513e-19,2.527156659114337e-19,2.7376415458981936e-19,2.948109264732017e-19,3.1585598165750026e-19,3.368993202386154e-19,3.5794094231254816e-19,3.7898084797516937e-19,4.000190373224408e-19,4.2105551045030795e-19,4.420902674546594e-19,4.631233084314223e-19,4.841546334763986e-19,5.051842426856173e-19,5.26212136154979e-19,1.4075161156378458e-18,1.5389029229925565e-18,1.670262929776785e-18,1.8015961397352344e-18,3.9970847407643195e-18,2.0603135580335165e-17
3.5700000000000003,6.267237329726154e-20,8.355980487254719e-20,1.0444553318285448e-19,1.253295583233395e-19,1.4621188038916745e-19,1.6709249947553862e-19,1.8797141567758787e-19,2.088486290904623e-19,2.297241398094252e-19,2.5059794792949217e-19,2.7147005354588546e-19,2.9234045675375053e-19,3.132091576482033e-19,3.3407615632434023e-19,3.54941452877358e-19,3.758050474023243e-19,3.9666693999439647e-19,4.175271307487162e-19,4.3838561976036815e-19,4.592424071244761e-19,4.80097492936039e-19,5.009508772902811e-19,5.218025602822992e-19,1.3957213494637407e-18,1.5260071558040442e-18,1.6562663861584793e-18,1.7864990442403682e-18,3.963589792200953e-18,2.0430484508050065e-17
3.58,6.214865144975482e-20,8.286153714974075e-20,1.0357273381808651e-19,1.2428224154915295e-19,1.4499006043731005e-19,1.6569619057696255e-19,1.8640063206245028e-19,2.0710338498812533e-19,2.278044494484549e-19,2.4850382553766036e-19,2.6920151335016867e-19,2.8989751298032993e-19,3.1059182452246515e-19,3.312844480708763e-19,3.5197538371996456e-19,3.7266463156400305e-19,3.9335219169735396e-19,4.140380642143638e-19,4.347222492093232e-19,4.554047467765604e-19,4.760855570102807e-19,4.967646800049128e-19,5.174421158547585e-19,1.3840580004426543e-18,1.513255073109561e-18,1.6424257918728926e-18,1.7715701604149412e-18,3.9304680439804956e-18,2.025975711208464e-17
3.5900000000000003,6.163074869626079e-20,8.21710279070214e-20,1.0270963216133281e-19,1.2324656155276953e-19,1.4378181617491513e-19,1.6431539612138757e-19,1.8484730148574075e-19,2.0537753236154016e-19,2.2590608884246607e-19,2.4643297102195454e-19,2.6695817899364565e-19,2.8748171285110324e-19,3.0800357268786242e-19,3.2852375859743913e-19,3.4904227067344804e-19,3.695591090093766e-19,3.9007427369880067e-19,4.1058776483528055e-19,4.3109958251232094e-19,4.516097268234642e-19,4.721181978621309e-19,4.92624995721962e-19,5.131301204964747e-19,1.3725242433505284e-18,1.500644679306634e-18,1.6287389809738938e-18,1.7568071520039136e-18,3.897714312805114e-18,2.0090926674919775e-17
3.6,6.111858444053245e-20,8.148816968704677e-20,1.0185609389634604e-19,1.2222235716122721e-19,1.4258695957449604e-19,1.629499012289927e-19,1.8331118221749333e-19,2.0367080263278621e-19,2.2402876256777285e-19,2.4438506211511296e-19,2.6473970136766854e-19,2.850926804182256e-19,3.0544399935954223e-19,3.257936582843572e-19,3.4614165728550706e-19,3.664879964557025e-19,3.868326758877417e-19,4.0717569567440754e-19,4.2751705590842757e-19,4.478567566825668e-19,4.681947980894694e-19,4.885311802219985e-19,5.088659031728935e-19,1.3611182832991723e-18,1.4881740119604102e-18,1.6152038235141426e-18,1.7422077215816298e-18,3.865323501525214e-18,1.9923966923090942e-17
3.6100000000000003,6.061207942215985e-20,8.081285681351899e-20,1.0101198693309456e-19,1.212094698729144e-19,1.4140530572501529e-19,1.6159949458146787e-19,1.8179203653427956e-19,2.0198293167546957e-19,2.2217218009716957e-19,2.423597818912714e-19,2.625457371498673e-19,2.8273004596497474e-19,3.029127084285827e-19,3.230937246326616e-19,3.4327309466927855e-19,3.6345081863037596e-19,3.836268966079831e-19,4.038013286941136e-19,4.239741149807268e-19,4.44145255559819e-19,4.643147505232664e-19,4.8448259996316255e-19,5.046488039714785e-19,1.3498383551496497e-18,1.475841141162281e-18,1.6018182248489686e-18,1.7277696098009626e-18,3.833290597473567e-18,1.975885201860139e-17
3.62,6.0111155690811e-20,8.014498535684052e-20,1.0017718136483371e-19,1.2020774380605781e-19,1.4023667277178905e-19,1.6026396835333715e-19,1.80289630641949e-19,2.0031365972888356e-19,2.2033605570551085e-19,2.4035681866296343e-19,2.6037594869257237e-19,2.803934458855947e-19,3.004093103332592e-19,3.204235421267761e-19,3.404361413574518e-19,3.6044710811646874e-19,3.804564424950955e-19,4.004641445845857e-19,4.204702144761382e-19,4.404746522609892e-19,4.604774580302556e-19,4.8047863187527e-19,5.00478173887243e-19,1.3386827229386195e-18,1.4636441689026744e-18,1.5885801249556233e-18,1.7134905946590361e-18,3.801610670836222e-18,1.9595556550524958e-17
3.6300000000000003,5.961573658103785e-20,7.948445310052365e-20,9.935154942611963e-20,1.1921702564834094e-19,1.3908088185771142e-19,1.589431181447883e-19,1.7880373460006648e-19,1.986627313140527e-19,2.1852010837736397e-19,2.3837586588038183e-19,2.582300039136846e-19,2.78082522567777e-19,2.9793342193313627e-19,3.1778270210022067e-19,3.3763036315958414e-19,3.574764052016575e-19,3.773208283169575e-19,3.971636325959851e-19,4.1700481812918815e-19,4.368443850070504e-19,4.56682333319938e-19,4.765186631584309e-19,4.96353374612988e-19,1.327649679317262e-18,1.4515812284576074e-18,1.5754874977674702e-18,1.6993684907790672e-18,3.770278873059165e-18,1.943405552679311e-17
3.64,5.912574668763548e-20,7.883115950833712e-20,9.853496545174416e-20,1.1823716460762773e-19,1.3793775706576775e-19,1.57636742915977e-19,1.7733412224800672e-19,1.9702989515161966e-19,2.1672406171668815e-19,2.364166220328508e-19,2.5610757618994145e-19,2.75796924277721e-19,2.954846663859229e-19,3.151708026042622e-19,3.348553330225482e-19,3.5453825773046885e-19,3.742195768177965e-19,3.938992903742887e-19,4.1357739848964956e-19,4.332539012536194e-19,4.529287987558216e-19,4.726020910860913e-19,4.922737783341442e-19,1.3167375450025235e-18,1.4396504837887064e-18,1.5625383505227912e-18,1.6854011487079628e-18,3.739290435289948e-18,1.9274324366162315e-17
3.6500000000000004,5.864111184153866e-20,7.818500569216983e-20,9.772730583656591e-20,1.1726801236376229e-19,1.368071253628029e-19,1.5634464492276441e-19,1.7588057113266244e-19,1.9541490408152388e-19,2.1494764385848448e-19,2.344787905524481e-19,2.5400834425251213e-19,2.7353630504770187e-19,2.9306267302701527e-19,3.125874482794318e-19,3.321106308940249e-19,3.5163222095974725e-19,3.711522185656354e-19,3.9067062380071106e-19,4.1018743675394314e-19,4.297026575143366e-19,4.492162861707797e-19,4.687283228123718e-19,4.882387675280928e-19,1.3059446682403319e-18,1.4278501289563156e-18,1.5497307231277976e-18,1.6715864542292496e-18,3.708640666853332e-18,1.9116338890356576e-17
3.66,5.816175908624514e-20,7.75458943805962e-20,9.692844899621887e-20,1.1630942302142066e-19,1.3568881654451764e-19,1.5506662965385842e-19,1.7444286243773083e-19,1.9381751498443411e-19,2.131905873823754e-19,2.3256207971973174e-19,2.5193199208487235e-19,2.7130032456609477e-19,2.906670772516693e-19,3.1003225022984827e-19,3.2939584358897686e-19,3.4875785741728052e-19,3.681182918030683e-19,3.8747714683463405e-19,4.0683442260021937e-19,4.2619011918810156e-19,4.455442366864425e-19,4.648967751836131e-19,4.84247734767866e-19,1.2952694242805403e-18,1.4161783875454275e-18,1.5370626875335598e-18,1.6579223276910059e-18,3.678324953760212e-18,1.8960075316381744e-17
3.6700000000000004,5.768761665475033e-20,7.691372988812383e-20,9.613827532867314e-20,1.1536125306398585e-19,1.3458266318165814e-19,1.538025057693183e-19,1.7302078091453454e-19,1.9223748870488612e-19,2.114526292280596e-19,2.306662025715131e-19,2.4987820882289556e-19,2.6908864806978453e-19,2.8829752039973087e-19,3.075048259002674e-19,3.2671056465901923e-19,3.459147367634923e-19,3.65117342301276e-19,3.843183813599442e-19,4.035178540270194e-19,4.227157603900591e-19,4.419121005365065e-19,4.611068745540121e-19,4.80300082530109e-19,1.2847102148632557e-18,1.4046335121040653e-18,1.5245323471264468e-18,1.644406723348377e-18,3.648338757248895e-18,1.8805510249006393e-17
3.68,5.721861394698283e-20,7.628841808510869e-20,9.535666717663081e-20,1.1442336130842475e-19,1.3348850056737447e-19,1.5255208504039575e-19,1.71614114814345e-19,1.9067458997608953e-19,2.097335106126028e-19,2.2879087681063204e-19,2.478466886571135e-19,2.6690094623891283e-19,2.859536496428689e-19,3.0500479895580318e-19,3.240543942646281e-19,3.4310243565613855e-19,3.6214892321721125e-19,3.811938570347086e-19,4.0023723719544125e-19,4.1927906378625496e-19,4.38319336893882e-19,4.573580566052603e-19,4.763952230072113e-19,1.2742654677163338e-18,1.3932137835938647e-18,1.5121378361318144e-18,1.6310376287203714e-18,3.6186776123580705e-18,1.8652620673406158e-17
3.6900000000000004,5.675468150772733e-20,7.566986636832014e-20,9.458350879073354e-20,1.134956088611387e-19,1.3240616666571506e-19,1.5131518229067383e-19,1.7022265582216704e-19,1.8912858734635768e-19,2.0803297694951407e-19,2.2693582471768016e-19,2.4583713073708714e-19,2.6473689509389645e-19,2.8363511787424296e-19,3.0253179916424395e-19,3.214269390501073e-19,3.403205376179242e-19,3.5921259495386703e-19,3.781031111440936e-19,3.96992086274711e-19,4.158795204318607e-19,4.347654137015718e-19,4.536497661700772e-19,4.725325779234946e-19,1.2639336360637105e-18,1.3819175108525157e-18,1.4998773190305582e-18,1.6178130639605388e-18,3.589337126530574e-18,1.8501383947966803e-17
3.7,5.629575100502403e-20,7.505798363214134e-20,9.38186862935645e-20,1.1257785907476787e-19,1.3133550206123406e-19,1.5009161533847714e-19,1.6884619899195255e-19,1.8759925310712647e-19,2.0635077776956963e-19,2.251007730646302e-19,2.4384923907784226e-19,2.625961758946704e-19,2.8134158360055287e-19,3.0008546228091067e-19,3.1882781202125483e-19,3.375686329069801e-19,3.5630792502356193e-19,3.7504568845646184e-19,3.937819232910904e-19,4.1251662961289254e-19,4.3124980750720165e-19,4.499814570595536e-19,4.687115783553693e-19,1.2537131981443584e-18,1.3707430300678126e-18,1.4877489899882704e-18,1.60473108124124e-18,3.5603129782472985e-18,1.8351777797242634e-17
3.7100000000000004,5.584175520903191e-20,7.445268024038809e-20,9.306208764442348e-20,1.116699775059231e-19,1.3027634990968018e-19,1.488812049405192e-19,1.6748454268320638e-19,1.8608636322251875e-19,2.0468666664333696e-19,2.232854530303208e-19,2.4188272246831456e-19,2.604784750420937e-19,2.790727108364074e-19,2.9766542993598784e-19,3.1625663242565637e-19,3.3484631839011894e-19,3.5343448791416212e-19,3.720211410825578e-19,3.9060627798002795e-19,4.0918989869132834e-19,4.277720033011044e-19,4.463525918942019e-19,4.649316645553532e-19,1.24360265674157e-18,1.3596887042629978e-18,1.475751072296651e-18,1.5917897641511392e-18,3.53160091569046e-18,1.8203780305066255e-17
3.72,5.539262797134625e-20,7.385386799873329e-20,9.231360260485866e-20,1.1077183187382546e-19,1.2922855588974505e-19,1.4768377473675953e-19,1.6613748849895342e-19,1.8458969726042195e-19,2.0304040110536297e-19,2.214896001177555e-19,2.399372943817613e-19,2.58383483981474e-19,2.7682816900096145e-19,2.95271349524274e-19,3.1371302563555075e-19,3.3215319741881663e-19,3.505918649581762e-19,3.690290283377196e-19,3.8746468764148725e-19,4.0589884295355337e-19,4.243314943578824e-19,4.427626419386378e-19,4.611922857798707e-19,1.233600538722354e-18,1.348752922793162e-18,1.463881817826923e-18,1.5789872271056365e-18,3.503196755435561e-18,1.805736990780624e-17
3.7300000000000004,5.494830420475748e-20,7.326146012771978e-20,9.157312270493429e-20,1.0988329201982944e-19,1.2819196815584186e-19,1.4649915119643882e-19,1.648048412250303e-19,1.831090383250369e-19,2.0141174257998125e-19,2.197129540731686e-19,2.380126728880858e-19,2.563108991081518e-19,2.7460763281676007e-19,2.929028740972868e-19,3.1119662303319637e-19,3.294888797078394e-19,3.4777964420464605e-19,3.660689166070318e-19,3.8435669699836304e-19,4.0264298546203946e-19,4.209277820813523e-19,4.392110869397897e-19,4.574929001207284e-19,1.2237053945866653e-18,1.3379341008523958e-18,1.4521395064949142e-18,1.5663216147698928e-18,3.475096381171284e-18,1.7912525387768777e-17
3.74,5.450871986344286e-20,7.26753712363505e-20,9.084054121021938e-20,1.0900422986781063e-19,1.2716643729189338e-19,1.4532716356526711e-19,1.634864087706745e-19,1.8164417299086895e-19,1.9980045630870482e-19,2.179552588068208e-19,2.36108580568036e-19,2.5426042167510196e-19,2.72410782210745e-19,2.9055966225767444e-19,3.0870706189868665e-19,3.268529812164658e-19,3.4499742029377423e-19,3.631403792133605e-19,3.812818580579238e-19,3.9942185691019684e-19,4.1756037585280436e-19,4.356974149685665e-19,4.538329743401932e-19,1.2139157980262686e-18,1.3272306789914781e-18,1.4405224457375736e-18,1.5537911014941828e-18,3.447295742446755e-18,1.7769225866740392e-17
3.75,5.4073811923578915e-20,7.209551729623902e-20,9.011575308947763e-20,1.081345193853955e-19,1.2615181626610136e-19,1.4416764381373412e-19,1.621820021103762e-19,1.8019489123812079e-19,1.9820631127916108e-19,2.1621626231547665e-19,2.3422474442922556e-19,2.522317577024992e-19,2.702373022173639e-19,2.8824137805586906e-19,3.062439853001504e-19,3.242451240322324e-19,3.4224479433421712e-19,3.6024299628819265e-19,3.782397299761985e-19,3.9623499548030755e-19,4.1422879288248483e-19,4.3222112226488995e-19,4.50211983709573e-19,1.2042303454929763e-18,1.3166411226458056e-18,1.4290289700006087e-18,1.5413938907612449e-18,3.4197908534454116e-18,1.762745079966779e-17
3.7600000000000002,5.3643518364365517e-20,7.152181561630985e-20,8.939865498304361e-20,1.072740365460142e-19,1.2514796038667692e-19,1.4302042658651707e-19,1.6089143522696402e-19,1.7876098638945752e-19,1.966290801555369e-19,2.1449571660652918e-19,2.323608958239388e-19,2.502246178892039e-19,2.6808688288373765e-19,2.8594769088893656e-19,3.038070419862828e-19,3.2166493625714817e-19,3.395213737829814e-19,3.573763546452173e-19,3.7522987892524267e-19,3.9308194670447705e-19,4.109325580642334e-19,4.287817130860177e-19,4.466294118512269e-19,1.1946476557760524e-18,1.3061639216733518e-18,1.4176574402370023e-18,1.5291282146453684e-18,3.392577791784915e-18,1.7487179968471942e-17
3.77,5.321777814945157e-20,7.09541848180334e-20,8.868914517186795e-20,1.064226592917563e-19,1.2415472725850722e-19,1.4188534915295942e-19,1.5961452505589586e-19,1.7734225504810998e-19,1.95068539210494e-19,2.127933776237296e-19,2.305167703686742e-19,2.482387175261196e-19,2.65959219176833e-19,2.8367827540156483e-19,3.0139588628115042e-19,3.1911205189631606e-19,3.368267723278638e-19,3.545400476565824e-19,3.7225187796321244e-19,3.8996226332852744e-19,4.0767120383319514e-19,4.253786995580744e-19,4.430847505839162e-19,1.1851663695885603e-18,1.295797589902402e-18,1.4064062434161431e-18,1.5169923332829226e-18,3.365652697342447e-18,1.7348393475993072e-17
3.7800000000000002,5.279653120875279e-20,7.039254481118391e-20,8.798712354721613e-20,1.0558026749701086e-19,1.2317197674073735e-19,1.4076225135859428e-19,1.5835109143072528e-19,1.759384970372843e-19,1.9352446825852313e-19,2.1110900517448485e-19,2.2869210786538693e-19,2.462737764113816e-19,2.638540108925967e-19,2.814328113891435e-19,2.990101779812176e-19,3.1658611074890616e-19,3.3416060977237165e-19,3.517336751317634e-19,3.6930530690718287e-19,3.868755051787642e-19,4.044442700265366e-19,4.220116015307189e-19,4.395774997714228e-19,1.175785149162442e-18,1.285540664688833e-18,1.395273792043315e-18,1.5049845343540696e-18,3.3390117711048173e-18,1.7211071740063442e-17
3.79,5.23797184206522e-20,6.983681677010797e-20,8.729249158100497e-20,1.0474674293287171e-19,1.221995709052446e-19,1.396509755776891e-19,1.5710095702971623e-19,1.7454951534084706e-19,1.9199665059069982e-19,2.094423628586857e-19,2.2688665222438886e-19,2.443295187673288e-19,2.6177096256700076e-19,2.792109837028835e-19,2.966495822545397e-19,3.1408675830142395e-19,3.3152251192306595e-19,3.489568431989823e-19,3.663897522086423e-19,3.838212390315471e-19,4.012513037470943e-19,4.1867994643486954e-19,4.361071671743519e-19,1.166502677852122e-18,1.275391706482715e-18,1.3842585236893055e-18,1.4931031325753787e-18,3.3126512740427636e-18,1.7075195487704926e-17
3.8000000000000003,5.1967281594574294e-20,6.928692311049082e-20,8.660515229676192e-20,1.0392196923228995e-19,1.2123737399598494e-19,1.3855136666678598e-19,1.5586394732357787e-19,1.7317511604525574e-19,1.9048487291081072e-19,2.0779321799902878e-19,2.251001513888675e-19,2.4240567315922016e-19,2.597097833889561e-19,2.770124821569282e-19,2.9431376954207264e-19,3.116136456232186e-19,3.2891211047926937e-19,3.462091641891156e-19,3.635048068316006e-19,3.8079903848559984e-19,3.9809185922988544e-19,4.153832691434165e-19,4.326732683050463e-19,1.1573176597464308e-18,1.2653492984040107e-18,1.3733589005298843e-18,1.4813464692030996e-18,3.286567526008898e-18,1.6940745749448363e-17
3.81,5.1559163453924416e-20,6.874278746660992e-20,8.592501024119317e-20,1.0310583185595693e-19,1.2028525238919147e-19,1.37463271919216e-19,1.5463989052429575e-19,1.718151082827062e-19,1.8898892527281835e-19,2.0616134157279925e-19,2.233323572609864e-19,2.4050197241565366e-19,2.576701871150507e-19,2.7483700143741147e-19,2.920024154610521e-19,3.0916642926418244e-19,3.2632904292508663e-19,3.434902565220352e-19,3.606500701332528e-19,3.7780848383699513e-19,3.9496549771141577e-19,4.1212111183485375e-19,4.2927532628554314e-19,1.148228819288663e-18,1.2554120458271668e-18,1.3625734088949375e-18,1.4697129115468428e-18,3.2607569046587323e-18,1.6807703853772045e-17
3.8200000000000003,5.115530761938405e-20,6.820433466906272e-20,8.525197145634445e-20,1.0229821805889875e-19,1.1934307455440275e-19,1.3638654102056212e-19,1.5342861753502914e-19,1.7046930417546608e-19,1.8750860101963008e-19,2.04546508145076e-19,2.215830256295277e-19,2.386181535506458e-19,2.5565189198606724e-19,2.7268424101341293e-19,2.8971520071038585e-19,3.0674477115458316e-19,3.237729524236756e-19,3.407997445953211e-19,3.578251477471309e-19,3.7484916195674834e-19,3.918717873017146e-19,4.088930238597549e-19,4.2591287170849083e-19,1.1392349009045618e-18,1.2455785759743703e-18,1.3519005588270046e-18,1.4582008524934034e-18,3.235215844394226e-18,1.6676051421656105e-17
3.83,5.0755658592554634e-20,6.767149072295945e-20,8.458594345234301e-20,1.0149901685776806e-19,1.1841071101630483e-19,1.353210260050519e-19,1.5222996190105495e-19,1.6913751878136952e-19,1.8604369672314527e-19,2.0294849580333106e-19,2.1985191609904363e-19,2.367539576873369e-19,2.536546206452413e-19,2.7055390504977124e-19,2.8745181097802263e-19,3.0434833850698654e-19,3.2124348771372687e-19,3.3813725867529464e-19,3.550296514686951e-19,3.719206661709646e-19,3.8881030285903883e-19,4.056985616100359e-19,4.225854425009706e-19,1.130334668638065e-18,1.2358475375172953e-18,1.3413388836490288e-18,1.4468087100405257e-18,3.209940835329374e-18,1.6545770361250623e-17
3.8400000000000003,5.036016173994066e-20,6.714418278656808e-20,8.392683518070505e-20,1.0070811899881389e-19,1.1748803431736431e-19,1.3426658121285407e-19,1.5104375976172853e-19,1.6781957004044273e-19,1.845940121255452e-19,2.0136708609338532e-19,2.1813879202047876e-19,2.3490912998327914e-19,2.5167810005821654e-19,2.684457023217054e-19,2.8521193685024076e-19,3.019768037202138e-19,3.1874030300808797e-19,3.3550243479031376e-19,3.522631991432966e-19,3.6902259614347247e-19,3.8578062586717747e-19,4.025372883909288e-19,4.1929258379114136e-19,1.1215269057946056e-18,1.2262176001871055e-18,1.330886939541072e-18,1.4355349268403317e-18,3.184928422277245e-18,1.6416842862654274e-17
3.85,4.9968763277265526e-20,6.662233915040281e-20,8.327455700819741e-20,9.992541692651734e-20,1.16574918981238e-19,1.3322306324826264e-19,1.4986984980344241e-19,1.6651527872263829e-19,1.8315935008180373e-19,1.9980206395669478e-19,2.1644342042323246e-19,2.3308341955727607e-19,2.497220614346618e-19,2.6635934613121025e-19,2.829952737228217e-19,2.99629844285294e-19,3.1626305789449583e-19,3.3289491462628404e-19,3.495254145564698e-19,3.661545577608952e-19,3.8278234431530324e-19,3.994087742956161e-19,4.1603384777765505e-19,1.1128104145918248e-18,1.2166874543925618e-18,1.3205433051258222e-18,1.4243779697522422e-18,3.160175203758071e-18,1.6289251392801507e-17
3.8600000000000003,4.958141025411054e-20,6.610588921674384e-20,8.262902069123812e-20,9.915080475287328e-20,1.1567124147693655e-19,1.3219033093874276e-19,1.4870807321355519e-19,1.6522446837664653e-19,1.8173951650338163e-19,1.9825321766892925e-19,2.1476557194862176e-19,2.3127657941773057e-19,2.477862401515039e-19,2.6429455422517465e-19,2.8080152171405467e-19,2.9730714269335425e-19,3.13811417238354e-19,3.3031434542432267e-19,3.4681592732648386e-19,3.6331616302009157e-19,3.7981505258030167e-19,3.963125960824479e-19,4.128087936017638e-19,1.104184015817481e-18,1.207255810846e-18,1.310306581062646e-18,1.4133363294051036e-18,3.1356778310277754e-18,1.6162978690455004e-17
3.87,4.919805053887176e-20,6.559476347958033e-20,8.199013935082632e-20,9.838417822730757e-20,1.147768801837291e-19,1.311682452948235e-19,1.4755827363527207e-19,1.6394696527976557e-19,1.8033432030308606e-19,1.9672033877982108e-19,2.1310502078472066e-19,2.2948836639247414e-19,2.458703756777479e-19,2.6225104871519316e-19,2.7863038557953956e-19,2.9500838634541567e-19,3.113850510875203e-19,3.277603798805399e-19,3.441343727991166e-19,3.6050702991792277e-19,3.7687835131153277e-19,3.932483370546984e-19,4.0961698722207073e-19,1.0956465484944349e-18,1.1979214001970427e-18,1.3001753896500328e-18,1.4024085197683767e-18,3.111433007126589e-18,1.6038007761301777e-17
3.8800000000000003,4.881863280402525e-20,6.508889350496518e-20,8.135782744798658e-20,9.762543470721123e-20,1.138917153567681e-19,1.3015666947081336e-19,1.4642029712345236e-19,1.6268259838879983e-19,1.789435733410612e-19,1.9520322205424874e-19,2.1146154460253597e-19,2.2771854106003623e-19,2.4397421150084007e-19,2.60228555999023e-19,2.7648157462873847e-19,2.927332674640392e-19,3.0898363457904828e-19,3.2523267604787584e-19,3.414803919445887e-19,3.577267823432831e-19,3.739718473179584e-19,3.9021558694278977e-19,4.064580012918528e-19,1.0871968695525082e-18,1.1886829726738262e-18,1.2901483744362002e-18,1.3915930777321208e-18,3.0874374859471914e-18,1.5914321873149854e-17
3.89,4.844310651169535e-20,6.458821191177316e-20,8.073200075971768e-20,9.687447312908054e-20,1.1301562909342045e-19,1.2915546872632318e-19,1.4529399210132402e-19,1.6143119929196764e-19,1.775670903718886e-19,1.9370166541452985e-19,2.0983492449349436e-19,2.2596686768232545e-19,2.420974950545436e-19,2.582268066836546e-19,2.743548026432415e-19,2.9048148300678733e-19,3.0660684784784505e-19,3.2273089723995483e-19,3.3885363125661347e-19,3.549750499713474e-19,3.7109515345758676e-19,3.872139417889361e-19,4.0333141503890136e-19,1.0788338535070839e-18,1.1795392977316001e-18,1.2802241998376942e-18,1.3808885626956077e-18,3.0636880713219924e-18,1.579190455122362e-17
3.9000000000000004,4.807142189951755e-20,6.409265235285243e-20,8.011257635543285e-20,9.613119398024606e-20,1.121485053002864e-19,1.2816451038857502e-19,1.4417920931808308e-19,1.601926021617909e-19,1.762046889927681e-19,1.9221546988389406e-19,2.082249449082072e-19,2.2423311413868634e-19,2.402399776482881e-19,2.562455355099541e-19,2.7224978779670287e-19,2.882527345814537e-19,3.042543759371951e-19,3.2025471193690308e-19,3.362537426535106e-19,3.5225146815997976e-19,3.682478885291776e-19,3.842430038341435e-19,4.002368141478196e-19,1.0705563921442736e-18,1.1704891637085065e-18,1.2704015507657889e-18,1.3702935561643406e-18,3.04018161612907e-18,1.5670739573555365e-17
3.91,4.7703529966790474e-20,6.36021494965612e-20,7.949947257388149e-20,9.539549927118009e-20,1.1129022966089267e-19,1.2718366381548158e-19,1.4307580180735948e-19,1.589666437089482e-19,1.7485618959275818e-19,1.9074443953111107e-19,2.066313935964862e-19,2.2251705186130403e-19,2.3840141439796282e-19,2.5428448127884585e-19,2.7016625257641286e-19,2.860467283630253e-19,3.019259087111128e-19,3.178037936930931e-19,3.336803833813408e-19,3.495556778482598e-19,3.6542967716615936e-19,3.8130238140752014e-19,3.9717379064472574e-19,1.0623633942125184e-18,1.1615313774883918e-18,1.260679132260515e-18,1.3598066613553105e-18,3.0169150214163757e-18,1.5550810966470923e-17
3.9200000000000004,4.7339382460909285e-20,6.31166390086795e-20,7.889260900054e-20,9.466729250836661e-20,1.1044068960404212e-19,1.262128003594757e-19,1.419836248465272e-19,1.5775316313706567e-19,1.7352141530304802e-19,1.8928838141624381e-19,2.050540615485791e-19,2.208184557719216e-19,2.3658156415811677e-19,2.523433867789955e-19,2.6810392370646436e-19,2.838631750123323e-19,2.9962114076847613e-19,3.1537782104676096e-19,3.3113321591900867e-19,3.468873254570706e-19,3.6264014973270395e-19,3.7839168881783606e-19,3.941419427842982e-19,1.05425378512046e-18,1.1526647641704761e-18,1.251055669132132e-18,1.3494265028102745e-18,2.9938852355437354e-18,1.543210300016712e-17
3.93,4.697893186407493e-20,6.263605753468915e-20,7.829190644546242e-20,9.394647866772325e-20,1.0959977427280712e-19,1.2525179333207572e-19,1.4090253591684168e-19,1.5655200209842693e-19,1.7220019194824034e-19,1.878471055375051e-19,2.034927429375996e-19,2.1913710421984427e-19,2.347801894555377e-19,2.504219987159636e-19,2.660625320724812e-19,2.8170178959635263e-19,2.973397713589076e-19,3.129764774314636e-19,3.2861190788529594e-19,3.442460627917089e-19,3.5987894222191327e-19,3.7551054624728866e-19,3.9114087493911934e-19,1.0462265066409543e-18,1.1438881667457362e-18,1.241529905609888e-18,1.3391517260168994e-18,2.9710892533423118e-18,1.531460018437917e-17
3.9400000000000004,4.6622131380272114e-20,6.216034268241153e-20,7.76972869215786e-20,9.323296416856011e-20,1.087673744941497e-19,1.2430051796916713e-19,1.398323946643834e-19,1.5536300465057875e-19,1.7089234799861968e-19,1.8642042477918858e-19,2.019472350631215e-19,2.174727789211974e-19,2.329970564241732e-19,2.4852006764279137e-19,2.640418126478691e-19,2.7956229151012726e-19,2.950815043003539e-19,3.105994510893248e-19,3.2611613194777404e-19,3.416315469464642e-19,3.5714569615606527e-19,3.7265857964741476e-19,3.881701974912557e-19,1.0382805166210687e-18,1.1352004457798346e-18,1.2321006049978827e-18,1.328980997037563e-18,2.9485241152910456e-18,1.5198287264135624e-17
3.95,4.626893492251091e-20,6.168943300499726e-20,7.710867362343218e-20,9.252665684806626e-20,1.0794338274915679e-19,1.23358851396987e-19,1.387730628617918e-19,1.5418601721381515e-19,1.6959771452338674e-19,1.8500815486065346e-19,2.0041733829591478e-19,2.158252648994134e-19,2.3123193474137015e-19,2.4663734789199186e-19,2.6204150442155877e-19,2.7744440440025647e-19,2.928460478983363e-19,3.0824643498603813e-19,3.2364556573356016e-19,3.390434402111288e-19,3.544400584888787e-19,3.6983542063711076e-19,3.852295267260321e-19,1.0304147886979517e-18,1.1266004791024631e-18,1.2227665493378957e-18,1.3189130021456726e-18,2.9261869067097797e-18,1.508314921559927e-17
3.9600000000000004,4.591929710032488e-20,6.122326798425749e-20,7.652599090634563e-20,9.182746593630889e-20,1.0712769314387377e-19,1.2242667259879237e-19,1.3772440437076875e-19,1.5302088852951625e-19,1.6831612514483297e-19,1.836101142863358e-19,1.9890285602379293e-19,2.1419435042691625e-19,2.29484597565396e-19,2.447735975089084e-19,2.6006135032720283e-19,2.7534785608993417e-19,2.9063311486682314e-19,3.0591712672757877e-19,3.2119989174186883e-19,3.364814099793889e-19,3.517616815097439e-19,3.6704070640270333e-19,3.8231848472794384e-19,1.0226283120204142e-18,1.1180871615029371e-18,1.2135265390789951e-18,1.3089464474692932e-18,2.904074756968604e-18,1.4969171241991685e-17
3.97,4.5573173207521057e-20,6.076178801433146e-20,7.594916426600519e-20,9.11353020317364e-20,1.0632020138072594e-19,1.2150386238220015e-19,1.366862851053378e-19,1.5186746961932653e-19,1.6704741599343852e-19,1.8222612429676576e-19,1.9740359459855073e-19,2.125798269679797e-19,2.277548214742178e-19,2.4292857818641575e-19,2.5810109717379744e-19,2.732723785054926e-19,2.8844242225069656e-19,3.036112284785927e-19,3.187787972583238e-19,3.3394512865906013e-19,3.4911022274988176e-19,3.642740796000325e-19,3.7943669927866343e-19,1.0149200909761203e-18,1.1096594044319208e-18,1.2043793927537998e-18,1.2990800586419564e-18,2.8821848387131223e-18,1.485633876959984e-17
3.9800000000000004,4.523051921017489e-20,6.030493438568015e-20,7.53781203184542e-20,9.045007707717099e-20,1.0552080473051104e-19,1.205903033471802e-19,1.3565857299583709e-19,1.5072561374514915e-19,1.6579142566386774e-19,1.8085600882056532e-19,1.9591936328396377e-19,2.1098148912272923e-19,2.260423864055067e-19,2.41102055200927e-19,2.561604955776936e-19,2.7121770760441636e-19,2.862736913497703e-19,3.013284468824189e-19,3.1638197427098474e-19,3.314342735841183e-19,3.4648534489038003e-19,3.6153518825849315e-19,3.765838037570891e-19,1.007289144924233e-18,1.1013161357091137e-18,1.1953239466612213e-18,1.2893125804604524e-18,2.8605143671052203e-18,1.4744637443862618e-17
3.99,4.489129173486605e-20,5.985264926940146e-20,7.481278678048761e-20,8.977170433628333e-20,1.0472940200495415e-19,1.196858798546905e-19,1.3464113795363613e-19,1.4959517636994345e-19,1.6454799517184824e-19,1.7949959442740863e-19,1.9444997420483112e-19,2.093991345722668e-19,2.2434707559784576e-19,2.392937973496843e-19,2.5423929989597054e-19,2.691835833047997e-19,2.841266476443318e-19,2.9906849298271534e-19,3.1400911938805816e-19,3.2894852692849587e-19,3.4388671567207495e-19,3.5882368568700294e-19,3.737594370413965e-19,9.997345079334253e-19,1.0930562992368094e-18,1.1863590545555646e-18,1.279642776549488e-18,2.839060599079064e-18,1.4634053125535797e-17
4.,4.455544805714815e-20,5.94048757018571e-20,7.425309245043628e-20,8.910009837053462e-20,1.0394589352980763e-19,1.1879047799593565e-19,1.3363385183655264e-19,1.4847601511930116e-19,1.6331696791190638e-19,1.781567102819174e-19,1.929952422970303e-19,2.0783256402488648e-19,2.226686755331063e-19,2.3750357688929643e-19,2.523372681611347e-19,2.671697494162071e-19,2.820010207221637e-19,2.968310821466431e-19,3.116599337572437e-19,3.2648757562159126e-19,3.413140078072231e-19,3.561392303818368e-19,3.709632434130393e-19,9.922552285250963e-19,1.0848788547191392e-18,1.17748358734181e-18,1.270069429033008e-18,2.817820832611881e-18,1.4524571886933296e-17
4.01,4.4222946090248576e-20,5.896155756960631e-20,7.369896718933512e-20,8.843517501657913e-20,1.0317018111848892e-19,1.1790398556223985e-19,1.3263658841496102e-19,1.4736798974379026e-19,1.6209818961594733e-19,1.7682718809847725e-19,1.915549852585709e-19,2.0628158116336475e-19,2.2100697587997483e-19,2.35731169475503e-19,2.504541620171223e-19,2.6517595357191407e-19,2.798965442070238e-19,2.94615933989585e-19,3.0933412298669193e-19,3.240511112654655e-19,3.3876689889293915e-19,3.534814859363052e-19,3.681948724626658e-19,9.848503694217202e-19,1.0767827773869307e-18,1.1686964327769868e-18,1.2605913382120869e-18,2.796792406009318e-18,1.441618000824351e-17
4.02,4.389374437399219e-20,5.8522639594638e-20,7.315034190246391e-20,8.777685136411422e-20,1.024021680462396e-19,1.1702629201551533e-19,1.3164922333857086e-19,1.4627096208204415e-19,1.6089150831265466e-19,1.7551086209694823e-19,1.9012902350161563e-19,2.0474599259329354e-19,2.1936176943859833e-19,2.3397635410413243e-19,2.485897466565687e-19,2.6320194716248937e-19,2.7781295568853966e-19,2.9242277230135384e-19,3.070313970675262e-19,3.216388300536784e-19,3.3624507132634477e-19,3.5085012095221717e-19,3.6545397899789874e-19,9.775190073001708e-19,1.0687670577280075e-18,1.1599964951774485e-18,1.2512073222491867e-18,2.775972697204931e-18,1.4308863973918485e-17
4.03,4.35678020639446e-20,5.808806731989579e-20,7.260714852125432e-20,8.712504573416949e-20,1.0164175902479716e-19,1.1615728845931744e-19,1.3067163410386501e-19,1.4518479602458306e-19,1.5969677428769552e-19,1.7420756895925414e-19,1.8871718010545444e-19,2.032256077924383e-19,2.1773285208632734e-19,2.322389130532295e-19,2.4674379075932244e-19,2.6124748527069417e-19,2.7574999665349494e-19,2.90251324973864e-19,3.047514702979016e-19,3.192504326917342e-19,3.337482122214022e-19,3.4824480895310234e-19,3.6274022295294316e-19,9.70260232549944e-19,1.0608307012228415e-18,1.1513826951319627e-18,1.2419162168586887e-18,2.7553591230735764e-18,1.42026104691348e-17
4.04,4.324507892076992e-20,5.765778709508882e-20,7.206931998555404e-20,8.647967765782491e-20,1.008888601775672e-19,1.1529686761047086e-19,1.297037000221806e-19,1.4410935747834975e-19,1.5851384004471166e-19,1.7291714778682876e-19,1.8731928077040633e-19,2.017202390610963e-19,2.1612002272453038e-19,2.3051863182632686e-19,2.449160664321735e-19,2.593123266076683e-19,2.7370741241847173e-19,2.8810132393023323e-19,3.024940612085632e-19,3.168856243190984e-19,3.3127601332739004e-19,3.456652282991446e-19,3.600532692999807e-19,9.630731490361522e-19,1.052972728085423e-18,1.1428539692204613e-18,1.2327168750035266e-18,2.7349491387583644e-18,1.40974063763243e-17
4.05,4.292553529979782e-20,5.723174606278183e-20,7.153679022624029e-20,8.58406678553475e-20,1.0014337901528393e-19,1.1444492377125415e-19,1.2874530218841786e-19,1.4304451433194314e-19,1.5734256026707778e-19,1.7163944005889972e-19,1.8593515377262866e-19,2.0022970147343143e-19,2.1452308322645492e-19,2.288152990968325e-19,2.4310634914976634e-19,2.5739623345036995e-19,2.7168495206381873e-19,2.8597250505527664e-19,3.002588924898696e-19,3.145441144327493e-19,3.2882817094898262e-19,3.4311106210379044e-19,3.5739278796230654e-19,9.559568738671825e-19,1.045192173009232e-18,1.1344092697383281e-18,1.2236081665977977e-18,2.71474023701085e-18,1.3993238771773063e-17
4.06,4.260913214079633e-20,5.680989214475927e-20,7.100949414817564e-20,8.520793821573932e-20,9.940522441215035e-20,1.1360135280213265e-19,1.2779632345036564e-19,1.4199013642153713e-19,1.5618279178041386e-19,1.7037428959159407e-19,1.8456462991981686e-19,1.987538128297686e-19,2.1294183838611606e-19,2.2712870665351243e-19,2.4131441769667927e-19,2.554989715802503e-19,2.6968236836892024e-19,2.838646081273731e-19,2.9804569092025443e-19,3.1222561681223593e-19,3.2640438586790455e-19,3.405819981520008e-19,3.5475845372917796e-19,9.489105371669343e-19,1.0374880849182138e-18,1.1260475644261181e-18,1.2145889782152267e-18,2.694729947544227e-18,1.3890094922287467e-17
4.07,4.22958309579444e-20,5.639217402865611e-20,7.048736761349696e-20,8.458141177668505e-20,9.867430658244478e-20,1.1276605209502413e-19,1.2685664837862694e-19,1.4094609549746532e-19,1.5503439351582988e-19,1.6912154249784383e-19,1.832075425077702e-19,1.9729239360981981e-19,2.1137609586818389e-19,2.2545864934704023e-19,2.3954005411063457e-19,2.536203102231253e-19,2.676994177487316e-19,2.8177737675166163e-19,2.958541872960858e-19,3.099298494462001e-19,3.2400436326611683e-19,3.3807772882010013e-19,3.521499461723283e-19,9.419332818515085e-19,1.0298595267226234e-18,1.1177678362045603e-18,1.2056582128033354e-18,2.6749158363991705e-18,1.3787962281925338e-17
4.08,4.1985593830001434e-20,5.5978541154851e-20,6.997034742523266e-20,8.396101270489353e-20,9.795053705758689e-20,1.1193892054708948e-19,1.2592616323713416e-19,1.3991226519146215e-19,1.538972264738924e-19,1.678810471480779e-19,1.818637272778102e-19,1.9584526692682917e-19,2.0982566615885516e-19,2.2380492503759527e-19,2.3778304362682407e-19,2.5176002199022926e-19,2.6573586019155886e-19,2.797105582945503e-19,2.936841163629031e-19,3.0765653446034263e-19,3.216278126505108e-19,3.3559795099720027e-19,3.495669495641188e-19,9.350242634102802e-19,1.0223055750796633e-18,1.1095690829147637e-18,1.1968147894032164e-18,2.6552955053221244e-18,1.3686828488791358e-17
4.09,4.16783833906677e-20,5.556894370361394e-20,6.945837131123806e-20,8.334666627682075e-20,9.723382866364881e-20,1.111198585350323e-19,1.2500475595423783e-19,1.388885209845401e-19,1.5277115368929117e-19,1.6665265413167817e-19,1.8053302237502605e-19,1.944122584826082e-19,2.0829036251767877e-19,2.221673345434787e-19,2.3604317462331582e-19,2.4991788282041188e-19,2.6379145919804857e-19,2.7766390381949685e-19,2.9153521674799014e-19,3.054053980467875e-19,3.1927444777906513e-19,3.3314236600814914e-19,3.4700915279728093e-19,9.281826496912262e-19,1.0148253201587688e-18,1.1014503170634682e-18,1.1880576428747578e-18,2.635866591155666e-18,1.3586681361894644e-17
4.1,4.1374162819133254e-20,5.51633325825054e-20,6.895137790844478e-20,8.273829885977014e-20,9.652409549930632e-20,1.1030876788990125e-19,1.2409231609435983e-19,1.378747401754948e-19,1.5165604019619585e-19,1.654362162191889e-19,1.7921526830733658e-19,1.929931965234506e-19,2.0677000093032324e-19,2.20545681590734e-19,2.3432023856752843e-19,2.480936719234669e-19,2.6186598172136917e-19,2.7563716802404437e-19,2.894072308942645e-19,3.0317617039482674e-19,3.16943986588446e-19,3.307106795379865e-19,3.4447624930622776e-19,9.214076206904457e-19,1.0074178654114845e-18,1.0934105655732777e-18,1.1793857236272335e-18,2.616626765240789e-18,1.3487508898067807e-17
4.11,4.1072895830809697e-20,5.476165941401931e-20,6.844930674741507e-20,8.213583789335831e-20,9.582125291421642e-20,1.0950555187237975e-19,1.231887348301958e-19,1.3687080185002e-19,1.5055175299428407e-19,1.6423158832525727e-19,1.7791030790534442e-19,1.915879117968998e-19,2.052644000622586e-19,2.189397727637431e-19,2.326140299637413e-19,2.462871717245566e-19,2.5995919810855124e-19,2.736301091780771e-19,2.872999049954489e-19,3.009685856230068e-19,3.146361511230091e-19,3.2830260155786194e-19,3.4196793698988803e-19,9.146983683457574e-19,1.0000823273457936e-18,1.0854488695377251e-18,1.1707979973551106e-18,2.5975737328307583e-18,1.3389299268945625e-17
4.12,4.077454666824208e-20,5.43638765234657e-20,6.795209823719585e-20,8.153921187134082e-20,9.512521748781503e-20,1.0871011514855558e-19,1.222939049154571e-19,1.358765868504221e-19,1.4945816101542877e-19,1.6303862747229401e-19,1.7661798628296949e-19,1.9019623750935644e-19,2.0377338121333725e-19,2.1734941745678147e-19,2.30924346301624e-19,2.444981678097157e-19,2.5807088204296573e-19,2.7164248906327306e-19,2.852129889324999e-19,2.9878238171253327e-19,3.1235066746517953e-19,3.259178462523914e-19,3.3948391813603888e-19,9.080540963343055e-19,9.928178353048285e-19,1.0775642839810953e-18,1.1622934447789873e-18,2.5787052325163388e-18,1.329204081800239e-17
4.13,4.047908009219565e-20,5.396993692708731e-20,6.745969365046496e-20,8.094835032378831e-20,9.443590700852312e-20,1.0792236376615766e-19,1.2140772065813806e-19,1.348919777459182e-19,1.4837513509102728e-19,1.618571927548342e-19,1.753381507988416e-19,1.8881800928450226e-19,2.022967682732502e-19,2.1577442782650655e-19,2.292509880057575e-19,2.4272644887240554e-19,2.5620081048791134e-19,2.696740729137253e-19,2.831462362112614e-19,2.9661730044195826e-19,3.100872656671742e-19,3.2355613194841305e-19,3.370238993470966e-19,9.01474019874061e-19,9.856235312498476e-19,1.0697558776228759e-18,1.1538710613915212e-18,2.5600190356621126e-18,1.3195722057646353e-17
4.14,4.018646137291525e-20,5.3579794320405574e-20,6.697203510896432e-20,8.036318379960699e-20,9.375324045335491e-20,1.0714220513125194e-19,1.2053007789429998e-19,1.3391685880350876e-19,1.4730254791996256e-19,1.6068714530458662e-19,1.7407065101843917e-19,1.874530651225287e-19,2.0083438767784494e-19,2.142146187453653e-19,2.2759375838613123e-19,2.409718066611015e-19,2.5434876363129246e-19,2.677246293577105e-19,2.8109940390132515e-19,2.944730873231312e-19,3.0784567968404357e-19,3.212171810451213e-19,3.3458759146734197e-19,8.949573655291677e-19,9.78498569547406e-19,1.0620227326467617e-18,1.1455298572082723e-18,2.5415129458536807e-18,1.3100331666370318e-17
4.15,3.989665628155212e-20,5.31934030667903e-20,6.64890655692126e-20,7.978364384939445e-20,9.307713796791722e-20,1.063695479853845e-19,1.1966087396235824e-19,1.3295111595940827e-19,1.4624027403717824e-19,1.5952834825615427e-19,1.7281533867695401e-19,1.8610124536014607e-19,1.993860683662804e-19,2.126698077558946e-19,2.2595246358959e-19,2.392340359278857e-19,2.5251452483135817e-19,2.657939303605735e-19,2.790722525760619e-19,2.923494915383782e-19,3.056256473079979e-19,3.1890071994553987e-19,3.321747095115419e-19,8.885033710190144e-19,9.7144211676061e-19,1.0543639444740902e-18,1.1372688565233208e-18,2.523184798355476e-18,1.3005858485956916e-17
4.16,3.96096310817558e-20,5.2810718186249266e-20,6.601072880849267e-20,7.92096630086256e-20,9.240752084679359e-20,1.0560430238316425e-19,1.1880000767786385e-19,1.3199463679102643e-19,1.4518818978285943e-19,1.5838066671341368e-19,1.7157206764287092e-19,1.8476239263136387e-19,1.9795164173900696e-19,2.1113981502590216e-19,2.243269125522149e-19,2.3751293437802892e-19,2.5069788056348474e-19,2.638817511687129e-19,2.770645462538081e-19,2.902462658788896e-19,3.0342691010399754e-19,3.1660647898931506e-19,3.2978497259494415e-19,8.82111285030987e-19,9.644533514443873e-19,1.046778621541635e-18,1.129087097669592e-18,2.505032459579008e-18,1.2912291518737641e-17
4.17,3.9325352521426203e-20,5.2431695344431534e-20,6.553696941110637e-20,7.86411747811587e-20,9.17443115143024e-20,1.048463796702732e-19,1.1794737930876592e-19,1.3104731048948298e-19,1.441461732721997e-19,1.572439677165359e-19,1.7034069388224142e-19,1.8343635182901744e-19,1.9653094161654696e-19,2.0962446330450053e-19,2.2271691695261183e-19,2.358083026205333e-19,2.4889862036797404e-19,2.619878702546327e-19,2.75076052340173e-19,2.8816316668428237e-19,3.0124921334657053e-19,3.143341923867882e-19,3.274181038646063e-19,8.757803670367873e-19,9.575314639446583e-19,1.0392658850836394e-18,1.1209836327837483e-18,2.4870538265612403e-18,1.2819619924904146e-17
4.18,3.9043787824623847e-20,5.20562908418414e-20,6.506773275489257e-20,7.807811362305789e-20,9.108743350562364e-20,1.0409569246189789e-19,1.1710289055114805e-19,1.3010902783264903e-19,1.4311410436574823e-19,1.5611812020963866e-19,1.6912107542364214e-19,1.8212297006703264e-19,1.951238041990656e-19,2.0812357787898457e-19,2.211222911660954e-19,2.3411994411962345e-19,2.4711653679885024e-19,2.601120692630473e-19,2.7310654157145074e-19,2.8609995378332095e-19,2.9909230595784055e-19,3.120835981543327e-19,3.2507383043204115e-19,8.695098871122704e-19,9.506756562013613e-19,1.0318248689180207e-18,1.1129575275755833e-18,2.4692468264529695e-18,1.2727833019871063e-17
4.19,3.876490468363384e-20,5.1684461603257465e-20,6.460296499800144e-20,7.752041492672287e-20,9.043681144828456e-20,1.0335215462157095e-19,1.162664445054261e-19,1.291796811587015e-19,1.4209186464032075e-19,1.5500299500905392e-19,1.6791307232379922e-19,1.8082209664340714e-19,1.9373006802671002e-19,2.0663698653252803e-19,2.1954285221974353e-19,2.3244766514715896e-19,2.4535142537363217e-19,2.582541329580113e-19,2.7115578795910963e-19,2.84056390435764e-19,2.969559404467345e-19,3.098544380509205e-19,3.227518833071424e-19,8.632991257607088e-19,9.438851415552139e-19,1.0244547192366422e-18,1.1050078611018042e-18,2.451609416016922e-18,1.2636920271688893e-17
4.2,3.8488671251180784e-20,5.131616516735307e-20,6.414261306592055e-20,7.696801500532092e-20,8.979237104399754e-20,1.0261568124041523e-19,1.1543794565299874e-19,1.2825916434018025e-19,1.4107933736046338e-19,1.538984647721995e-19,1.667165466338671e-19,1.795335830038972e-19,1.9234957394070298e-19,2.0516451950268559e-19,2.1797841974830773e-19,2.307912747359526e-19,2.4360308452405897e-19,2.564138491710555e-19,2.692235687353363e-19,2.8203224327531908e-19,2.948398728493452e-19,3.076464575158941e-19,3.204519973333673e-19,8.571473737394204e-19,9.371591445581595e-19,1.017154594399577e-18,1.097133725544117e-18,2.434139581135412e-18,1.2546871298506251e-17
4.21,3.821505613279108e-20,5.095135967651295e-20,6.36866246387462e-20,7.642085107751307e-20,8.915403905084144e-20,1.0188618861678054e-19,1.1461729983333977e-19,1.2734737275853595e-19,1.400764074504567e-19,1.5280440396703862e-19,1.6553136236634445e-19,1.7825728270638998e-19,1.9098216504517298e-19,2.0370600944067943e-19,2.1642881595095644e-19,2.291505846339723e-19,2.4187131554775003e-19,2.5459100875030323e-19,2.6730966429961075e-19,2.80027282253675e-19,2.9274386267042265e-19,3.0545940560791736e-19,3.1817391112414543e-19,8.510539318896725e-19,9.304969007873925e-19,1.0099236647332603e-18,1.0893342259915082e-18,2.416835336327299e-18,1.245767586607999e-17
4.22,3.794402837929993e-20,5.059000386684307e-20,6.32349481386962e-20,7.587886125247007e-20,8.8521743265781e-20,1.0116359423626656e-19,1.138044142215247e-19,1.2644420327916075e-19,1.3908296146685046e-19,1.5172068884211947e-19,1.643573854626187e-19,1.7699305138595253e-19,1.8962768666970743e-19,2.0226129137145804e-19,2.1489386554883982e-19,2.275254092594099e-19,2.4015592256078003e-19,2.5278540551055207e-19,2.654138581662939e-19,2.7804128058559635e-19,2.9066767282597527e-19,3.032930349450828e-19,3.159173670004938e-19,8.450181109698141e-19,9.238976566629155e-19,1.0027611123324715e-18,1.081608480226656e-18,2.399694724274115e-18,1.2369323885332607e-17
4.23,3.767555747949949e-20,5.02320570583685e-20,6.278753271785776e-20,7.534198451517042e-20,8.789541250751517e-20,1.0044781675212168e-19,1.1299919730618047e-19,1.255495542268892e-19,1.3809888757151557e-19,1.5064719739717821e-19,1.631944837611202e-19,1.757407467205382e-19,1.882859863326113e-19,2.008302026545068e-19,2.1337339574345234e-19,2.2591556565659783e-19,2.3845671245114733e-19,2.5099683618429516e-19,2.635359369132019e-19,2.760740146950509e-19,2.8861106958695115e-19,3.011471016461468e-19,3.1368211092980523e-19,8.39039231491548e-19,9.173606692685265e-19,9.956661308660423e-19,1.0739556185163622e-18,2.3827158153551104e-18,1.2281805409955597e-17
4.24,3.7409613352925707e-20,4.9877479145416277e-20,6.234432824616655e-20,7.481016071197587e-20,8.727497659964908e-20,9.973877596601197e-20,1.122015588678512e-19,1.2466332536196086e-19,1.3712407550520434e-19,1.4958380935429705e-19,1.62042526966078e-19,1.745002283973402e-19,1.8695691370485893e-19,1.9941258294539828e-19,2.1186723617578164e-19,2.2432087345275565e-19,2.3677349483312044e-19,2.492251003736668e-19,2.6167569013115166e-19,2.7412526416235493e-19,2.865738225239822e-19,2.990213652728737e-19,3.1146789246579334e-19,8.331166235592943e-19,9.108852061761884e-19,9.886379253862334e-19,1.0663747834059395e-18,2.3658967071910716e-18,1.2195110634058063e-17
4.25,3.714616634278016e-20,4.9526230587178263e-20,6.190528529961065e-20,7.428333053647669e-20,8.66603663541812e-20,9.903639280914974e-20,1.1141140995776918e-19,1.2378541785643353e-19,1.361584165616057e-19,1.4853040612960187e-19,1.6090138661686069e-19,1.7327135807977518e-19,1.8564032057472092e-19,1.9800827415806193e-19,2.103752188862219e-19,2.2274115481554746e-19,2.3510608200243903e-19,2.4747000050328733e-19,2.5983291037444954e-19,2.721948116723057e-19,2.8455570445316235e-19,2.969155887734591e-19,3.0927446468956027e-19,8.272496267125579e-19,9.044705452736811e-19,9.816757121416764e-19,1.0588651295174442e-18,2.349235524196676e-18,1.2109229889859312e-17
4.26,3.688518720898494e-20,4.9178272398451296e-20,6.147035514865636e-20,7.376143551560326e-20,8.605151355530047e-20,9.83405893237772e-20,1.1062866287702408e-19,1.2291573427103899e-19,1.3520180356188809e-19,1.4748687080549193e-19,1.597709360578926e-19,1.7205399937508692e-19,1.8433606081305444e-19,1.9661712042776318e-19,2.0889717827524031e-19,2.2117623441143676e-19,2.334542888923565e-19,2.4573134177399417e-19,2.58007393112311e-19,2.70282442963291e-19,2.825564913828448e-19,2.948295384270158e-19,3.0710158415177224e-19,8.214375897712593e-19,8.98115974595496e-19,9.747787183938321e-19,1.051425823351705e-18,2.332730417141262e-18,1.2024153645424825e-17
4.27,3.662664712136722e-20,4.88335661405504e-20,6.103948974689003e-20,7.324441799599668e-20,8.544835094348635e-20,9.76512886449954e-20,1.0985323115612205e-19,1.2205417853247164e-19,1.3425413082971751e-19,1.4645308810338796e-19,1.586510504091325e-19,1.708480178025553e-19,1.8304399033924367e-19,1.9523896807477327e-19,2.0743295106477847e-19,2.1962593936481814e-19,2.318179330305037e-19,2.4400893211743717e-19,2.5619893668118773e-19,2.6838794677734684e-19,2.805759624614333e-19,2.927629837890976e-19,3.049490108159157e-19,8.156798706839556e-19,8.918207921568876e-19,9.679461822368777e-19,1.044056043094045e-18,2.316379562717801e-18,1.1939872502444484e-17
4.28,3.637051765297067e-20,4.84920739123909e-20,6.061264171987128e-20,7.273222113063346e-20,8.485081219990451e-20,9.696841498293174e-20,1.0908502953492462e-19,1.2120065591109957e-19,1.3331529416674057e-19,1.4542894435698778e-19,1.575416065371014e-19,1.6965328076229687e-19,1.8176396708777263e-19,1.938736655687158e-19,2.0598237626037176e-19,2.1809009921791073e-19,2.3019683449655535e-19,2.4230258215151884e-19,2.5440734223798158e-19,2.665111148111464e-19,2.7861389992614394e-19,2.907156976382354e-19,3.028165080026082e-19,8.099758363788832e-19,8.855843057910122e-19,9.611773524209433e-19,1.036754978423621e-18,2.3001811631198906e-18,1.1856377194052204e-17
4.29,3.611677077349178e-20,4.8153758341737386e-20,6.018976435419451e-20,7.222478886569954e-20,8.425883193109424e-20,9.629189360524049e-20,1.0832397394296252e-19,1.2035507299909166e-19,1.3238519082852603e-19,1.4441432748602112e-19,1.5644248302645175e-19,1.6846965750464795e-19,1.804958509754231e-19,1.9252106349357942e-19,2.0454529511397669e-19,2.1656854589140036e-19,2.285908158806876e-19,2.406121051366666e-19,2.526324137141328e-19,2.6465174166790377e-19,2.7667008905272553e-19,2.886874559234738e-19,3.00703842334951e-19,8.043248626177867e-19,8.794058329891111e-19,9.544714881786546e-19,1.0295218303263269e-18,2.2841334456266515e-18,1.1773658582686231e-17
4.3,3.586537884283751e-20,4.781858257661407e-20,5.977081158675239e-20,7.172206592770721e-20,8.36723456539385e-20,9.562165081992635e-20,1.0756998148011334e-19,1.1951733768894909e-19,1.3146371950094972e-19,1.4340912697048955e-19,1.5535356015206137e-19,1.6729701910011364e-19,1.7923950386907826e-19,1.911810145133758e-19,2.0312155108748435e-19,2.1506111364580804e-19,2.2699970224280227e-19,2.3893731693291355e-19,2.50873957770556e-19,2.6280962481016564e-19,2.747443181061075e-19,2.8667803771287515e-19,2.9861078368488956e-19,7.987263338524429e-19,8.732847007436438e-19,9.478278590548737e-19,1.0223558109111466e-18,2.268234662195283e-18,1.1691707657988995e-17
4.31,3.561631460480266e-20,4.7486510276875073e-20,5.935573799419916e-20,7.122399781085145e-20,8.30912897809138e-20,9.495761395848789e-20,1.0682297039763822e-19,1.186873591524364e-19,1.3055078027701986e-19,1.4241323382538533e-19,1.542747198516472e-19,1.6613523840987587e-19,1.7799478955412507e-19,1.8985337333843773e-19,2.0171098981691341e-19,2.1356763904357838e-19,2.2542332107251015e-19,2.3727803595777693e-19,2.49131783753415e-19,2.609845645134823e-19,2.728363782919664e-19,2.846872251429824e-19,2.965371051205735e-19,7.931796430838591e-19,8.672202453943414e-19,9.412457447396125e-19,1.0152561432299297e-18,2.252483089061218e-18,1.1610515534746031e-17
4.32,3.536955118086367e-20,4.715750560592984e-20,5.894449878260766e-20,7.073053076459905e-20,8.251560160561113e-20,9.429971135937078e-20,1.0608286007956791e-19,1.1786504781989945e-19,1.296462746341278e-19,1.4142654057587556e-19,1.532058456988822e-19,1.649841900568435e-19,1.7676157370343877e-19,1.8853799669233633e-19,2.0031345907726106e-19,2.1208796091186484e-19,2.238615022498505e-19,2.356340831449117e-19,2.4740570365071037e-19,2.5917636382092997e-19,2.7094606370918364e-19,2.82714803369212e-19,2.9448258285468365e-19,7.87684191724058e-19,8.612118124770891e-19,9.347244349040177e-19,1.0082220611004803e-18,2.23687702634561e-18,1.1530073450862815e-17
4.33,3.5125062064087356e-20,4.683153322262163e-20,5.853704977731808e-20,7.024161178150738e-20,8.194521928852544e-20,9.364787235172771e-20,1.0534957102443306e-19,1.1705031535996714e-19,1.287501054117208e-19,1.4044894123294602e-19,1.5214682287701068e-19,1.6384375039723944e-19,1.7553972384694056e-19,1.8723474327941133e-19,1.9892880874800536e-19,2.1062192030600368e-19,2.2231407800673774e-19,2.3400528190353028e-19,2.4569553204967205e-19,2.573848284984755e-19,2.6907317130318336e-19,2.8076056051716463e-19,2.924469961937168e-19,7.822393894604239e-19,8.552587565756117e-19,9.282632290393933e-19,1.0012528089329203e-18,2.221414797670105e-18,1.1450372765379062e-17
4.34,3.488282111315099e-20,4.6508558273254766e-20,5.81333474129722e-20,6.975718858526618e-20,8.138008184310473e-20,9.300202723947537e-20,1.0462302482732926e-19,1.1624307465962427e-19,1.2786217678938305e-19,1.3948033126949029e-19,1.510975381529459e-19,1.627137974927066e-19,1.7432910934171329e-19,1.8594347375289555e-19,1.975568907792389e-19,2.0916936047365713e-19,2.207808828891139e-19,2.3239145807856396e-19,2.4400108609493066e-19,2.556097669911589e-19,2.672175008201242e-19,2.7882428763482735e-19,2.9043012748819834e-19,7.768446541225319e-19,8.4936044117586845e-19,9.218614362991699e-19,9.943476415592345e-19,2.2060947497786617e-18,1.1371404956519377e-17
4.35,3.464280254647263e-20,4.618854638376872e-20,5.773334872373156e-20,6.927720961895963e-20,8.082012912205646e-20,9.236210728564501e-20,1.039031441623121e-19,1.154432398046512e-19,1.2698239426532018e-19,1.3852060759683975e-19,1.5005787985184516e-19,1.6159421108292894e-19,1.731296013426674e-19,1.8466405068362613e-19,1.9619755915842606e-19,2.0773012681961682e-19,2.1926175371979767e-19,2.3079243991155904e-19,2.423221854474602e-19,2.5385099038008156e-19,2.6537885476193483e-19,2.769057786456563e-19,2.8843176208381164e-19,7.714994115514275e-19,8.435162385231344e-19,9.15518375343783e-19,9.875058240659503e-19,2.1909152521663287e-18,1.1293161619779791e-17
4.36,3.440498093644863e-20,4.5871463652054966e-20,5.73370113336738e-20,6.880162403354257e-20,8.026530180390369e-20,9.172804469701885e-20,1.0318985276511385e-19,1.146507260604211e-19,1.26110664635237e-19,1.3756966854172173e-19,1.4902773783214914e-19,1.6048487255875076e-19,1.7194107277374192e-19,1.8339633852932737e-19,1.948506698777669e-19,2.0630406687124923e-19,2.1775652956201263e-19,2.2920805800228645e-19,2.4065865224426915e-19,2.5210831234018015e-19,2.635570383421708e-19,2.7500483030251577e-19,2.8645168827342026e-19,7.662030954712955e-19,8.377255294816863e-19,9.092333741883848e-19,9.807266316298767e-19,2.175874696714807e-18,1.1215634466049251e-17
4.37,3.416933120379672e-20,4.5557276640414816e-20,5.694429344736549e-20,6.833038167652831e-20,7.971554137978799e-20,9.109977260904814e-20,1.0248307541617691e-19,1.1386544985304897e-19,1.2524689597160245e-19,1.3662741382364034e-19,1.4800700346107845e-19,1.5938566493579047e-19,1.707633982996343e-19,1.8214020360445693e-19,1.9351608090216023e-19,2.0489103024457555e-19,2.1626505168358324e-19,2.276381452710551e-19,2.390103110588319e-19,2.503815490987754e-19,2.617518594426799e-19,2.73121242142462e-19,2.844896972499691e-19,7.609551473634794e-19,8.319877033970653e-19,9.030057700533479e-19,9.740093493568512e-19,2.1609714973346936e-18,1.1138815319765514e-17
4.38,3.393582861200156e-20,4.524595236815385e-20,5.65551538406053e-20,6.786343308088098e-20,7.917079014051098e-20,9.047722507104425e-20,1.0178273792399453e-19,1.1308732875088192e-19,1.2439099760328965e-19,1.3569374453266672e-19,1.469955695905742e-19,1.582964728285313e-19,1.6959645429804134e-19,1.808955140505972e-19,1.9219365213774602e-19,2.0349086861096494e-19,2.1478716352177986e-19,2.260825369217079e-19,2.373769888622358e-19,2.486705193948708e-19,2.599631285710533e-19,2.712548164423449e-19,2.82545583060239e-19,7.557550163427851e-19,8.2630215796083115e-19,8.96834909217476e-19,9.673532721234088e-19,2.1462040896141976e-18,1.1062696117104506e-17
4.39,3.3704448761862036e-20,4.4937458304311813e-20,5.616955185133698e-20,6.740072945411131e-20,7.863099116381352e-20,8.986033703164115e-20,1.0108876710875663e-19,1.123162814463289e-19,1.2354288009558938e-19,1.3476856310763637e-19,1.4599333053367927e-19,1.5721718242488612e-19,1.6844011883240906e-19,1.7966213980738993e-19,1.9088324540102439e-19,2.021034356644385e-19,2.1332271064880696e-19,2.245410704052956e-19,2.3575851498504004e-19,2.469750444391966e-19,2.5819065881885456e-19,2.694053581752243e-19,2.8061914255944804e-19,7.506021590360463e-19,8.2066829907779445e-19,8.907201468739027e-19,9.60757704421351e-19,2.1315709304742986e-18,1.0987268904202759e-17
4.4,3.347516758613686e-20,4.463176236052375e-20,5.578744737072599e-20,6.694222266756923e-20,7.809608830188404e-20,8.924904432451968e-20,1.0040109078629054e-19,1.1155222773801742e-19,1.2270245523058335e-19,1.3385177331473887e-19,1.4500018204134514e-19,1.5614768146122201e-19,1.6729427162517383e-19,1.7843995258399433e-19,1.8958472438853095e-19,2.007285870895621e-19,2.118715407379142e-19,2.2301358538440507e-19,2.3415472107982247e-19,2.4529494787497467e-19,2.5643426582060346e-19,2.675726749675709e-19,2.787101753666712e-19,7.454960394628826e-19,8.150855407356418e-19,8.846608469885878e-19,9.542219602051152e-19,2.117070497830113e-18,1.0912525835411944e-17
4.41,3.3247961344287465e-20,4.4328832884010863e-20,5.54088008343985e-20,6.648786524593104e-20,7.756602616909408e-20,8.864328365439173e-20,9.971963775229349e-20,1.1079508851327527e-19,1.2186963598787465e-19,1.329432802264978e-19,1.440160212796606e-19,1.5508785919783794e-19,1.6615879403148947e-19,1.7722882583106408e-19,1.8829795464706422e-19,1.9936618052992343e-19,2.104335035301233e-19,2.214999236981367e-19,2.325654410844067e-19,2.4363005573939676e-19,2.546937677135041e-19,2.657565770572457e-19,2.76818483821071e-19,7.404361289186225e-19,8.095533048769328e-19,8.786563821613882e-19,9.477453627419216e-19,2.1027012902584268e-18,1.083845917158514e-17
4.42,3.302280661731564e-20,4.4028638650697536e-20,5.503357321383797e-20,6.603761035687573e-20,7.704075012995453e-20,8.804299258323649e-20,9.904433776684927e-20,1.1004478573092698e-19,1.2104433652566502e-19,1.3204299020112816e-19,1.430407468074902e-19,1.5403760639488427e-19,1.6503356901342817e-19,1.7602863471322929e-19,1.8702280354444786e-19,1.980160755571762e-19,2.0900845080155378e-19,2.1999992932771183e-19,2.309905111857518e-19,2.4198019642579516e-19,2.5296898509789835e-19,2.639568772522358e-19,2.749438729389154e-19,7.354219058593373e-19,8.040710212733991e-19,8.727061334896273e-19,9.413272444646144e-19,2.088461826671202e-18,1.076506127839393e-17
4.430000000000001,3.2799680302694186e-20,4.373114885845261e-20,5.46617260079371e-20,6.559141180094772e-20,7.65202062872893e-20,8.744810951678506e-20,9.837512153922397e-20,1.0930124240440146e-19,1.2022647216217365e-19,1.311508108622671e-19,1.4207425855451655e-19,1.5299681528871648e-19,1.6391848111464604e-19,1.74839256082074e-19,1.8575914024082172e-19,1.9667813364064304e-19,2.0759623633133864e-19,2.185134483627011e-19,2.294297697844932e-19,2.4034520064649793e-19,2.512597409984332e-19,2.621733908901349e-19,2.7308615037137197e-19,7.304528557889462e-19,7.98638127402514e-19,8.668094904341285e-19,9.349669468271621e-19,2.074350645994985e-18,1.069232462467587e-17
4.44,3.2578559609388904e-20,4.3436333120452165e-20,5.429322123470169e-20,6.51492240016018e-20,7.600434147062159e-20,8.685857369124836e-20,9.77119207129355e-20,1.0856438258514263e-19,1.1941595935738986e-19,1.3026665107906845e-19,1.4111645779967725e-19,1.51965379568675e-19,1.6281341643550519e-19,1.7366056844960116e-19,1.8450683566044844e-19,1.9535221811746532e-19,2.061967158701169e-19,2.170403289678599e-19,2.278830574601218e-19,2.3872490139634984e-19,2.49565860825927e-19,2.6040593579835275e-19,2.7124512636306095e-19,7.255284711483556e-19,7.932540683262806e-19,8.609658506876566e-19,9.286638201627548e-19,2.060366306856076e-18,1.0620241780811712e-17
4.45,3.235942205296949e-20,4.314416145866107e-20,5.3928021423102826e-20,6.471100199542636e-20,7.549310322476805e-20,8.627432516028232e-20,9.705466785108986e-20,1.0783413134631764e-19,1.1861271569515265e-19,1.2939042094665397e-19,1.401672471499875e-19,1.5094319435427923e-19,1.6171826260864014e-19,1.7249245196217107e-19,1.832657624640246e-19,1.9403819416328664e-19,2.0480974710908969e-19,2.1558042135055763e-19,2.2635021693678553e-19,2.3711913391688816e-19,2.478871723399161e-19,2.5865433225503596e-19,2.6942061371134915e-19,7.20648251206577e-19,7.879182965721885e-19,8.551746200457137e-19,9.224172235444397e-19,2.046507387271331e-18,1.0548805417131603e-17
4.46,3.214224545080842e-20,4.2854604297431696e-20,5.356608960507568e-20,6.427670142254219e-20,7.498643979863787e-20,8.569530478218721e-20,9.640329642198124e-20,1.0711041476681725e-19,1.178166598655521e-19,1.285220317669156e-19,1.3922653051974372e-19,1.499301561728327e-19,1.6063290877496393e-19,1.7133478837490869e-19,1.820357950214898e-19,1.9273592876346358e-19,2.0343518964963284e-19,2.1413357772879183e-19,2.2483109304970605e-19,2.3552773566116065e-19,2.462235056118769e-19,2.5691840295069184e-19,2.6761242772637687e-19,7.158117019538067e-19,7.826302720163117e-19,8.49435212279657e-19,9.162265246482632e-19,2.0327724843445238e-18,1.0478008302349981e-17
4.470000000000001,3.1927007917365105e-20,4.256763245721646e-20,5.3207389307660397e-20,6.384627851717196e-20,7.448430013423093e-20,8.512145420733488e-20,9.575774078494812e-20,1.0639315991554113e-19,1.1702771164764367e-19,1.276613960296592e-19,1.3829421311009657e-19,1.4892616293742544e-19,1.5955724556010045e-19,1.7018746102656625e-19,1.808168093853188e-19,1.9144529068478793e-19,2.020729049734495e-19,2.1269965229977125e-19,2.2332553271219187e-19,2.3395054625917e-19,2.4457469298910065e-19,2.551979729504938e-19,2.6582038619179407e-19,7.110183359964036e-19,7.773894617684818e-19,8.437470490120727e-19,9.100910996188439e-19,2.019160213968101e-18,1.0407843302028275e-17
4.48,3.171368785955447e-20,4.2283217148392725e-20,5.2851884545283653e-20,6.341969009837842e-20,7.39866338558329e-20,8.455271586582065e-20,9.511793617648213e-20,1.0568229483596396e-19,1.1624579189247165e-19,1.268084273940852e-19,1.3737020138898956e-19,1.479311139253303e-19,1.5849116505123842e-19,1.6905035481483493e-19,1.7960868326429157e-19,1.9016615044771486e-19,2.0072275641325654e-19,2.112785012090606e-19,2.218333848832422e-19,2.3238740748393595e-19,2.4294056905921387e-19,2.5349286965726128e-19,2.6404430932619985e-19,7.062676724537461e-19,7.721953400595184e-19,8.381095595943778e-19,9.040103329373521e-19,2.0056692105302768e-18,1.0338303377065086e-17
4.49,3.1502263972197466e-20,4.2001329965197136e-20,5.2499539812176843e-20,6.299689356096671e-20,7.349339125940157e-20,8.398903295533384e-20,9.448381869658299e-20,1.049777485309748e-19,1.1547082250639328e-19,1.2596304067059798e-19,1.364544030714525e-19,1.4694490975678156e-19,1.5743456077439525e-19,1.6792335617209376e-19,1.7841129599772774e-19,1.8889838029908289e-19,1.9938460912399009e-19,2.0986998252027224e-19,2.203545005357238e-19,2.3083816321815856e-19,2.413209706153277e-19,2.518029227750959e-19,2.6228401974526343e-19,7.015592368569135e-19,7.670473881304536e-19,8.325221809865906e-19,8.979836172918256e-19,1.9922981266273108e-18,1.0269381582213126e-17
4.5,3.1292715233552615e-20,4.172194287976795e-20,5.2150320074929185e-20,6.257784686654831e-20,7.3004523302142e-20,8.343034942924425e-20,9.385532529535659e-20,1.0427945094798654e-19,1.1470272643469968e-19,1.2512515180293787e-19,1.3554672710024626e-19,1.4596745237413151e-19,1.563873276720856e-19,1.6680635304159089e-19,1.772245285301796e-19,1.876418541853197e-19,1.9805833005452376e-19,2.0847395618529666e-19,2.188887326251149e-19,2.293026594214742e-19,2.3971573662180833e-19,2.501279642736632e-19,2.605393424245214e-19,6.968925610491761e-19,7.619450941237299e-19,8.26984357639241e-19,8.920103534497945e-19,1.9790456327809094e-18,1.0201071064622562e-17
4.51,3.1085020900926555e-20,4.1445028236292573e-20,5.180419076517264e-20,6.216250853476343e-20,7.251998159226619e-20,8.287660998489951e-20,9.323239375984958e-20,1.0358733296430864e-19,1.1394142764552653e-19,1.2429467785063025e-19,1.3464708362684943e-19,1.4499864502137535e-19,1.5534936208138477e-19,1.65699234854045e-19,1.7604826338657278e-19,1.8639644772612085e-19,1.9674378791988664e-19,2.0709028401505966e-19,2.1743593605880123e-19,2.27780744098292e-19,2.3812470818065066e-19,2.4846782835310777e-19,2.5881010466283064e-19,6.922671830882384e-19,7.568879529763218e-19,8.214955413773684e-19,8.86089950133158e-19,1.9659104171606228e-18,1.0133365062410072e-17
4.5200000000000005,3.087916050636197e-20,4.1170558745258403e-20,5.146111777239561e-20,6.175083763465766e-20,7.203971837893325e-20,8.232776005212827e-20,9.261496270111636e-20,1.0290132637277726e-19,1.1318685111404796e-19,1.2347153697174326e-19,1.337553839927801e-19,1.4403839222403714e-19,1.5432056171237886e-19,1.6460189250466002e-19,1.748823846477848e-19,1.8516203818859366e-19,1.954408531739714e-19,2.05718829650795e-19,2.1599596766591362e-19,2.2627226726619525e-19,2.365477284984467e-19,2.468223514095857e-19,2.5709613604646724e-19,6.8768264715021e-19,7.518754663147399e-19,8.160551912865647e-19,8.802218238952666e-19,1.9528911853111354e-18,1.0066256903253178e-17
4.53,3.067511385240164e-20,4.089850747780519e-20,5.112106743688365e-20,6.134279377621134e-20,7.156368654236708e-20,8.178374578194677e-20,9.200297154151441e-20,1.0222136386763989e-19,1.1243892280695008e-19,1.2265564840595043e-19,1.3287154071124775e-19,1.4308659976941118e-19,1.533008256269953e-19,1.6351421833054532e-19,1.7372677792665548e-19,1.839385044618567e-19,1.9414939798272406e-19,2.0435945853582476e-19,2.1456868616769826e-19,2.24777080924903e-19,2.349846428539364e-19,2.4519137200140616e-19,2.553972684138577e-19,6.831385034352711e-19,7.469071423518922e-19,8.106627736010298e-19,8.744053990001767e-19,1.9399866598843755e-18,9.999740003009382e-18
4.54,3.047286100792696e-20,4.06288478601765e-20,5.078400654278424e-20,6.093833710201741e-20,7.109183958414771e-20,8.124451403546384e-20,9.139636050222278e-20,1.0154737903068734e-19,1.1169756966717696e-19,1.2184693245789052e-19,1.3199546744912754e-19,1.4214317468714994e-19,1.5229005421820557e-19,1.6243610608853261e-19,1.7258133034441814e-19,1.8272572703208632e-19,1.9286929619780506e-19,2.0301203788783453e-19,2.1315395214840743e-19,2.2329503902577514e-19,2.3343529856612844e-19,2.4357473081576796e-19,2.53713335820932e-19,6.786343080749937e-19,7.419824957857539e-19,8.053177615935939e-19,8.686401073040235e-19,1.9271955803763257e-18,9.933807864359548e-18
4.55,3.027238230406937e-20,4.03615536682686e-20,5.044990231129301e-20,6.05374282791054e-20,7.062413161767307e-20,8.07100123729802e-20,9.079507059097944e-20,1.008793063176293e-19,1.1096271959894434e-19,1.210453104808196e-19,1.3112707900925004e-19,1.4120802523019316e-19,1.5128814918959253e-19,1.613674509333822e-19,1.714459305075447e-19,1.8152358795800007e-19,1.916004233307118e-19,2.0167643667163584e-19,2.1175162802670057e-19,2.218259974418532e-19,2.318995449629806e-19,2.4197227063607874e-19,2.5204417450708185e-19,6.741696230412919e-19,7.371010476998177e-19,8.000196354676691e-19,8.629253881384771e-19,1.9145167028684533e-18,9.868454075475103e-18
4.5600000000000005,3.007365833019345e-20,4.009659902227477e-20,5.011872239395943e-20,6.014002849090853e-20,7.016051735878757e-20,8.01801890432789e-20,9.019904359003349e-20,1.0021708104470813e-19,1.1023430145301544e-19,1.2025070486054906e-19,1.3026629131300195e-19,1.4028106085603018e-19,1.5029501353527543e-19,1.6030814939637043e-19,1.7032046848499574e-19,1.8033197084676995e-19,1.9034265652735494e-19,2.0035252557240482e-19,2.1036157802754658e-19,2.2036981393842575e-19,2.303772333506281e-19,2.4038383630984747e-19,2.503896228617166e-19,6.697440160569619e-19,7.322623254652836e-19,7.947678822510902e-19,8.57260688196238e-19,1.901948799773668e-18,9.803672308708541e-18
4.57,2.987666992995025e-20,3.9833958381423285e-20,4.979043486610963e-20,5.97460994293713e-20,6.97009521165747e-20,7.965499297310293e-20,8.960822204430793e-20,9.95606393755475e-20,1.095122450122347e-19,1.194630389996646e-19,1.2941302138323094e-19,1.3936219220829053e-19,1.4931055152018638e-19,1.5925809936425198e-19,1.6920483578586895e-19,1.7915076083035692e-19,1.8909587454307872e-19,1.990401769693894e-19,2.0898366815461717e-19,2.189263481441084e-19,2.2886821698315043e-19,2.3880927471713766e-19,2.4874952139140407e-19,6.65357060507791e-19,7.27465862644964e-19,7.895619956918175e-19,8.516454614185363e-19,1.8894906595867212e-18,9.739456319306874e-18
4.58,2.968139819739907e-20,3.957360653880663e-20,4.946500822038311e-20,5.935560328719404e-20,6.924539178430934e-20,7.913437375681546e-20,8.902254924976793e-20,9.890991830822807e-20,1.087964809773122e-19,1.186822373020193e-19,1.285671873274464e-19,1.384513310986539e-19,1.4833466866068834e-19,1.5821720005858707e-19,1.6809892533743497e-19,1.7797984454225558e-19,1.878599577181152e-19,1.9773926491007238e-19,2.0761776616315911e-19,2.1749546152242547e-19,2.2737235103286264e-19,2.372484347395685e-19,2.471237126875805e-19,6.610083353561879e-19,7.22711198898851e-19,7.8440147615544335e-19,8.460791688845804e-19,1.877141086638938e-18,9.675799944147371e-18
4.59,2.948782447319715e-20,3.9315518616301374e-20,4.9142411360382855e-20,5.896850275021327e-20,6.879379283056853e-20,7.861828164624114e-20,8.844196924199268e-20,9.82648556625907e-20,1.0808694095285718e-19,1.179082251574977e-19,1.2772870832131518e-19,1.3754839048907613e-19,1.473672717055333e-19,1.571853520154304e-19,1.6700263146355812e-19,1.768191100946465e-19,1.8663478795346786e-19,1.9644966508478701e-19,2.0626374153334208e-19,2.1607701734388944e-19,2.2588949256112685e-19,2.3570116722985795e-19,2.455120413948268e-19,6.566974250563283e-19,7.179978798913406e-19,7.792858305244975e-19,8.405612787029445e-19,1.864898900857239e-18,9.612697100495437e-18
4.6000000000000005,2.929593034085519e-20,3.9059670059575624e-20,4.882261359443495e-20,5.858476098991345e-20,6.834611229049568e-20,7.810666754068261e-20,8.786642678494461e-20,9.76253900677578e-20,1.0738355743365259e-19,1.1714092892704358e-19,1.2689750459244206e-19,1.366532844743233e-19,1.4640826861714882e-19,1.5616245706537115e-19,1.6591584986348952e-19,1.7566844705594285e-19,1.854202486872121e-19,1.9517125480177072e-19,2.0492146544406583e-19,2.1467088065856244e-19,2.244195004896675e-19,2.341673249818932e-19,2.4391435417969213e-19,6.524239194707627e-19,7.133254572000585e-19,7.742145720994886e-19,8.350912659048297e-19,1.8527629375273318e-18,9.550141784783953e-18
4.61,2.9105697623057724e-20,3.880603663318319e-20,4.8505584629456406e-20,5.820434165606884e-20,6.790230775721619e-20,7.759948297711045e-20,8.729586735993323e-20,9.699146094987184e-20,1.0668626379116751e-19,1.1638027592794647e-19,1.2607349740443096e-19,1.3576592826480748e-19,1.454575685532488e-19,1.5514841831391884e-19,1.6483847759102776e-19,1.745277464287261e-19,1.8421622487120582e-19,1.9390391296265169e-19,2.0359081074722216e-19,2.1327691826909357e-19,2.229622355723844e-19,2.3264676270131786e-19,2.423304997000579e-19,6.481874137884729e-19,7.086934882262639e-19,7.691872205016631e-19,8.296686123391754e-19,1.8407320470609956e-18,9.488128071413772e-18
4.62,2.891710837804717e-20,3.855459441574235e-20,4.8191294564929045e-20,5.782720886951234e-20,6.746233737340161e-20,7.709668012052236e-20,8.673023715476993e-20,9.636300852004528e-20,1.0599499426030309e-19,1.1562619441938352e-19,1.2525660904122247e-19,1.348862381697199e-19,1.445150818487626e-19,1.5414314012222813e-19,1.6377041303404032e-19,1.7339690062806356e-19,1.830226029482036e-19,1.9264752003835877e-19,2.0227165194240145e-19,2.118949987042217e-19,2.215175603676523e-19,2.311393369766297e-19,2.407603285750318e-19,6.439875084443429e-19,7.041015361068063e-19,7.642033015774431e-19,8.242928065695845e-19,1.8288050947674018e-18,9.426650111574948e-18
4.63,2.8730144896070165e-20,3.830531979519796e-20,4.787971388697721e-20,5.745332721502908e-20,6.702615982297907e-20,7.659821175446873e-20,8.616948305310951e-20,9.573997376251866e-20,1.0530968392636648e-19,1.1487861358820988e-19,1.2444676279170052e-19,1.3401413158045466e-19,1.4358071999807526e-19,1.5314652808815624e-19,1.6271155589433745e-19,1.722758034601996e-19,1.8183927082936457e-19,1.9140195804544694e-19,2.0096386515203538e-19,2.105249921927363e-19,2.2008533921109876e-19,2.296449062507755e-19,2.392036933553606e-19,6.398238090400187e-19,6.995491696275969e-19,7.592623473045147e-19,8.18963343773026e-19,1.816980960628368e-18,9.365702132088272e-18
4.640000000000001,2.8544789695885005e-20,3.8058189464164864e-20,4.7570813462547305e-20,5.708266173437218e-20,6.659373432298346e-20,7.61040312717411e-20,8.561355262397533e-20,9.512229842302184e-20,1.0463026871226932e-19,1.1413746353499358e-19,1.2364388293456467e-19,1.331495269543175e-19,1.4265439563757363e-19,1.5215848902764583e-19,1.616618071678924e-19,1.711643501016128e-19,1.8066611787214755e-19,1.9016711052282982e-19,1.996673280969671e-19,2.0916677063788435e-19,2.186654381888499e-19,2.281633307932346e-19,2.3766044849435136e-19,6.356959262661294e-19,6.950359631385682e-19,7.543638956995274e-19,8.136797256402781e-19,1.8052585390774785e-18,9.305278434266784e-18
4.65,2.8361025521329286e-20,3.7813180415351444e-20,4.7264564533687635e-20,5.671517791939865e-20,6.616502061554948e-20,7.561409266522088e-20,8.506239411146417e-20,9.450992499733603e-20,1.0395668536594584e-19,1.134026752602908e-19,1.228478947234618e-19,1.322923437985147e-19,1.4173602252849225e-19,1.5117893095642832e-19,1.6062106912540203e-19,1.700624370784342e-19,1.7950303485858627e-19,1.8894286250891248e-19,1.983819200724415e-19,2.0782020759221935e-19,2.1725772511123584e-19,2.266944726725826e-19,2.3613045031929373e-19,6.316034758258453e-19,6.90561496470099e-19,7.495074907273846e-19,8.084414602780858e-19,1.793636738783007e-18,9.245373392796794e-18
4.66,2.8178835337945786e-20,3.757026993706128e-20,4.6960938711925385e-20,5.635084170532235e-20,6.573997896004045e-20,7.512835051888375e-20,8.451595642462693e-20,9.390279672005017e-20,1.0328887144798586e-19,1.1267418065115502e-19,1.2205872437237168e-19,1.3144250265441517e-19,1.4082551554005163e-19,1.5020776307203856e-19,1.5958924529317838e-19,1.6896996224621554e-19,1.7834991397393474e-19,1.877291005191137e-19,1.9710752192450481e-19,2.0648517823287732e-19,2.1586206948694508e-19,2.2523819572952283e-19,2.3461355700336817e-19,6.275460783597411e-19,6.8612535485086e-19,7.446926822120778e-19,8.032480621129839e-19,1.7821144824345376e-18,9.185981454638006e-18
4.67,2.799820232966676e-20,3.7329435608772057e-20,4.6659907972740825e-20,5.598961946408298e-20,6.531857012531257e-20,7.46467599989593e-20,8.397418912752356e-20,9.330085755351139e-20,1.0262676531948058e-19,1.1195191246787825e-19,1.2127629904124409e-19,1.305999250820831e-19,1.3992279063288737e-19,1.4924489573614024e-19,1.5856624043436978e-19,1.678868247700464e-19,1.7720664878568064e-19,1.8652571252377598e-19,1.958440160268106e-19,2.0516155933727984e-19,2.144783424976235e-19,2.237943655503821e-19,2.33109628538039e-19,6.235233593719488e-19,6.817271288270777e-19,7.399190257490586e-19,7.980990517967774e-19,1.7706907065332572e-18,9.127097137942627e-18
4.680000000000001,2.7819109895554124e-20,3.709065529678959e-20,4.636144465013474e-20,5.563147799782755e-20,6.490075538211016e-20,7.416927684524015e-20,8.343704242944619e-20,9.270405217696228e-20,1.0197030613007407e-19,1.1123580433095718e-19,1.205005468218791e-19,1.2976453364507303e-19,1.390277648427593e-19,1.4829024045714932e-19,1.5755196053049927e-19,1.6681292510500788e-19,1.7607313422291378e-19,1.853325879264485e-19,1.9459128625781852e-19,2.0384922925924744e-19,2.1310641697290356e-19,2.2236284944105515e-19,2.3161852670591403e-19,6.195349491575655e-19,6.773664141831631e-19,7.351860826190905e-19,7.929939561136227e-19,1.7593643611858044e-18,9.068715030992688e-18
4.69,2.7641541646595654e-20,3.68539071499761e-20,4.6065521431289224e-20,5.527638453250339e-20,6.44864964955911e-20,7.369585736254025e-20,8.290446717530988e-20,9.21123259758645e-20,1.0131943380621982e-19,1.1052579070828222e-19,1.1973139672404945e-19,1.2893625189548512e-19,1.3814035626454e-19,1.4734370987315622e-19,1.5654631276332019e-19,1.657481649769611e-19,1.7494926655604822e-19,1.841496175425434e-19,1.9334921797838379e-19,2.025480679055234e-19,2.117461673658613e-19,2.2094351640139617e-19,2.301401150540703e-19,6.155804827313028e-19,6.730428118637012e-19,7.304934197035825e-19,7.879323078887006e-19,1.748134409901647e-18,9.01082979115566e-18
4.7,2.746548140255514e-20,3.6619169595550657e-20,4.577211135131834e-20,5.492430671155927e-20,6.40757557179786e-20,7.322645841229676e-20,8.237641483620559e-20,9.152562503140226e-20,1.0067408903963489e-19,1.0982180690254298e-19,1.1896877866185667e-19,1.281150043592724e-19,1.3726048403647368e-19,1.464052177351355e-19,1.555492054969768e-19,1.646924473636599e-19,1.7383494337688647e-19,1.8297669357835128e-19,1.9211769800972429e-19,2.0125795671269227e-19,2.1039746972888754e-19,2.195362371000411e-19,2.286742588678282e-19,6.116595997573388e-19,6.687559278967562e-19,7.258406094013452e-19,7.829136458984286e-19,1.7369998293938768e-18,8.953436143857636e-18
4.71,2.729091318887631e-20,3.638642133496117e-20,4.548118778810837e-20,5.457521258975395e-20,6.366849578133796e-20,7.276103740431569e-20,8.185283750011401e-20,9.0943896110165e-20,1.0003421327595148e-19,1.0912378903884822e-19,1.182126234403203e-19,1.2730071652179896e-19,1.3638806832470282e-19,1.4547467889044204e-19,1.5456054826047039e-19,1.636456764761853e-19,1.7273006357902347e-19,1.818137096104147e-19,1.9089661461176397e-19,1.9997877862449322e-19,2.0906020168997008e-19,2.1814088384966037e-19,2.272208251449743e-19,6.077719444803696e-19,6.645053733184845e-19,7.212272295467703e-19,7.779375147822066e-19,1.7259596093834046e-18,8.896528881574029e-18
4.720000000000001,2.7117821233638865e-20,3.6155641339826057e-20,4.5192724457245053e-20,5.422907062706909e-20,6.326467989047541e-20,7.229955228865635e-20,8.133368786277601e-20,9.036708665400377e-20,9.939974870355921e-20,1.0843167405255486e-19,1.1746286274219264e-19,1.264933148136411e-19,1.3552303030805624e-19,1.445520092665854e-19,1.5358025173041949e-19,1.6260775774069345e-19,1.7163452733858112e-19,1.8066056056524946e-19,1.8968585746184103e-19,1.9871041806951483e-19,2.0773424242937633e-19,2.1675733058262815e-19,2.2577968257041806e-19,6.039171656578179e-19,6.602907640990185e-19,7.166528633293871e-19,7.730034649556477e-19,1.7150127524064534e-18,8.840102862837298e-18
4.73,2.6946189964566128e-20,3.592680884794446e-20,4.4906695407026595e-20,5.388584968272518e-20,6.28642717159568e-20,7.184196154765317e-20,8.081891921871776e-20,8.979514477005944e-20,9.877063824263693e-20,1.0774539967730247e-19,1.167194291149973e-19,1.2569272659662936e-19,1.3466529216309413e-19,1.436371258552786e-19,1.52608227714113e-19,1.6157859778047186e-19,1.705482360952684e-19,1.7951714269940917e-19,1.8848531763377616e-19,1.9745276093926801e-19,2.0641947265672987e-19,2.1538545282710378e-19,2.2435070149127696e-19,6.000949164931955e-19,6.561117210696049e-19,7.121170992147814e-19,7.681110525252793e-19,1.704158273625307e-18,8.784153011261453e-18
4.74,2.6776004006082705e-20,3.569990335937341e-20,4.4623075013560304e-20,5.3545519009297604e-20,6.246723538724353e-20,7.138822418807121e-20,8.030848545242583e-20,8.922801922095785e-20,9.814682553436736e-20,1.0706490443324854e-19,1.1598225595828406e-19,1.248988801501235e-19,1.338147770494041e-19,1.427299466967546e-19,1.5164438913284658e-19,1.6055810439829663e-19,1.6947109253375947e-19,1.7838335357988321e-19,1.8729488757729181e-19,1.9620569456662553e-19,2.0511577458847154e-19,2.1402512768351326e-19,2.229337538923797e-19,5.96304854570574e-19,6.519678698509624e-19,7.07619530866838e-19,7.632598392046718e-19,1.6933952006422344e-18,8.728674314582912e-18
4.75,2.6607248176422048e-20,3.547490463257132e-20,4.434183797594212e-20,5.3208048246932475e-20,6.207353548594432e-20,7.093829973339446e-20,7.980234102967192e-20,8.866565941517095e-20,9.752825493033515e-20,1.0639012761550279e-19,1.152512775111002e-19,1.2411170465752078e-19,1.3297140909514557e-19,1.4183039086434726e-19,1.5068865000554128e-19,1.5954618655908797e-19,1.68403000565386e-19,1.7725909206482724e-19,1.8611446109777955e-19,1.9496910770462717e-19,2.0382303192570145e-19,2.1267623380142935e-19,2.215287133721838e-19,5.925466417901728e-19,6.478588407828536e-19,7.031597570713011e-19,7.584493922319874e-19,1.6827225733165568e-18,8.673661823717565e-18
4.760000000000001,2.6439907484782224e-20,3.525179268060585e-20,4.406295931151674e-20,5.287340741765886e-20,6.168313703918003e-20,7.049214821624286e-20,7.93004409889824e-20,8.81080153975388e-20,9.69148714821013e-20,1.0572100928275452e-19,1.1452642883967048e-19,1.2333113019298857e-19,1.3213511338283578e-19,1.4093837844933107e-19,1.4974092543263547e-19,1.585427543728556e-19,1.673438653101361e-19,1.7614425828461466e-19,1.8494393333640538e-19,1.9374289050563843e-19,2.0254112983239152e-19,2.1133865135683735e-19,2.201354551190951e-19,5.888199443050158e-19,6.437842688548313e-19,6.987373816606085e-19,7.536792842889054e-19,1.6721394435847771e-18,8.61911065183362e-18
4.7700000000000005,2.6273967128529436e-20,3.503054776742542e-20,4.3786414351217107e-20,5.2541566919796487e-20,6.129600551305944e-20,7.00497301709165e-20,7.88027409332508e-20,8.755503783995056e-20,9.630662093095282e-20,1.0505749024609064e-19,1.1380764582528387e-19,1.2255708770842e-19,1.313058159353742e-19,1.4005383054601355e-19,1.4880113158024714e-19,1.5754771907792981e-19,1.6629359307895425e-19,1.7503875362320632e-19,1.8378320075054823e-19,1.925269345008583e-19,2.0126995491396284e-19,2.1001226202978229e-19,2.187538558881841e-19,5.851244324586539e-19,6.39743793638146e-19,6.943520134399885e-19,7.489490934209066e-19,1.6616448752837156e-18,8.565015973439956e-18
4.78,2.610941249044807e-20,3.4811150404192773e-20,4.3512178734981537e-20,5.221249752245653e-20,6.091210680626373e-20,6.961100662606375e-20,7.830919702148992e-20,8.700667803218064e-20,9.570344969782282e-20,1.0439951205800001e-19,1.130948651523821e-19,1.2178950902060668e-19,1.3048344370229933e-19,1.3917666923707735e-19,1.478691856645998e-19,1.5656099302447204e-19,1.6525209135633682e-19,1.739424806998302e-19,1.8263216109456482e-19,1.9132113258016921e-19,2.000093951962201e-19,2.0869694898238816e-19,2.1738379397829085e-19,5.81459780723924e-19,6.357370592187892e-19,6.900032661147845e-19,7.442584029588857e-19,1.6512379439765973e-18,8.511373023489694e-18
4.79,2.5946229136036817e-20,3.4593581345679904e-20,4.3240228407247666e-20,5.188617036013448e-20,6.053140724373858e-20,6.917593909747264e-20,7.781976596072233e-20,8.646288787287834e-20,9.510530487337942e-20,1.0374701700156187e-19,1.1238802429684752e-19,1.2102832679862633e-19,1.2966792454627613e-19,1.3830681757916663e-19,1.4694500593670905e-19,1.5558248965826124e-19,1.6421926878321816e-19,1.7285534335096812e-19,1.814907134008762e-19,1.901253789723232e-19,1.987593401046387e-19,2.0739259683724517e-19,2.1602514920951264e-19,5.778256676427327e-19,6.317637141316557e-19,6.85690758219001e-19,7.396068014420756e-19,1.640917736782054e-18,8.458177096498744e-18
4.8,2.5784402810849626e-20,3.437782158672287e-20,4.2970539612521006e-20,5.1562556927392727e-20,6.015387357049054e-20,6.874448958098131e-20,7.733440499800504e-20,8.592361986070671e-20,9.451213420827918e-20,1.0309994807981331e-19,1.1168706151448517e-19,1.2027347455143897e-19,1.288591872298069e-19,1.3744419958871324e-19,1.460285116673233e-19,1.5461212350474953e-19,1.6319503514014111e-19,1.7177724661264074e-19,1.8035875796136792e-19,1.8893956922545794e-19,1.9751968044399495e-19,2.0609909165615563e-19,2.1467780290106448e-19,5.742217757668383e-19,6.278234112957983e-19,6.814141130450293e-19,7.349938825422502e-19,1.6306833522059496e-18,8.405423545678994e-18
4.8100000000000005,2.562391943788075e-20,3.416385235873523e-20,4.270308889101705e-20,5.124162907363124e-20,5.977947294548658e-20,6.83166205455062e-20,7.685307191258647e-20,8.538882708562876e-20,9.392388610358196e-20,1.0245824900529366e-19,1.1099191582969602e-19,1.195248866156897e-19,1.280571614021633e-19,1.3658874022799756e-19,1.4511962313211412e-19,1.536498101533818e-19,1.6217930133070627e-19,1.7070809670298665e-19,1.7923619630909887e-19,1.877636001879346e-19,1.9629030837833478e-19,2.0481632091923228e-19,2.1334163784950802e-19,5.706477915996166e-19,6.239158079507565e-19,6.771729585745424e-19,7.30419244989185e-19,1.6205338999760115e-18,8.353107782085857e-18
4.82,2.5464765114993232e-20,3.3951655126279635e-20,4.243785307437583e-20,5.09233589979452e-20,5.940817293565488e-20,6.789229492618625e-20,7.637572500819405e-20,8.485846322033804e-20,9.334050960132521e-20,1.0182186418976185e-19,1.1030252702433831e-19,1.1878249814371358e-19,1.2726177758653478e-19,1.3574036539144117e-19,1.4421826159711263e-19,1.526954662421765e-19,1.611719793652969e-19,1.6964780100513117e-19,1.7812293120031395e-19,1.8659736998949533e-19,1.9507111741127484e-19,2.0354417350434374e-19,2.1201653830734131e-19,5.67103405538793e-19,6.200405655939444e-19,6.729669274105379e-19,7.258824924973547e-19,1.6104685008791947e-18,8.301225273780005e-18
4.83,2.5306926112389765e-20,3.374121158369562e-20,4.217480928144691e-20,5.060771924406735e-20,5.903994150998442e-20,6.747147611763966e-20,7.590232310544834e-20,8.433248251183053e-20,9.276195437525331e-20,1.0119073873408363e-19,1.0961883562677214e-19,1.1804624509173811e-19,1.2647296716738916e-19,1.3489900189212497e-19,1.4332434930438574e-19,1.517490094425594e-19,1.6017298234507043e-19,1.6859626805033646e-19,1.7701886659675272e-19,1.854407780227298e-19,1.9386200236662793e-19,2.0228253966689838e-19,2.1070238996194115e-19,5.635883118201169e-19,6.161973499190658e-19,6.687956567104968e-19,7.213832336938387e-19,1.6004862866017338e-18,8.249771545002877e-18
4.84,2.515038887012536e-20,3.353250365178343e-20,4.191393491414425e-20,5.029468269539386e-20,5.867474703372204e-20,6.705412796733259e-20,7.543282553440309e-20,8.381083977311603e-20,9.218817072170049e-20,1.0056481841828614e-19,1.0894078290108576e-19,1.1731606420828104e-19,1.2569066237804193e-19,1.340645774485307e-19,1.4243780945794964e-19,1.5081035844444941e-19,1.5918222444621654e-19,1.6755340750143131e-19,1.759239076482513e-19,1.8429372492484953e-19,1.9266285936934898e-19,2.010313110199632e-19,2.0939907991485439e-19,5.601022084619703e-19,6.123858307555536e-19,6.646587881206519e-19,7.169210820474196e-19,1.5905863995718362e-18,8.19874217536585e-18
4.8500000000000005,2.4995139995660917e-20,3.3325513474542163e-20,4.1655207653369117e-20,4.998422257009215e-20,5.831255826266526e-20,6.664021476905642e-20,7.496719212720759e-20,8.329349037506549e-20,9.161910955062331e-20,9.994404969177532e-20,1.0826831083649836e-19,1.1659189302273851e-19,1.249147962884301e-19,1.3323702067149977e-19,1.4155856620991403e-19,1.4987943294158805e-19,1.5819962090447265e-19,1.6651913013651243e-19,1.7483796067562937e-19,1.831561125597609e-19,1.9147358582679466e-19,1.997903805147083e-19,2.081064966614286e-19,5.566447972108839e-19,6.086056820089987e-19,6.605559677113341e-19,7.124956557988455e-19,1.5807679928049614e-18,8.14813279905272e-18
4.86,2.4841166261457082e-20,3.3120223415961716e-20,4.1398605455000193e-20,4.967631241628908e-20,5.795334433754858e-20,6.622970125651282e-20,7.450538321088999e-20,8.278039023839304e-20,9.105472237678117e-20,9.932837966371513e-20,1.0760136213693792e-19,1.1587366983416177e-19,1.2414530279308734e-19,1.3241626105140773e-19,1.4068654464685553e-19,1.4895615361711232e-19,1.572250879998951e-19,1.6549334783291474e-19,1.737609331538598e-19,1.8202784400043369e-19,1.9029408041029093e-19,1.985596424211751e-19,2.0682453007077928e-19,5.532157834879531e-19,6.048565816025649e-19,6.564868459133844e-19,7.081065778922443e-19,1.5710302297516498e-18,8.09793910403534e-18
4.87,2.4688454602607225e-20,3.291661605686694e-20,4.1144106545948853e-20,4.9370926107337654e-20,5.759707477852166e-20,6.582255259700303e-20,7.404735960025811e-20,8.22714958257681e-20,9.049496131105993e-20,9.871775609356298e-20,1.0693988021078811e-19,1.1516133370021576e-19,1.2338211659931494e-19,1.316022289455468e-19,1.398216707764121e-19,1.480404421293607e-19,1.562585430418779e-19,1.6447597355144261e-19,1.7269273369551158e-19,1.8090882351155676e-19,1.8912424303700094e-19,1.973389923093557e-19,2.0555307136608245e-19,5.498148763361239e-19,6.011382114193542e-19,6.524510774556009e-19,7.037534759076487e-19,1.5613722841478279e-18,8.048156831301989e-18
4.88,2.4536992114509663e-20,3.2714674191814015e-20,4.089168942027983e-20,4.906803783716182e-20,5.724371947971837e-20,6.541873438522151e-20,7.359308259091766e-20,8.176676413405812e-20,8.993977905193959e-20,9.81121273817618e-20,1.0628380916080548e-19,1.1445482442632119e-19,1.2262517321554793e-19,1.3079485556571716e-19,1.3896387151409957e-19,1.4713222109791522e-19,1.5529990435441937e-19,1.6346692132086116e-19,1.7163327203446746e-19,1.7979895653248028e-19,1.8796397485209284e-19,1.9612832703058672e-19,2.0429201310519342e-19,5.464417883683526e-19,5.974502572457271e-19,6.484483213032203e-19,6.994359819946429e-19,1.5517933398675887e-18,7.998781774098547e-18
4.890000000000001,2.4386766050577417e-20,3.2514380826036883e-20,4.0641332835394425e-20,4.8767622115676695e-20,5.689324870391392e-20,6.501821263714994e-20,7.31425139524032e-20,8.126615268669687e-20,8.938912887709932e-20,9.751144256058251e-20,1.05633093774199e-19,1.1375408255497115e-19,1.2187440893991008e-19,1.2999407296601922e-19,1.3811307467034116e-19,1.4623141408986797e-19,1.54349091261627e-19,1.6246610622263913e-19,1.7058245900990349e-19,1.786981496604339e-19,1.8681317821119604e-19,1.9492754469924305e-19,2.0304124916157864e-19,5.430962357166021e-19,5.937924087155374e-19,6.444782405973928e-19,6.951537328070781e-19,1.54229259077835e-18,7.949809777181888e-18
4.9,2.4237763819985575e-20,3.2315719172443923e-20,4.039301580827652e-20,4.846965376428375e-20,5.65456330772696e-20,6.46209537840516e-20,7.269561592142197e-20,8.076961952617769e-20,8.884296463516065e-20,9.69156512851169e-20,1.0498767951287258e-19,1.1305904935522393e-19,1.2112976084895587e-19,1.291998140308458e-19,1.3726920893770983e-19,1.4533794560631422e-19,1.534060240734599e-19,1.6147344437594166e-19,1.6954020655053256e-19,1.7760631063402026e-19,1.8567175666314455e-19,1.9373654467473217e-19,2.0180067470556083e-19,5.397779379816759e-19,5.901643592552842e-19,6.405405025956521e-19,6.90906369438861e-19,1.532869240598394e-18,7.90123673608557e-18
4.91,2.408997298545501e-20,3.211867264866303e-20,4.0146717611798963e-20,4.817410791143885e-20,5.620084358416225e-20,6.422692466656219e-20,7.225235119520656e-20,8.027712320666793e-20,8.83012407375636e-20,9.632470382441553e-20,1.0434751250382531e-19,1.123696668123648e-19,1.2039116678659467e-19,1.2841201246306805e-19,1.3643220387837654e-19,1.4445174106906222e-19,1.524706240717016e-19,1.604888529228652e-19,1.6850642765910173e-19,1.7652334831697465e-19,1.8453961493299966e-19,1.9255522754377903e-19,2.0057018618586607e-19,5.364866181838605e-19,5.865658060301467e-19,6.366347786133442e-19,6.866935373607775e-19,1.5235225027567018e-18,7.853058596397343e-18
4.92,2.3943381261072477e-20,3.192322487413507e-20,3.990241777109074e-20,4.78809599882929e-20,5.585885156209855e-20,6.383609252887803e-20,7.181268292497675e-20,7.978862278674466e-20,8.776391215057627e-20,9.573855105277133e-20,1.0371253952970867e-19,1.116858776177376e-19,1.1965856535319627e-19,1.2763060277241548e-19,1.3560198991176408e-19,1.4357272680756184e-19,1.515428134961627e-19,1.595122500139146e-19,1.6748103639714378e-19,1.7544917268219137e-19,1.8341665890535068e-19,1.913834951030014e-19,1.9934968131147436e-19,5.332220027143781e-19,5.829964498909054e-19,6.327607439660169e-19,6.825148863583526e-19,1.5142516002550859e-18,7.805271353048497e-18
4.930000000000001,2.3797976510145538e-20,3.172935966725408e-20,3.96600960599621e-20,4.759018572440229e-20,5.551962869671083e-20,6.344842501303719e-20,7.137657470950601e-20,7.93040778222466e-20,8.723093438743238e-20,9.515714444114262e-20,1.0308270801953532e-19,1.1100762515873898e-19,1.1893189589487115e-19,1.2685552026404182e-19,1.3477849830239923e-19,1.4270083004604237e-19,1.506225155311045e-19,1.5854355479371282e-19,1.6646394786997305e-19,1.7438369479600537e-19,1.8230279560788306e-19,1.9022125034176453e-19,1.9813905903376016e-19,5.299838212876177e-19,5.794559953217131e-19,6.289180779127345e-19,6.783700704707063e-19,1.5050557655325368e-18,7.757871049614648e-18
4.94,2.3653746743092544e-20,3.1537061042553883e-20,3.9419732497388247e-20,4.730176114350934e-20,5.518314701683433e-20,6.306389015329361e-20,7.09439905887929e-20,7.882344835924252e-20,8.670226350059666e-20,9.458043604871594e-20,1.0245796603953921e-19,1.1033485350897603e-19,1.1821109849292499e-19,1.2608670102727736e-19,1.3396166114796214e-19,1.4183597889085969e-19,1.4970965429188422e-19,1.5758268738694395e-19,1.6545507821192572e-19,1.73326826802731e-19,1.8119793319521427e-19,1.8906839742531488e-19,1.9693821952892427e-19,5.267718068941426e-19,5.759441503887171e-19,6.251064636003118e-19,6.742587479304055e-19,1.495934240331771e-18,7.710853777627846e-18
4.95,2.351068011536635e-20,3.1346313207939853e-20,3.9181307344048975e-20,4.701566255939018e-20,5.484937888966341e-20,6.268245637058172e-20,7.051489503783367e-20,7.834669492711237e-20,8.617785607415456e-20,9.400837851460396e-20,1.0183826228418204e-19,1.0966750741858119e-19,1.1749611395348283e-19,1.2532408192456115e-19,1.3315141136752792e-19,1.4097810231804636e-19,1.4880415481181355e-19,1.566295688845204e-19,1.6445434457183694e-19,1.7227848190944723e-19,1.8010198093298898e-19,1.8792484167818424e-19,1.9574706418070734e-19,5.2358569575445245e-19,5.724606266895042e-19,6.213255880084458e-19,6.701805811042785e-19,1.4868862755679263e-18,7.664215675899749e-18
4.96,2.3368764925411705e-20,3.115710056196561e-20,3.894480109892475e-20,4.6731866571770126e-20,5.451829701598619e-20,6.230409246707045e-20,7.008925296049599e-20,7.787377853174053e-20,8.565766921632503e-20,9.344092504967811e-20,1.0122354606730556e-19,1.0900553230468438e-19,1.1678688379728062e-19,1.245676005805531e-19,1.32347682689998e-19,1.401271301610633e-19,1.4790594302923063e-19,1.5568412132997548e-19,1.6346166509875247e-19,1.7123857437103036e-19,1.7901484918223165e-19,1.8679048956786287e-19,1.9456549556338293e-19,5.204252272734932e-19,5.690051393033653e-19,6.175751418957332e-19,6.661352364351905e-19,1.4779111311993774e-18,7.617952929855757e-18
4.970000000000001,2.3227989612655224e-20,3.096940769115299e-20,3.871019449594685e-20,4.645035006230406e-20,5.418987442549532e-20,6.192876762080427e-20,6.966702968349036e-20,7.74046606488175e-20,8.514166055209277e-20,9.287802942853131e-20,1.0061376731342504e-19,1.0834887424203722e-19,1.160833502496202e-19,1.2381719537141934e-19,1.3155040964271687e-19,1.392829930987473e-19,1.4701494577477842e-19,1.5474626770607203e-19,1.6247695892786923e-19,1.7020701947542515e-19,1.7793644938394885e-19,1.8566524868873293e-19,1.9339341742502268e-19,5.172901439958948e-19,5.655774067423529e-19,6.13854819746553e-19,6.621223843847468e-19,1.469008076100619e-18,7.572061770879767e-18
4.98,2.308834275552786e-20,3.0783219367355514e-20,3.847746850070175e-20,4.617109019062182e-20,5.3864084472174356e-20,6.155645138043088e-20,6.924819095043886e-20,7.693930321725018e-20,8.46297882159597e-20,9.23196459815708e-20,1.0000887654916325e-19,1.0769747995378829e-19,1.1538545623048642e-19,1.2307280541429095e-19,1.3075952754027208e-19,1.3844562264345248e-19,1.461310907588879e-19,1.5381593192162825e-19,1.6150014616670257e-19,1.6918373352915415e-19,1.7686669404398036e-19,1.845490277462616e-19,1.9223073467103132e-19,5.141801915619299e-19,5.621771509031311e-19,6.101643197188023e-19,6.58141699376922e-19,1.4601763879371976e-18,7.526538475669513e-18
4.99,2.2949813069518635e-20,3.0598520545163444e-20,3.8246604307187654e-20,4.5894064390436186e-20,5.3540900829757316e-20,6.118711366001213e-20,6.883270291603783e-20,7.647766863267602e-20,8.412201084481092e-20,9.176572958723592e-20,9.940882489482033e-20,1.0705129680240508e-19,1.1469314534482038e-19,1.2233437055688938e-19,1.2997497247347188e-19,1.3761495112938041e-19,1.4525430655946037e-19,1.5289303879855134e-19,1.605311478814723e-19,1.6816863384305605e-19,1.758054967180902e-19,1.8344173654144457e-19,1.9107735334794249e-19,5.110951186641715e-19,5.588040970195854e-19,6.0650334359246525e-19,6.541928597425817e-19,1.451415353042625e-18,7.481379365602109e-18
5.,2.281238940525985e-20,3.041529635935083e-20,3.801758333462337e-20,4.5619250365713724e-20,5.322029748726151e-20,6.082072473391906e-20,6.842053214031495e-20,7.601971974108221e-20,8.361828757089608e-20,9.121623566434172e-20,9.881356405607951e-20,1.0641027278074188e-19,1.140063618729504e-19,1.2160183136731974e-19,1.2919668129850094e-19,1.3679091170109805e-19,1.443845226097478e-19,1.5197751405908124e-19,1.5956988608370877e-19,1.671616387182547e-19,1.7475277199729826e-19,1.8234328595550048e-19,1.899331806274761e-19,5.080346770048493e-19,5.554579736161991e-19,6.028715967190068e-19,6.502755476649002e-19,1.4427242662972829e-18,7.436580806109846e-18
5.010000000000001,2.267606074664254e-20,3.023353212236292e-20,3.779038722430772e-20,4.534662608690622e-20,5.290224874459102e-20,6.045725523180737e-20,6.801164558297692e-20,7.556541983252565e-20,8.311857801492171e-20,9.067112016454347e-20,9.822304631584426e-20,1.0577435650324943e-19,1.133250507611738e-19,1.2087512912402504e-19,1.2842459162624713e-19,1.359734383022374e-19,1.4352166918642562e-19,1.5106928431323576e-19,1.5861628371707137e-19,1.6616266743235003e-19,1.7370843549344411e-19,1.812535879348076e-19,1.8879812479084842e-19,5.049986212538819e-19,5.5213851246216835e-19,5.992687879715711e-19,6.463894491256408e-19,1.4341024310092353e-18,7.392139206065862e-18
5.0200000000000005,2.2540816208962045e-20,3.0053213321843613e-20,3.756499783652901e-20,4.507616978724217e-20,5.258672920821033e-20,6.00966761336733e-20,6.76060105978474e-20,7.51147326349534e-20,8.262284227925373e-20,9.01303395649218e-20,9.763722452620545e-20,1.0514349719732469e-19,1.1264915761248909e-19,1.201542058059011e-19,1.2765864181179931e-19,1.3516246566437583e-19,1.426656773978551e-19,1.5016827704645585e-19,1.5767026464437638e-19,1.6517164022582896e-19,1.7267240382498105e-19,1.8017255547608113e-19,1.8767209521333184e-19,5.019867090075768e-19,5.488454485262463e-19,5.956946296959734e-19,6.425342538522954e-19,1.4255491587969514e-18,7.348051017179604e-18
5.03,2.2406645037092852e-20,2.9874325618202105e-20,3.7341397247523425e-20,4.480785995907702e-20,5.22737137868864e-20,5.973895876498759e-20,6.720359492739324e-20,7.466762230812033e-20,8.213104094122749e-20,8.959385086068467e-20,9.705605210053578e-20,1.0451764469479725e-19,1.1197862867747492e-19,1.1943900408256778e-19,1.2689877094411048e-19,1.3435792929609174e-19,1.4181647917253215e-19,1.492744206074468e-19,1.567317536348305e-19,1.641884782886918e-19,1.7164459460299481e-19,1.7910010261178415e-19,1.8655500234905887e-19,4.989987007479856e-19,5.455785199323049e-19,5.92148837662466e-19,6.38709655266057e-19,1.4170637694738765e-18,7.30431273340186e-18
5.04,2.227353660369258e-20,2.969685484221822e-20,3.711956774648181e-20,4.4541675350301466e-20,5.1963177687498576e-20,5.938407479190697e-20,6.680436669733724e-20,7.422405343760432e-20,8.164313504656447e-20,8.906161155798581e-20,9.64794830057101e-20,1.0389674942355161e-19,1.1131341084531424e-19,1.187294673047949e-19,1.2614491883582621e-19,1.335597654721948e-19,1.409740072477193e-19,1.4838764419621269e-19,1.558006763514678e-19,1.6321310374729115e-19,1.7062492641744514e-19,1.780361443957721e-19,1.8544675771606905e-19,4.960343598029053e-19,5.423374679156015e-19,5.886311310182736e-19,6.349153504306232e-19,1.4086455909348447e-18,7.260920890339267e-18
5.05,2.2141480407434197e-20,2.952078699268548e-20,3.689949183260367e-20,4.427759496080636e-20,5.165509641091442e-20,5.903199621656108e-20,6.640829441135649e-20,7.378399102891508e-20,8.115908610289237e-20,8.853357966685635e-20,9.590747175444805e-20,1.0328076239928131e-19,1.1065345163495956e-19,1.180255394950794e-19,1.253970260132728e-19,1.3276791122312614e-19,1.4013819515825757e-19,1.4750787785227942e-19,1.5487695933878436e-19,1.622454396513784e-19,1.6961331882362375e-19,1.7698059688916206e-19,1.8434727388159015e-19,4.930934523065101e-19,5.391220367797366e-19,5.851412322408762e-19,6.311510400018058e-19,1.4002939590442826e-18,7.217872064678042e-18
5.0600000000000005,2.20104660712661e-20,2.934610823409137e-20,3.668115221219756e-20,4.401559803900332e-20,5.1349445747930626e-20,5.868269537241365e-20,6.601534694586371e-20,7.33474005016963e-20,8.067885607336781e-20,8.800971369424757e-20,9.533997339777762e-20,1.0266963521737285e-19,1.0999869918643787e-19,1.1732716533837046e-19,1.2465503370660366e-19,1.3198230432452502e-19,1.3930897722555376e-19,1.4663505244310345e-19,1.5396053001056787e-19,1.6128540996135418e-19,1.6860969232882606e-19,1.7593337714642607e-19,1.8325646444755223e-19,4.901757471606029e-19,5.359319738542887e-19,5.816788670920274e-19,6.274164281779336e-19,1.3920082175261693e-18,7.175162873616791e-18
5.07,2.1880483340699845e-20,2.91728048943343e-20,3.6464531795827435e-20,4.375566407840058e-20,5.1046201775278296e-20,5.833614491969735e-20,6.562549354487169e-20,7.291424768401955e-20,8.02024073703997e-20,8.74899726371844e-20,9.477694351761822e-20,1.020633200449187e-19,1.093491022522932e-19,1.1663429017294229e-19,1.2391888384010148e-19,1.3120288328696122e-19,1.3848628854674341e-19,1.4576909965266421e-19,1.530513166379202e-19,1.6033293953572139e-19,1.6761396837923424e-19,1.74894403201704e-19,1.8217424403633124e-19,4.872810159964833e-19,5.32767029453121e-19,5.782437645725031e-19,6.237112226510428e-19,1.383787717855745e-18,7.13278997430832e-18
5.08,2.1751522082124367e-20,2.9000863462476065e-20,3.6249613695503365e-20,4.349777281423182e-20,5.0745340851690155e-20,5.799231784091925e-20,6.523870381493728e-20,7.248449880676669e-20,7.972970284947025e-20,8.697431597602468e-20,9.421833821947866e-20,1.0146176961285389e-19,1.0870461018916203e-19,1.1594685998140797e-19,1.2318851902263135e-19,1.3042958734582699e-19,1.3767006498402092e-19,1.4490995197023364e-19,1.5214924833746601e-19,1.593879541187323e-19,1.666260693470035e-19,1.7386359405532897e-19,1.8110052827671353e-19,4.844090331374048e-19,5.296269568333359e-19,5.748356568775516e-19,6.200351345588243e-19,1.3756318191529035e-18,7.090750063310082e-18
5.09,2.16235722811471e-20,2.883027058653006e-20,3.6036381221916886e-20,4.324190422013886e-20,5.044683961403042e-20,5.765118743643809e-20,6.485494772018582e-20,7.205812049810184e-20,7.926070580305438e-20,8.646270366782622e-20,9.366411412527155e-20,1.0086493720821796e-19,1.0806517294948286e-19,1.1526482138187696e-19,1.224638825382456e-19,1.296623564513895e-19,1.3686024315414043e-19,1.4405754267932458e-19,1.5125425505974885e-19,1.584503803282331e-19,1.6564591851755452e-19,1.7284086966056791e-19,1.800352337900842e-19,4.815595755616309e-19,5.265115121548823e-19,5.714542793530537e-19,6.163878784373361e-19,1.3675398880772727e-18,7.049039876043435e-18
5.1000000000000005,2.1496624040960716e-20,2.866101307128369e-20,3.58248178817191e-20,4.2988038504905445e-20,5.015067497348446e-20,5.731272732010977e-20,6.447419557741267e-20,7.16350797780286e-20,7.879537995463288e-20,8.595509613981582e-20,9.311422836623875e-20,1.0027277666653647e-19,1.0743074107333378e-19,1.1458812161924872e-19,1.2174491833693387e-19,1.2890113125899727e-19,1.3605676041807803e-19,1.4321180584680967e-19,1.5036626757780633e-19,1.5752014564369535e-19,1.6467344007706143e-19,1.7182615091056642e-19,1.789782781768287e-19,4.787324228660632e-19,5.2342045444078725e-19,5.680993704523586e-19,6.127691721744464e-19,1.359511298724927e-18,7.007656186261172e-18
5.11,2.137066758073567e-20,2.8493077876155194e-20,3.5614907374841823e-20,4.2736156109242837e-20,4.985682411180867e-20,5.697691141500163e-20,6.409641805126185e-20,7.12153440530335e-20,7.833368945280049e-20,8.545145428296215e-20,9.256863857598841e-20,9.968524236432288e-20,1.0680126568039918e-19,1.1391670855664426e-19,1.2103157102551935e-19,1.281458531194415e-19,1.352595548708584e-19,1.4237267631221256e-19,1.494852174759269e-19,1.565971783944376e-19,1.637085591001385e-19,1.7081935962549998e-19,1.7792958000294934e-19,4.75927357230442e-19,5.203535455380161e-19,5.647706716938042e-19,6.091787369640124e-19,1.3515454325267248e-18,6.966595805523539e-18
5.12,2.1245693234037478e-20,2.832645211308341e-20,3.540663359185996e-20,4.248623770262463e-20,4.9565264477638075e-20,5.664371394917283e-20,6.372158614947925e-20,7.07988811108118e-20,7.787559886546441e-20,8.495173944564698e-20,9.202730288363951e-20,9.910228921169591e-20,1.0617669846206012e-19,1.132505306669695e-19,1.2032378585869536e-19,1.2739646406946523e-19,1.344685653315371e-19,1.4154008967716368e-19,1.4861103713857828e-19,1.5568140774802745e-19,1.6275120153771554e-19,1.6982041853992316e-19,1.7688905878688783e-19,4.731441633820994e-19,5.173105500789353e-19,5.6146792761889e-19,6.056162972607653e-19,1.3436416781482133e-18,6.925855582682275e-18
5.13,2.1121691447268943e-20,2.8161123044450895e-20,3.5199980611395414e-20,4.2238264180171724e-20,4.9275973782852223e-20,5.631310945152104e-20,6.33496712182403e-20,7.038565911507629e-20,7.742107317413438e-20,8.445591342743646e-20,9.149017990707419e-20,9.852387264511316e-20,1.0555699167360921e-19,1.1258953702461144e-19,1.1962150873020288e-19,1.2665290682242292e-19,1.3368373133334131e-19,1.4071398229502244e-19,1.4774365973951163e-19,1.547727636988671e-19,1.618012942051052e-19,1.6882925129031824e-19,1.7585663498655562e-19,4.703826285612688e-19,5.142912354433822e-19,5.581908857511091e-19,6.020815807359044e-19,1.3357994313911095e-18,6.885432403372809e-18
5.140000000000001,2.0998652778136422e-20,2.799707808103892e-20,3.499493269756099e-20,4.19922166595851e-20,4.898892999899679e-20,5.598507274769328e-20,6.298064493754996e-20,6.997564660044627e-20,7.697007776830061e-20,8.39639384729483e-20,9.095722874629407e-20,9.794994862021677e-20,1.049420981265854e-19,1.1193367729726248e-19,1.1892468616414406e-19,1.2591512475908294e-19,1.3290499311396211e-19,1.3989429126065906e-19,1.4688301923103243e-19,1.5387117705695383e-19,1.6085876477025308e-19,1.6784578240283547e-19,1.7483222998656366e-19,4.676425424869255e-19,5.112953717213196e-19,5.549392965554153e-19,5.985743182333776e-19,1.3280180950963032e-18,6.845323189514256e-18
5.15,2.0876567894139944e-20,2.7834304780014445e-20,3.479147429744427e-20,4.17480764781265e-20,4.87041113537613e-20,5.565957895606046e-20,6.261447931671404e-20,6.956881246741612e-20,7.652257843989952e-20,8.347577726581455e-20,9.042840897688037e-20,9.738047360479048e-20,1.0433197118122866e-19,1.1128290173787213e-19,1.182332653064315e-19,1.2518306191857444e-19,1.3213229160599844e-19,1.390809544003958e-19,1.4602905033343993e-19,1.5297657943681702e-19,1.5992354174217192e-19,1.6686993728122442e-19,1.7381576608565192e-19,4.649236973231644e-19,5.083227316760721e-19,5.517129133983207e-19,5.950942437268415e-19,1.3202970790483657e-18,6.8055248988172235e-18
5.16,2.0755427571086517e-20,2.767279084294795e-20,3.4589590038629845e-20,4.150582518964535e-20,4.84214963275107e-20,5.533660348375367e-20,6.225114668988039e-20,6.916512597740107e-20,7.60785413778644e-20,8.2991392922737e-20,8.9903680643554e-20,9.681540457182501e-20,1.037265647390499e-19,1.106371611767221e-19,1.1754719391636826e-19,1.2445666298947218e-19,1.3136556842754753e-19,1.3827391026210275e-19,1.4518168852462732e-19,1.5208890324662364e-19,1.5899555445955288e-19,1.6590164219495086e-19,1.7280716648431108e-19,4.622258876460895e-19,5.053730907081272e-19,5.485114925086074e-19,5.916410942772838e-19,1.3126357998815294e-18,6.766034524299186e-18
5.17,2.0635222691626697e-20,2.7512524113862245e-20,3.438926472676057e-20,4.126544456165233e-20,4.8141063649871204e-20,5.501612202276238e-20,6.189061971164957e-20,6.876455674786044e-20,7.563793316276097e-20,8.251074898763556e-20,8.938300425383669e-20,9.62546989926915e-20,1.0312583323551737e-19,1.0999640701362543e-19,1.168664203583597e-19,1.237358733010217e-19,1.3060476587294247e-19,1.3747309810544794e-19,1.4434087002984538e-19,1.5120808167745472e-19,1.580747330795548e-19,1.649408242674989e-19,1.7180635527259812e-19,4.5954891041122365e-19,5.024462268195012e-19,5.453347929386513e-19,5.88214609991306e-19,1.3050336809871343e-18,6.726849093807388e-18
5.180000000000001,2.0515944243813404e-20,2.7353492577310957e-20,3.419048334313573e-20,4.102691657243725e-20,4.786279229636807e-20,5.469811054609222e-20,6.153287135275233e-20,6.836707474749502e-20,7.520072076150492e-20,8.203380942588558e-20,8.886634077180834e-20,9.569831483041915e-20,1.0252973163285448e-19,1.0936059121024436e-19,1.1619089359375167e-19,1.2302063881449698e-19,1.2984982690363037e-19,1.366784578922965e-19,1.4350653181162172e-19,1.50334048692745e-19,1.5716100856676434e-19,1.6398741146485172e-19,1.7081325741813737e-19,4.568925649214131e-19,4.995419205786485e-19,5.421825765263371e-19,5.848145339800435e-19,1.297490152422484e-18,6.68796566954906e-18
5.19,2.0397583319683192e-20,2.7195684356487015e-20,3.399323104234667e-20,4.079022340823199e-20,4.75866614851158e-20,5.438254530398233e-20,6.117787489579455e-20,6.797265029151937e-20,7.476687152216153e-20,8.156053861864514e-20,8.835365161196167e-20,9.514621053307743e-20,1.0193821541294924e-19,1.087296662825275e-19,1.1552056317279535e-19,1.2231090611469383e-19,1.291006951391932e-19,1.3588993027725856e-19,1.4267861155983672e-19,1.4946673901788683e-19,1.5625431268232762e-19,1.6304133258415121e-19,1.6982779875430818e-19,4.54256652795232e-19,4.966599550859172e-19,5.390546078575634e-19,5.814406123187222e-19,1.290004650821119e-18,6.649381347628919e-18
5.2,2.0280131113858967e-20,2.703908771135962e-20,3.379749314994823e-20,4.05553474604163e-20,4.7312650673558326e-20,5.4069402820180094e-20,6.08256039310663e-20,6.758125403700553e-20,7.433635316882404e-20,8.109090135726781e-20,8.78448986331499e-20,9.45983450272583e-20,1.0135124057037153e-19,1.081035852932619e-19,1.1485537922673402e-19,1.2160662240155083e-19,1.2835731484850417e-19,1.35107456598381e-19,1.418570476819498e-19,1.4860608812999148e-19,1.553545779732468e-19,1.621025172425293e-19,1.688499059686114e-19,4.516409779358654e-19,4.938001159395262e-19,5.359506542293172e-19,5.780925940068313e-19,1.2825766193044519e-18,6.61109325759367e-18
5.21,2.0163578922174532e-20,2.6883691036840448e-20,3.3603255160166505e-20,4.0322271322767217e-20,4.7040739555260144e-20,5.375865988827401e-20,6.047603235241658e-20,6.719285697829951e-20,7.390913379657186e-20,8.062486283780296e-20,8.734004413262877e-20,9.405467771166027e-20,1.0076876360549924e-19,1.0748230184474095e-19,1.1419529246001314e-19,1.2090773548190182e-19,1.2761963094102205e-19,1.343309788679836e-19,1.410417792933783e-19,1.477520322478101e-19,1.544617377618431e-19,1.6117089586611375e-19,1.6787950659121767e-19,4.490453465004773e-19,4.909621912020747e-19,5.328704856133242e-19,5.747702309289125e-19,1.2752055073947765e-18,6.573098561983634e-18
5.220000000000001,2.004791814031979e-20,2.6729482860977243e-20,3.341050273364091e-20,4.009097778874973e-20,4.677090805674559e-20,5.3450293568081554e-20,6.012913435318982e-20,6.680743044250643e-20,7.348518186650467e-20,8.01623886555785e-20,8.683905084018809e-20,9.351516845076896e-20,1.0019074151774722e-19,1.0686577007154277e-19,1.1354025414260757e-19,1.2021419376135223e-19,1.268875889582161e-19,1.3356043976363359e-19,1.4023274620802082e-19,1.4690450832180634e-19,1.535757261353788e-19,1.6024639967919905e-19,1.6691652898368717e-19,4.464695668700387e-19,4.881459713675543e-19,5.298138746202444e-19,5.71473277815943e-19,1.2678907709295871e-18,6.535394455891079e-18
5.23,1.993314026250692e-20,2.6576451843175534e-20,3.321922169520151e-20,3.9861449848849525e-20,4.6503136334387166e-20,5.314428118209316e-20,5.978488442222547e-20,6.642494608504589e-20,7.306446620085324e-20,7.970344479986744e-20,8.634188191237432e-20,9.297977756863514e-20,9.96171317989018e-20,1.0625394463342004e-19,1.1289021610246746e-19,1.195259462362806e-19,1.261611350651246e-19,1.327957826192594e-19,1.3942988892892727e-19,1.4606345402438234e-19,1.5269647793583942e-19,1.5932896069358487e-19,1.6596090232786458e-19,4.439134496196239e-19,4.853512493288709e-19,5.2678059646442295e-19,5.682014922073137e-19,1.2606318719772242e-18,6.497978166525421e-18
5.24,1.9819236880156613e-20,2.642458677244698e-20,3.302939803167945e-20,3.963367068794575e-20,4.62374047713405e-20,5.284060031196943e-20,5.944325733991759e-20,6.604537588527387e-20,7.26469559781639e-20,7.924799764863497e-20,8.584850092679983e-20,9.24484658427468e-20,9.904789242655494e-20,1.0564678070829713e-19,1.12245130718078e-19,1.1884294248596127e-19,1.254402160420391e-19,1.320369514163987e-19,1.3863314863910925e-19,1.452288077402522e-19,1.5182392874986964e-19,1.5841851169807492e-19,1.65012556614941e-19,4.413768074891526e-19,4.825778203458575e-19,5.237704289291715e-19,5.649546344133794e-19,1.2534282787537877e-18,6.460846952784963e-18
5.25,1.9706199680604566e-20,2.627387656568478e-20,3.284101788975133e-20,3.9407623682724325e-20,4.5973693974526745e-20,5.2539228795092614e-20,5.910422817433536e-20,6.56686921421723e-20,7.223262072855725e-20,7.879601396336614e-20,8.535887187653994e-20,9.192119449799537e-20,9.848298185763996e-20,1.0504423398537504e-19,1.1160495091113355e-19,1.1816513266480776e-19,1.247247792763182e-19,1.3128389077558044e-19,1.3784246719249224e-19,1.4440050855696341e-19,1.5095801489886475e-19,1.5751498624813776e-19,1.6407142263468412e-19,4.388594553545833e-19,4.798254820137775e-19,5.207831523325834e-19,5.61732467478588e-19,1.246279465541331e-18,6.423998104835202e-18
5.260000000000001,1.9594020445827377e-20,2.6124310265964913e-20,3.265406757381587e-20,3.9183292399130035e-20,4.5711984771660053e-20,5.224014472116953e-20,5.876777227740163e-20,6.529486747010334e-20,7.182143032905798e-20,7.83474608839714e-20,8.487295916461414e-20,9.13979252007326e-20,9.792235902206405e-20,1.0444626065833964e-19,1.1096963013932189e-19,1.174924674947329e-19,1.240147727543229e-19,1.3053654594783712e-19,1.3705778710500319e-19,1.435784962555606e-19,1.5009867342921018e-19,1.566183186557229e-19,1.6313743196483017e-19,4.363612101995388e-19,4.770940342323021e-19,5.178185494938625e-19,5.585347571451607e-19,1.239184912607284e-18,6.387428943693502e-18
5.2700000000000005,1.9482691051187936e-20,2.5975877040873418e-20,3.2468533543903054e-20,3.8960660589857606e-20,4.545225820832066e-20,5.194332642888672e-20,5.843386528112996e-20,6.492387479462836e-20,7.141335499899597e-20,7.790230592376987e-20,8.439072759855148e-20,9.08786200529182e-20,9.736598331643831e-20,1.03852817418674e-19,1.1033912238921872e-19,1.1682489825762574e-19,1.2331014505347617e-19,1.297948628063463e-19,1.3627905154579484e-19,1.4276271130139225e-19,1.4924584210267063e-19,1.557284439792319e-19,1.6221051696063835e-19,4.338818910873658e-19,4.74383279174961e-19,5.148764057001675e-19,5.553612718173294e-19,1.2321441061251064e-18,6.3511368208201035e-18
5.28,1.9372203464199568e-20,2.582856618085865e-20,3.2284402413614573e-20,3.8739712191880335e-20,4.5194495545071775e-20,5.1648752502615555e-20,5.810248309391813e-20,6.45556873483897e-20,7.100836529547647e-20,7.746051696454794e-20,8.391214238503766e-20,9.036324158635534e-20,9.68138145979015e-20,1.0326386144907077e-19,1.0971338216928874e-19,1.1616237678794102e-19,1.2261084533444107e-19,1.2905878783819737e-19,1.35506204328601e-19,1.419530948350548e-19,1.4839945938692328e-19,1.5484529801364057e-19,1.6129061074460134e-19,4.3142131913361255e-19,4.716930212590519e-19,5.119565086739512e-19,5.522117825261083e-19,1.2251565380961306e-18,6.3151191177152444e-18
5.29,1.9262549743309078e-20,2.5682367097608707e-20,3.210166094809564e-20,3.852043132401642e-20,4.4938678254620334e-20,5.13564017691675e-20,5.777360189689793e-20,6.419027866705538e-20,7.060643210891928e-20,7.7022062251693e-20,8.343716912464343e-20,8.985175275701378e-20,9.626581317803822e-20,1.0267935041694496e-19,1.0909236450299307e-19,1.1550485546540174e-19,1.21916823333418e-19,1.283282681362839e-19,1.3473918990322406e-19,1.41149588663475e-19,1.4755946444623498e-19,1.5396881728077143e-19,1.6037764719631278e-19,4.2897931747892693e-19,4.690230671160079e-19,5.090586485407998e-19,5.490860628946036e-19,1.2182217062725943e-18,6.279373245522451e-18
5.3,1.915372203669796e-20,2.5537269322453134e-20,3.1920296062037277e-20,3.8302802284531645e-20,4.468478801902033e-20,5.106625329459814e-20,5.744719814033983e-20,6.382762258532399e-20,7.020752665866463e-20,7.65869103894001e-20,8.296577380663195e-20,8.93441169394382e-20,9.57219398168878e-20,1.0209924246804391e-19,1.084760249220002e-19,1.1485228720781087e-19,1.2122802935455769e-19,1.2760325139131743e-19,1.339779533471497e-19,1.4035213525112576e-19,1.4672579713227894e-19,1.5309893901971135e-19,1.5947156094248624e-19,4.2655571126235883e-19,4.663732255622085e-19,5.061826177977516e-19,5.459838891038411e-19,1.2113391140818288e-18,6.243896644637731e-18
5.3100000000000005,1.9045712581101636e-20,2.539326250478866e-20,3.174029481770845e-20,3.808680954877828e-20,4.4432806726918243e-20,5.077828638105904e-20,5.712324854011154e-20,6.346769323299029e-20,6.981162048864515e-20,7.615503033595072e-20,8.249792280384446e-20,8.884029792124038e-20,9.518215571704356e-20,1.015234962201532e-19,1.0786431945949895e-19,1.1420462546397123e-19,1.2054441426248765e-19,1.2688368588396116e-19,1.3322244035728749e-19,1.3956067771137385e-19,1.4589839797509007e-19,1.522356011773739e-19,1.5857228734712485e-19,4.2415032759506543e-19,4.637433075702295e-19,5.033282112820933e-19,5.429050398591104e-19,1.2045082705515827e-18,6.208686784324686e-18
5.32,1.8938513700646616e-20,2.5250336410528737e-20,3.1561644423018205e-20,3.787243776686953e-20,4.4182716470840015e-20,5.049248056369753e-20,5.680173007419022e-20,6.31104650310699e-20,6.941868546312346e-20,7.572639139906302e-20,8.203358286766312e-20,8.834025989767501e-20,9.464642251784117e-20,1.0095207075689806e-19,1.0725720464361254e-19,1.1356182420671233e-19,1.1986592947495246e-19,1.2616952047708302e-19,1.3247259724183703e-19,1.3877515979795917e-19,1.450772081741566e-19,1.5137874239920432e-19,1.5767976250183912e-19,4.2176299553441374e-19,4.611331262405289e-19,5.004952261406287e-19,5.398492963568151e-19,1.1977286902364797e-18,6.173741162335412e-18
5.33,1.8832117805704713e-20,2.5108480920575973e-20,3.1384332229606184e-20,3.7659671761388316e-20,4.393449954451813e-20,5.0208815607601854e-20,5.648261997922613e-20,6.275591268798125e-20,6.902869376249242e-20,7.530096323131037e-20,8.157272112304807e-20,8.784396746629522e-20,9.411470228963279e-20,1.0038492562163584e-19,1.066546374909096e-19,1.1292383792602045e-19,1.1919252695556174e-19,1.254607046081222e-19,1.3172837091227333e-19,1.3799552589659839e-19,1.4426216958964317e-19,1.5052830202002116e-19,1.567939232163076e-19,4.1939354605846397e-19,4.585424967735477e-19,4.976834617993981e-19,5.36816442251813e-19,1.1909998931455572e-18,6.139057304537006e-18
5.34,1.8726517391764755e-20,2.4967686029317746e-20,3.120834573096228e-20,3.7448496525131e-20,4.368813844025929e-20,4.992727150479302e-20,5.616589574715848e-20,6.240401119578568e-20,6.864161787913928e-20,7.487871582560995e-20,8.111530506365019e-20,8.735138562168938e-20,9.358695752814823e-20,9.982202081144158e-20,1.0605657550001424e-19,1.122906216222724e-19,1.1852415920664915e-19,1.2475718828157274e-19,1.309897088754546e-19,1.372217210167177e-19,1.4345322473374774e-19,1.496842200549977e-19,1.5591470700888263e-19,4.1704181204084316e-19,4.559712364422388e-19,4.948927199338621e-19,5.338062636252546e-19,1.1843214046709094e-18,6.104632764543752e-18
5.3500000000000005,1.8621705038320975e-20,2.482794184314413e-20,3.103367256057408e-20,3.723889721888431e-20,4.3443615846351085e-20,4.9647828471261025e-20,5.585153512188137e-20,6.205473582648295e-20,6.825743061337114e-20,7.44596195107777e-20,8.066130254699588e-20,8.686247975029596e-20,9.306315114893956e-20,9.926331677118247e-20,1.0546297664531031e-19,1.116621307995703e-19,1.1786077926223631e-19,1.2405892206157755e-19,1.3025655922584652e-19,1.3645369078330691e-19,1.4265031676218565e-19,1.4884643719077646e-19,1.550420520973354e-19,4.1470762822598806e-19,4.534191645649981e-19,4.921228044395229e-19,5.308185489528938e-19,1.1776927555173837e-18,6.070465123354726e-18
5.36,1.8517673407777955e-20,2.4689238578987907e-20,3.086030049010197e-20,3.7030859169235685e-20,4.320091464450733e-20,4.937046694404552e-20,5.553951609595956e-20,6.170806212836236e-20,6.787610506940117e-20,7.404364494715e-20,8.021068178974408e-20,8.637721562529572e-20,9.254324648190867e-20,9.870877438768087e-20,1.0487379937073989e-19,1.1103832145917513e-19,1.1720234068110267e-19,1.233658570646336e-19,1.295288706378626e-19,1.356913814288956e-19,1.4185338946580166e-19,1.4801489477671662e-19,1.541758973897385e-19,4.1239083120475953e-19,4.508861024790032e-19,4.893735214029861e-19,5.278530890738756e-19,1.1711134816333298e-18,6.036551988996861e-18
5.37,1.84144152443718e-20,2.4551566562886146e-20,3.068821742758119e-20,3.682436786641568e-20,4.2960017907351125e-20,4.909516757835927e-20,5.522981690739269e-20,6.13639659224075e-20,6.749761465139404e-20,7.363076312226976e-20,7.976341136301295e-20,8.589555940157924e-20,9.202720726591562e-20,9.815835498396338e-20,1.0428900258369323e-19,1.1041915009303796e-19,1.1654879753995673e-19,1.226779449524041e-19,1.28806592358318e-19,1.3493473978564754e-19,1.410623872623054e-19,1.4718953481627044e-19,1.53316182475484e-19,4.100912593904161e-19,4.483718735139439e-19,4.866446790734497e-19,5.249096771599826e-19,1.1645831241423692e-18,6.002890996173227e-18
5.38,1.8311923373107504e-20,2.4414916228563474e-20,3.051741141565097e-20,3.6619408962173154e-20,4.272090889593586e-20,4.88219112447552e-20,5.492241603642813e-20,6.10224232987552e-20,6.712193305957093e-20,7.322094534663738e-20,7.931946018777716e-20,8.541747761079026e-20,9.151499764346817e-20,9.761202031359658e-20,1.037085456489906e-19,1.0980457367742753e-19,1.159001044267109e-19,1.2199513792463968e-19,1.2808967419899627e-19,1.341837132775743e-19,1.40277255188131e-19,1.4637029995848958e-19,1.524628476164359e-19,4.0780875299494974e-19,4.458763029661491e-19,4.839360878346216e-19,5.219881086853441e-19,1.158101229276191e-18,5.969479805916647e-18
5.390000000000001,1.8210190698711906e-20,2.4279278116035985e-20,3.034787062980953e-20,3.641596826768122e-20,4.2483571057302436e-20,4.8550679026334736e-20,5.461729220242067e-20,6.068341061320632e-20,6.674903428637157e-20,7.281416324952427e-20,7.887879753033243e-20,8.494293715644162e-20,9.100658215548893e-20,9.706973255510568e-20,1.0313238838295246e-19,1.0919454966665221e-19,1.1525621643385409e-19,1.2131738871220253e-19,1.2737806652932563e-19,1.3343824991286258e-19,1.394979388904165e-19,1.455571334896559e-19,1.5161583373821236e-19,4.0554315400576666e-19,4.433992180730905e-19,4.812475601770484e-19,5.190881813965892e-19,1.1516673483083339e-18,5.936316105248358e-18
5.4,1.8109210204602212e-20,2.4144642870236087e-20,3.017958337669514e-20,3.6214031751474725e-20,4.2247988022072926e-20,4.8281452215997845e-20,5.431442436073878e-20,6.034690448378853e-20,6.637889261267346e-20,7.241038877484832e-20,7.844139299782773e-20,8.44719053091039e-20,9.050192573616068e-20,9.653145430647623e-20,1.0256049104755768e-19,1.0858903598687483e-19,1.1461708915192352e-19,1.2064465057019488e-19,1.2667172026916375e-19,1.3269829827631615e-19,1.387243846191021e-19,1.447499793250366e-19,1.5077508242159807e-19,4.0329430616271773e-19,4.409404479882698e-19,4.785789106708572e-19,5.16209695283446e-19,1.1452810374889525e-18,5.903397606841761e-18
5.41,1.800897495186956e-20,2.4011001239657273e-20,3.001253809239222e-20,3.601358553741761e-20,4.2014143602079274e-20,4.8014212313733096e-20,5.4013791699716205e-20,6.001288178736923e-20,6.601148260406613e-20,7.20095941771098e-20,7.800721653386245e-20,8.400434970166419e-20,9.000099370784672e-20,9.599714857973613e-20,1.0199281434468722e-19,1.0798799103001786e-19,1.1398267866307162e-19,1.1997687727118747e-19,1.2597058688168826e-19,1.3196380752190772e-19,1.3795653921914405e-19,1.4394878200075997e-19,1.4994053589408175e-19,4.0106205493546194e-19,4.384998237564676e-19,4.759299559388934e-19,5.133524525497663e-19,1.1389418579805366e-18,5.870722048691098e-18
5.42,1.790947807827792e-20,2.387834407501932e-20,2.98467233407629e-20,3.581461590270077e-20,4.178202178802771e-20,4.7748941023948466e-20,5.371537363764911e-20,5.968131965631922e-20,6.564677910718157e-20,7.161175201738813e-20,7.757623841415e-20,8.354023832465622e-20,8.950375177608748e-20,9.546677879561886e-20,1.0142931941045417e-19,1.0739137364776019e-19,1.1335294153472946e-19,1.1931402309855e-19,1.2527461836639357e-19,1.3123472736544302e-19,1.371943501228456e-19,1.4315348666581294e-19,1.491121370215203e-19,3.9884624750117066e-19,4.360771782893682e-19,4.733005146302637e-19,5.105162575849885e-19,1.1326493757945944e-18,5.838287193785066e-18
5.430000000000001,1.781071279727732e-20,2.374666232795274e-20,2.9682127811802563e-20,3.561710927586897e-20,4.155160674719674e-20,4.7485620252840605e-20,5.341914981983673e-20,5.935219547522472e-20,6.528475724607727e-20,7.121683515939654e-20,7.714842924224366e-20,8.307953952165766e-20,8.901016602466934e-20,9.4940308778304e-20,1.008699678096153e-19,1.0679914314562032e-19,1.127278348133616e-19,1.1865604283987716e-19,1.2458376725218903e-19,1.3051100807733008e-19,1.364377653422979e-19,1.42364039074154e-19,1.4828982929992381e-19,3.9664673272255375e-19,4.3367234634153304e-19,4.706904073942585e-19,5.077009169360104e-19,1.1264031617292505e-18,5.806090829785168e-18
5.44,1.7712672397031856e-20,2.361594704970276e-20,2.951874032002002e-20,3.5421052234876944e-20,4.132288282116946e-20,4.7224232105803356e-20,5.3125100115665976e-20,5.902548687764812e-20,6.492539241867336e-20,7.082481676559536e-20,7.672375994532615e-20,8.262222198475604e-20,8.8520202910767e-20,9.441770275023551e-20,1.0031472153006639e-19,1.0621125927712793e-19,1.1210731601831387e-19,1.1800289178051338e-19,1.2389798659059977e-19,1.2979260047545708e-19,1.3568673346193424e-19,1.4158038557694387e-19,1.4747355684736257e-19,3.944633611262119e-19,4.312851644867329e-19,4.680994568546657e-19,5.049062392794818e-19,1.1202027913077713e-18,5.774130768708854e-18
5.45,1.7615350239461708e-20,2.348618938985215e-20,2.9356549802841e-20,3.522643150517381e-20,4.1095834523598714e-20,4.696475888487367e-20,5.283320461573831e-20,5.870117174293563e-20,6.456866029324137e-20,7.043567029336155e-20,7.63022017700604e-20,8.216825475008041e-20,8.803382926015589e-20,9.389892532701567e-20,9.97635429774167e-20,1.0562768223807965e-19,1.114913431357505e-19,1.173545256971707e-19,1.2321722994906586e-19,1.2907945591817227e-19,1.3494120363119148e-19,1.4080247311488817e-19,1.4666326439599124e-19,3.9229598488130338e-19,4.289154710946235e-19,4.655274875844531e-19,5.021320353944972e-19,1.1140478447179815e-18,5.742404846617218e-18
5.46,1.7518739759299405e-20,2.335738059506285e-20,2.919554531903531e-20,3.5033233957815626e-20,4.087044653800526e-20,4.6707183086215405e-20,5.2543443629039036e-20,5.837922819307251e-20,6.421453680494466e-20,7.004936949121508e-20,7.588372627850118e-20,8.171760719339884e-20,8.755101226249569e-20,9.338394151237399e-20,9.921639496964393e-20,1.0504837266087968e-19,1.1087987461268047e-19,1.1671090085164113e-19,1.2254145140434064e-19,1.2837152629736875e-19,1.342011255572805e-19,1.4003024921069374e-19,1.458588972841909e-19,3.901444577785255e-19,4.265631063077649e-19,4.62974326080827e-19,4.9937811813569275e-19,1.1079379067525771e-18,5.710910923307352e-18
5.470000000000001,1.7422834463159645e-20,2.3229512007835877e-20,2.903571604716673e-20,3.484144660760545e-20,4.064670371560783e-20,4.645148739763942e-20,5.2255797680147604e-20,5.805963458958312e-20,6.386299815242903e-20,6.966588839509953e-20,7.546830534406639e-20,8.127024902577975e-20,8.70717194666818e-20,9.28727166932092e-20,9.867324073182655e-20,1.0447329160896247e-19,1.102728693510706e-19,1.1607197398460016e-19,1.218706055359847e-19,1.2766876403166827e-19,1.3346644949806062e-19,1.3926366196163395e-19,1.4506040144882502e-19,3.8800863520940067e-19,4.242279120189732e-19,4.604398007406513e-19,4.966443024067333e-19,1.1018725667502995e-18,5.679646882009126e-18
5.48,1.732762792862285e-20,2.310257506528941e-20,2.887705128406574e-20,3.4651056611260556e-20,4.042459107318507e-20,4.619765469616023e-20,5.1970247506488883e-20,5.774236953047723e-20,6.351402079446364e-20,6.928520132471793e-20,7.505591114756721e-20,8.082615028931717e-20,8.659591877626541e-20,9.236521663470417e-20,9.813404389095342e-20,1.0390240057129737e-19,1.0967028670204514e-19,1.1543770230950133e-19,1.212046474199551e-19,1.2697112205970605e-19,1.3273712625501956e-19,1.3850266003222313e-19,1.4426772341760908e-19,3.858883741458667e-19,4.219097318490068e-19,4.579237418362281e-19,4.939304051341876e-19,1.0958514185379767e-18,5.648610629086439e-18
5.49,1.7233113803331895e-20,2.2976561297954427e-20,2.8719540443324106e-20,3.446205126560612e-20,4.020409379096818e-20,4.5945668045587664e-20,5.168677405562393e-20,5.742741184723974e-20,6.316758144662975e-20,6.89072828799205e-20,7.464651617329549e-20,8.038528135291695e-20,8.612357844493902e-20,9.186140747551058e-20,9.759876847080795e-20,1.0333566145697199e-19,1.0907208646016835e-19,1.1480804350655818e-19,1.2054353262228718e-19,1.2627855383351155e-19,1.3201310716635334e-19,1.3774719264699647e-19,1.4348081030158994e-19,3.8378353312015995e-19,4.1960841112457106e-19,4.554259814914251e-19,4.912362452417795e-19,1.0898740603733958e-18,5.617800093742738e-18
5.5,1.713928580410207e-20,2.285146232858816e-20,2.8563173053811705e-20,3.427441800579544e-20,3.9985197210564624e-20,4.569551069415408e-20,5.140535848258075e-20,5.711474060186491e-20,6.282365707805866e-20,6.853210793714631e-20,7.42400932051687e-20,7.994761290814568e-20,8.565466707208899e-20,9.136125572300509e-20,9.706737888692783e-20,1.0277303658985579e-19,1.0847822885781206e-19,1.141829557168154e-19,1.1988721719286911e-19,1.2559101331198704e-19,1.31294344100149e-19,1.3699720958339633e-19,1.4269960978773564e-19,3.816939722049959e-19,4.1732379685664863e-19,4.52946353658157e-19,4.88561643625019e-19,1.0839400948890182e-18,5.587213227730917e-18
5.510000000000001,1.7046137716043888e-20,2.2727269871004416e-20,2.840793875821459e-20,3.40881444035557e-20,3.976788683291155e-20,4.54471660721755e-20,5.1125982147223077e-20,5.680433508393317e-20,6.248222490821624e-20,6.815965164591539e-20,7.383661532293002e-20,7.951311596513846e-20,8.518915359841113e-20,9.086472824861314e-20,9.653983994163688e-20,1.0221448870333958e-19,1.0788867455960295e-19,1.1356239753630426e-19,1.1923565765930565e-19,1.2490845495447942e-19,1.3058078944766428e-19,1.3625266116476007e-19,1.4192407013163195e-19,3.7961955299403202e-19,4.150557377191392e-19,4.504846940932009e-19,4.8590642312619625e-19,1.0780491290365e-18,5.556848005067322e-18
5.5200000000000005,1.6953663391698617e-20,2.2603975728921103e-20,2.825382731159433e-20,3.390321816545919e-20,3.95521483162591e-20,4.5200617789746914e-20,5.0848626611657804e-20,5.649617480773025e-20,6.214326240373419e-20,6.77898894253725e-20,7.343605589840403e-20,7.90817618485668e-20,8.472700730159085e-20,9.037179228320097e-20,9.60161168191491e-20,1.0165998093515219e-19,1.0730338465695152e-19,1.1294632801028408e-19,1.1858881102087154e-19,1.2423083371444597e-19,1.2987239611670587e-19,1.355134982534105e-19,1.4115414015028486e-19,3.7756013858261755e-19,4.128040840278118e-19,4.480408403353525e-19,4.832704085097398e-19,1.0722007740320215e-18,5.526702421749977e-18
5.53,1.6861856750186187e-20,2.248157179482407e-20,2.810082857996799e-20,3.371962713121948e-20,3.93379674741825e-20,4.495584963447048e-20,5.057327363767922e-20,5.619023950940785e-20,6.180674727528671e-20,6.742279696087952e-20,7.303838859180568e-20,7.865352219366376e-20,8.426819779204453e-20,8.988241541253346e-20,9.549617508074303e-20,1.011094768222509e-19,1.0672232066265899e-19,1.123347066275649e-19,1.1794663474255108e-19,1.235581050332102e-19,1.2916911752510155e-19,1.3477967224384505e-19,1.4038976921502625e-19,3.7551559354881614e-19,4.1056868771955643e-19,4.456146316829066e-19,4.806534264379272e-19,1.066394645302398e-18,5.496774495480783e-18
5.54,1.6770711776365587e-20,2.2360050048847755e-20,2.7948932538908935e-20,3.353735927201224e-20,3.91253302736233e-20,4.471284556921703e-20,5.0299905184250916e-20,5.588650914418567e-20,6.147265747451314e-20,6.705835020065882e-20,7.264358734810368e-20,7.822836894230786e-20,8.381269500872381e-20,8.939656557279876e-20,9.497998066000668e-20,1.00562940295787e-19,1.061454445056033e-19,1.1172749331491471e-19,1.1730908674916543e-19,1.2289022483380984e-19,1.2847090759426906e-19,1.3405113505602447e-19,1.396309072445234e-19,3.7348578393470853e-19,4.0834940233194077e-19,4.432059091714687e-19,4.780553054469527e-19,1.0606303624319813e-18,5.46706226539184e-18
5.55,1.668022252000712e-20,2.223940255767151e-20,2.7798129272167265e-20,3.335640268882011e-20,3.8914222832958255e-20,4.447158972991917e-20,5.002850340502298e-20,5.558496388359303e-20,6.11409711909836e-20,6.669652535248303e-20,7.225162639343475e-20,7.780627433916159e-20,8.336046921497865e-20,8.891421104619579e-20,9.44674998581496e-20,1.0002033567614222e-19,1.0557271852549982e-19,1.1112464843154425e-19,1.1667612541958235e-19,1.2222714951493114e-19,1.277777207428746e-19,1.333278391287566e-19,1.388775046978872e-19,3.71470577227958e-19,4.061460829830556e-19,4.408145155520802e-19,4.754758759233305e-19,1.0549075491103108e-18,5.437563791775596e-18
5.5600000000000005,1.659038309497666e-20,2.2119621473432038e-20,2.7648408970310473e-20,3.31767456108013e-20,3.8704631420096295e-20,4.423206642339648e-20,4.9759050645885594e-20,5.528558411275058e-20,6.081166684920919e-20,6.633729888041354e-20,7.186248023157054e-20,7.738721092786668e-20,8.291149099448068e-20,8.843532045658612e-20,9.395869933938304e-20,9.94816276680374e-20,1.0500410546773895e-19,1.105261327636731e-19,1.1604770958101039e-19,1.2156883594493154e-19,1.2708951188058437e-19,1.3260973741317612e-19,1.3812951256788066e-19,3.694698423436444e-19,4.039585863516525e-19,4.384402952696602e-19,4.729149700806435e-19,1.0492258330805224e-18,5.408277155818935e-18
5.57,1.6501187678431672e-20,2.2000699032651408e-20,2.749976192938351e-20,3.2998376393681864e-20,3.8496542450602814e-20,4.3994260125211894e-20,4.949152944255744e-20,5.498835042769103e-20,6.048472310569474e-20,6.598064750158554e-20,7.14761236404348e-20,7.697115154729359e-20,8.246573124720527e-20,8.795986276520806e-20,9.345354612636656e-20,9.89467813557114e-20,1.0443956847829686e-19,1.0993190751917302e-19,1.1542379850337503e-19,1.2091524145594827e-19,1.2640623640190532e-19,1.3189678336631804e-19,1.3738688237422474e-19,3.6748344960635848e-19,4.0178677065756697e-19,4.360830944417586e-19,4.703724219366241e-19,1.0435848460885032e-18,5.379200459341077e-18
5.58,1.641263051002852e-20,2.1882627555180237e-20,2.735217854958775e-20,3.282128351817052e-20,3.8289942485850386e-20,4.375815547755839e-20,4.922592251820843e-20,5.469324363271761e-20,6.016011884603346e-20,6.562654818303868e-20,7.109253166867004e-20,7.655806932784418e-20,8.202316118547008e-20,8.748780726645157e-20,9.295200759571876e-20,9.841576219816794e-20,1.0387907109871891e-19,1.0934193432228732e-19,1.1480435189377402e-19,1.202663238380899e-19,1.2572785018011335e-19,1.311889309447816e-19,1.3664956615699869e-19,3.6551127073254947e-19,3.9963049564241837e-19,4.337427608376069e-19,4.678480672905591e-19,1.0379842238327588e-18,5.3503318245351816e-18
5.59,1.632470589114134e-20,2.1765399443156158e-20,2.7205649333979246e-20,3.2645455588396553e-20,3.8084818231196424e-20,4.3523737287176315e-20,4.8962212781116695e-20,5.440024473780115e-20,5.98378331820436e-20,6.527497813859338e-20,7.071167963225372e-20,7.614793768780779e-20,8.158375233003111e-20,8.701912358369406e-20,9.245405147359327e-20,9.788853602449163e-20,1.033225772611754e-19,1.087561752084268e-19,1.1418932989101326e-19,1.1962204133371222e-19,1.2505430956126878e-19,1.3048613459848664e-19,1.3591751647013641e-19,3.6355317881312844e-19,3.974896225505891e-19,4.314191438574756e-19,4.653417437010227e-19,1.0324236059150128e-18,5.321669393713698e-18
5.6000000000000005,1.623740818409188e-20,2.1649007179977062e-20,2.706016488718522e-20,3.247088133036974e-20,3.7881156534186434e-20,4.3290990523300146e-20,4.870038332235881e-20,5.410933495601352e-20,5.951784544894544e-20,6.492591482577162e-20,7.033354311116262e-20,7.574073032976907e-20,8.114747650623402e-20,8.655378166519544e-20,9.195964583131724e-20,9.736506902922995e-20,1.027700512835873e-19,1.0817459261903896e-19,1.1357869306021995e-19,1.1898235263177516e-19,1.2438557135831743e-19,1.2978834926451775e-19,1.3519068637501425e-19,3.616090482963177e-19,3.953640141104732e-19,4.291120945123212e-19,4.62853290463924e-19,1.026902635791501e-18,5.29321132905732e-18
5.61,1.6150731811390483e-20,2.1533443329289033e-20,2.6915715914139075e-20,3.2297549590462416e-20,3.767894438278323e-20,4.305990031563471e-20,4.84404174135332e-20,5.382049570099822e-20,5.920013520257919e-20,6.457933594276172e-20,6.995809794608475e-20,7.533642123706726e-20,8.071430584022073e-20,8.609175178005168e-20,9.146875908109234e-20,9.684532776784173e-20,1.0222145786482203e-19,1.0759714939655127e-19,1.12972402387533e-19,1.1834721686228057e-19,1.2372159284527536e-19,1.2909553036105674e-19,1.344690294341313e-19,3.5967875497074634e-19,3.9325353451599365e-19,4.2682146540372564e-19,4.6038254859086905e-19,1.0214209607249646e-18,5.264955812367524e-18
5.62,1.6064671254987548e-20,2.1418700533988412e-20,2.677229321883308e-20,3.2125449333912677e-20,3.747816890362069e-20,4.2830451952359624e-20,4.818229850451518e-20,5.353370858447618e-20,5.888468221666128e-20,6.423521942542558e-20,6.958532023517726e-20,7.493498467030469e-20,8.028421275518873e-20,8.563300451420526e-20,9.098135997175584e-20,9.632927915220893e-20,1.0167676207995605e-19,1.0702380877938457e-19,1.1237041927486748e-19,1.177165935907875e-19,1.2306233175149555e-19,1.284076337814003e-19,1.3375249970487774e-19,3.577621759487812e-19,3.911580494083778e-19,4.245471107041168e-19,4.579293607878256e-19,1.0159782317373152e-18,5.2369010448225864e-18
5.63,1.5979221055535993e-20,2.130477151523839e-20,2.6629887703089045e-20,3.195456964334935e-20,3.727881736028307e-20,4.2602630878162844e-20,4.792601022124471e-20,5.324895541378775e-20,5.857146648008073e-20,6.389354344434923e-20,6.921518633087156e-20,7.453639516390637e-20,7.985716996770485e-20,8.517751076651323e-20,9.049741758460324e-20,9.581689044621377e-20,1.0113592937560656e-19,1.0645453439703927e-19,1.1177270553475522e-19,1.170904428130075e-19,1.224077462560175e-19,1.2772461588806393e-19,1.3304105173339325e-19,3.5585918965010083e-19,3.8907742585819775e-19,4.22288886137275e-19,4.554935714340974e-19,1.0105741035629874e-18,5.20904524673713e-18
5.640000000000001,1.589437581166384e-20,2.1191649071499207e-20,2.6488490365346237e-20,3.178489971733751e-20,3.708087715160795e-20,4.237642269230133e-20,4.767153636354486e-20,5.296621818946886e-20,5.82604681942331e-20,6.355428640193452e-20,6.884767283672256e-20,7.414062752272701e-20,7.943315048407035e-20,8.472524174487002e-20,9.001690132926893e-20,9.530812926137719e-20,1.0059892556532773e-19,1.058892902652495e-19,1.11179223385257e-19,1.164687249494746e-19,1.21757794981995e-19,1.2704643350696813e-19,1.3233464054851157e-19,3.539696757854967e-19,3.870115323476596e-19,4.2004664895911147e-19,4.530750265615903e-19,1.005208234602937e-18,5.181386657325017e-18
5.65,1.5810130179257323e-20,2.10793260775723e-20,2.6348092299466543e-20,3.161642886894472e-20,3.688433581001382e-20,4.215181314668966e-20,4.7418860902971565e-20,5.268547910286194e-20,5.795166777039252e-20,6.321742692953253e-20,6.848275660430337e-20,7.3747656818707e-20,7.901212759673797e-20,8.427616896238592e-20,8.95397809396658e-20,9.480296355255991e-20,1.0006571682507334e-19,1.0532804078120705e-19,1.1058993544494776e-19,1.1585140084029193e-19,1.2111243699120472e-19,1.2637304392170783e-19,1.316332216557912e-19,3.520935153409074e-19,3.849602387531468e-19,4.1782025793872097e-19,4.506735738343763e-19,9.99880286879301e-19,5.153923534465625e-18
5.66,1.572647887075387e-20,2.0967795483657682e-20,2.6208684693556256e-20,3.1449146524327244e-20,3.66891809998506e-20,4.192878814401511e-20,4.716796798069309e-20,5.240672053375996e-20,5.764504582712029e-20,6.288294388461649e-20,6.812041473014287e-20,7.335745838757438e-20,7.859407488077864e-20,8.383026423361833e-20,8.906602646998137e-20,9.430136161372315e-20,9.953626968872174e-20,1.0477075071885112e-19,1.1000480472797112e-19,1.1523843173995124e-19,1.204716317786297e-19,1.2570440486790137e-19,1.3093675103162898e-19,3.5023059056167383e-19,3.829234163280062e-19,4.1560957333969844e-19,4.482890625285406e-19,9.945899259906855e-19,5.126654154473396e-18
5.67,1.5643416654445273e-20,2.0857050314424867e-20,2.6070258828804782e-20,3.128304222133655e-20,3.649540051577404e-20,4.170733373587979e-20,4.6918841905400086e-20,5.212992504808425e-20,5.734058318771057e-20,6.255081634799553e-20,6.776062455270721e-20,7.297000782559455e-20,7.817896619039902e-20,8.338749967085733e-20,8.859560829073117e-20,9.380329207375e-20,9.901055104366569e-20,1.0421738522422618e-19,1.094237946391653e-19,1.1462977931222646e-19,1.1983533926712196e-19,1.2504047452762044e-19,1.3024518511745867e-19,3.4838078493702e-19,3.8090093768558016e-19,4.1341445690172315e-19,4.459213435123169e-19,9.893368210680941e-19,5.099576811870652e-18
5.680000000000001,1.556093835379051e-20,2.074708366809663e-20,2.5932806078339393e-20,3.111810560814511e-20,3.630298228114236e-20,4.148743612096848e-20,4.6671467151244506e-20,5.1855075395594526e-20,5.703826087767151e-20,6.222102362106687e-20,6.74033636494234e-20,7.258528098636475e-20,7.77667756555073e-20,8.294784768046256e-20,8.812849708486694e-20,9.330872389232483e-20,9.848852812646285e-20,1.0366790981090373e-19,1.0884686896925616e-19,1.1402540562513831e-19,1.192035198021376e-19,1.2438121152389723e-19,1.2955848081402883e-19,3.4654398318474975e-19,3.7889267678247466e-19,4.1123477182239766e-19,4.435702692265003e-19,9.841206447314693e-19,5.072689819163594e-18
5.69,1.5479038846738316e-20,2.063788871554585e-20,2.579631790609631e-20,3.095432644189165e-20,3.6111914346436125e-20,4.1269081643242594e-20,4.642582835580783e-20,5.1582154507631564e-20,5.673806012224228e-20,6.18935452231072e-20,6.704860983374474e-20,7.220325397765419e-20,7.73574776783276e-20,8.251128095925224e-20,8.766466384394011e-20,9.281762635587138e-20,9.797016851854831e-20,1.0312229035546932e-19,1.0827399189011875e-19,1.134252731459906e-19,1.1857613414654805e-19,1.2372657491530993e-19,1.2887659547576355e-19,3.4472007123616085e-19,3.7689850890206474e-19,4.0907038273934657e-19,4.412356936651358e-19,9.789410730468505e-19,5.045991506621474e-18
5.7,1.539771306505906e-20,2.0529458699404704e-20,2.5660785865707252e-20,3.079169458734519e-20,3.592218488769927e-20,4.1052256790158844e-20,4.618191031809718e-20,5.1311145494890606e-20,5.643996234394396e-20,6.156836088860116e-20,6.669634115225706e-20,7.18239031582875e-20,7.695104693006108e-20,8.207777249094173e-20,8.720407986431789e-20,9.232996907354629e-20,9.745544014200581e-20,1.0258049309307136e-19,1.0770512795010396e-19,1.128293447364741e-19,1.179531434755217e-19,1.23076524190642e-19,1.2819948690519902e-19,3.4290893622116493e-19,3.749183106382256e-19,4.0692115571255866e-19,4.389174723564743e-19,9.73797785484119e-19,5.019480222058777e-18
5.71,1.5316955993686213e-20,2.0421786933186648e-20,2.552620159940197e-20,3.063020001558805e-20,3.573378220500299e-20,4.0836948190913514e-20,4.593969799657029e-20,5.104203164522703e-20,5.61439491601658e-20,6.124545056460813e-20,6.634653588182616e-20,7.144720513507312e-20,7.654745834759506e-20,8.164729554263333e-20,8.674671674345376e-20,9.184572197329053e-20,9.694431125539997e-20,1.0204248461303433e-19,1.0714024206943212e-19,1.1223758364784129e-19,1.1733450937147932e-19,1.2243101926361878e-19,1.275271133475011e-19,3.4111046645362263e-19,3.7295195987930006e-19,4.0478695820698422e-19,4.366154623442008e-19,9.686904648753518e-19,4.993154330620573e-18
5.720000000000001,1.5236762670066836e-20,2.0314866800420455e-20,2.5392556836925794e-20,3.046983280271698e-20,3.5546694720930354e-20,4.062314261471081e-20,4.569917650718728e-20,5.077479642149175e-20,5.585000238078439e-20,6.092479440816512e-20,6.599917252678429e-20,7.10731367597733e-20,7.614668713025659e-20,8.121982366135376e-20,8.629254637620887e-20,9.136485529793447e-20,9.643675044966503e-20,1.0150823185453115e-19,1.0657929953564969e-19,1.1164995351614684e-19,1.1672019381911849e-19,1.2179002046771544e-19,1.268594334850574e-19,3.393245514168786e-19,3.709993357922811e-19,4.026676590753698e-19,4.343295221689189e-19,9.636187973737427e-19,4.967012214570753e-18
5.73,1.515712818352121e-20,2.0208691753796375e-20,2.5259843394472437e-20,3.0310583128562614e-20,3.536091097908231e-20,4.0410826969055454e-20,4.5460331121490146e-20,5.0509423459397386e-20,5.555810400581636e-20,6.060637278372625e-20,6.565422981615638e-20,7.070167512611731e-20,7.574870873661256e-20,8.079533067064093e-20,8.584154095122549e-20,9.088733960135803e-20,9.593272664405212e-20,1.0097770210231742e-19,1.0602226599914998e-19,1.110664183575551e-19,1.1611015920050807e-19,1.2115348855103857e-19,1.2619640643214554e-19,3.3755108174949997e-19,3.6906031880722104e-19,4.0056312854133484e-19,4.320595118498975e-19,9.58582472413105e-19,4.941052273083293e-18
5.74,1.5078047674611236e-20,2.0103255314324122e-20,2.5128053173631475e-20,3.0152441275426425e-20,3.517641964260433e-20,4.019998829806897e-20,4.5223147264708365e-20,5.024589656541353e-20,5.526823622310341e-20,6.029016626063732e-20,6.53116867009244e-20,7.033279756685514e-20,7.535349888131309e-20,8.037379066717705e-20,8.539367294734996e-20,9.041314574470363e-20,9.543220908213158e-20,1.0045086298252344e-19,1.0546910746875524e-19,1.104869425637123e-19,1.1550436829024996e-19,1.205213846712778e-19,1.2553799172967475e-19,3.357899492312118e-19,3.671347906018528e-19,3.984732381826812e-19,4.2980529286706743e-19,9.535811826679258e-19,4.9152729220363695e-18
5.75,1.4999516334517864e-20,1.9998551070502733e-20,2.4997178160350713e-20,2.9995397626835694e-20,3.499320949273379e-20,3.9990613780829505e-20,4.4987610513891657e-20,4.9984199714692004e-20,5.498038140603015e-20,5.997615561064632e-20,6.497152235133038e-20,6.996648165085354e-20,7.496103353198024e-20,7.995517801747007e-20,8.494891513010668e-20,8.994224489264277e-20,9.493516732785262e-20,9.992768245850665e-20,1.0491979030736175e-19,1.0991149089718402e-19,1.1490278425070981e-19,1.1989367039072938e-19,1.2488414934000243e-19,3.340410467690306e-19,3.6522263408643013e-19,3.963978609149383e-19,4.2756672814327294e-19,9.48614624013994e-19,4.889672593809385e-18
5.760000000000001,1.4921529404426863e-20,1.989457267750165e-20,2.4867210423912608e-20,2.983944266631523e-20,3.48112694273672e-20,3.978269072973453e-20,4.475370659606771e-20,4.972431704902006e-20,5.469452211127266e-20,5.966432180544749e-20,6.463371615421592e-20,6.960270518023083e-20,7.457128890613823e-20,7.953946735457938e-20,8.450724054821949e-20,8.947460850969296e-20,9.444157126165566e-20,9.940812882675964e-20,1.0437428122764342e-19,1.0934002848695476e-19,1.1430537062731183e-19,1.192703076713863e-19,1.2423483964181963e-19,3.323042683835868e-19,3.633237333887719e-19,3.943368709751324e-19,4.25343682026765e-19,9.436824954895538e-19,4.864249737082748e-18
5.7700000000000005,1.4844082174923326e-20,1.979131385635345e-20,2.4738142115925215e-20,2.968456697617651e-20,3.463058845964743e-20,3.957620658888635e-20,4.452142138642617e-20,4.9466232874802665e-20,5.441064107657917e-20,5.935464601426027e-20,6.429824771039963e-20,6.924144618753262e-20,7.41842414681876e-20,7.912663357488841e-20,8.406862253018262e-20,8.901020835658709e-20,9.395139107664017e-20,9.889217071287625e-20,1.0383254728781645e-19,1.0877252082399093e-19,1.1371209134390044e-19,1.1865125887009902e-19,1.235900234251106e-19,3.3057950919563967e-19,3.6143797383951997e-19,3.9229014390578396e-19,4.2313602027394e-19,9.387844992570117e-19,4.83900281664049e-18
5.78,1.4767169985394352e-20,1.9688768393157435e-20,2.4609965469326685e-20,2.953076123632323e-20,3.4451155716570346e-20,3.93711489324996e-20,4.4290740906527144e-20,4.920993166107197e-20,5.4128721218580525e-20,5.904710960144078e-20,6.396509683208954e-20,6.88826829329454e-20,7.379986792642005e-20,7.871665183492056e-20,8.363303468087765e-20,8.854901648669164e-20,9.346459727478396e-20,9.837977706757234e-20,1.0329455588746113e-19,1.0820893375686385e-19,1.1312291069816457e-19,1.1803648673380056e-19,1.2294966188617894e-19,3.2886666541277507e-19,3.5956524195759376e-19,3.90257556539123e-19,4.209436100323138e-19,9.3392034056516e-19,4.813930313175547e-18
5.79,1.4690788223440165e-20,1.958693013829447e-20,2.448267279740389e-20,2.9378016223073575e-20,3.4272960437610844e-20,3.9167505463331205e-20,4.406165132253488e-20,4.895539803752491e-20,5.38487456306316e-20,5.874169412412718e-20,6.363424354033236e-20,6.85263939015498e-20,7.341814523007523e-20,7.83094975481999e-20,8.320045087823846e-20,8.809100524247533e-20,9.298116066321606e-20,9.787091716276228e-20,1.0276027476340263e-19,1.0764923348743456e-19,1.1253779335712645e-19,1.1742595439479943e-19,1.223137166227448e-19,3.271656343162907e-19,3.5770542543585193e-19,3.8823898698152474e-19,4.1876631982373444e-19,9.290897277119338e-19,4.78903072309778e-18
5.8,1.4614932324293134e-20,1.9485793005652418e-20,2.4356256492824233e-20,2.922632280799857e-20,3.4095991973367557e-20,3.896526401113147e-20,4.3834138943475394e-20,4.870261679258721e-20,5.357069758068192e-20,5.843838132991673e-20,6.330566806249715e-20,6.81725578006106e-20,7.303905056643776e-20,7.79051463821547e-20,8.277084526996094e-20,8.763614725202579e-20,9.250105235053958e-20,9.73655605876889e-20,1.022296719856472e-19,1.0709338656659683e-19,1.1195670435269118e-19,1.1681962536613614e-19,1.2168214962910796e-19,3.2547631424825827e-19,3.5585841312694714e-19,3.862343145981582e-19,4.166040195278227e-19,9.242923720076694e-19,4.764302558344597e-18
5.8100000000000005,1.4539597770244948e-20,1.9385350971862357e-20,2.423070902668098e-20,2.907567195677641e-20,3.39202397842264e-20,3.8764412531116796e-20,4.360819021951833e-20,4.8451572871504476e-20,5.329456050917577e-20,5.813715315457517e-20,6.297935082979375e-20,6.782115355690456e-20,7.266256135797394e-20,7.750357425506365e-20,8.234419227025877e-20,8.718441542561436e-20,9.202424374320633e-20,9.686367724510697e-20,1.0170271595337534e-19,1.0654135989007957e-19,1.1137960907725874e-19,1.1621746353700439e-19,1.210549232913783e-19,3.2379860459876624e-19,3.540240950293769e-19,3.842434199978463e-19,4.144565803656417e-19,9.195279877388761e-19,4.739744346194212e-18
5.82,1.4464780090081558e-20,1.9285598075545248e-20,2.4106022947551585e-20,2.89260547280626e-20,3.374569343904241e-20,3.8564939102463233e-20,4.3383791740282194e-20,4.820225137445923e-20,5.3020318026981127e-20,5.783799171977742e-20,6.265527247482549e-20,6.747216031408483e-20,7.228865525950821e-20,7.710475733304388e-20,8.192046655666326e-20,8.673578295230794e-20,9.155070654194024e-20,9.63652373475188e-20,1.0117937539098928e-19,1.0599312069430613e-19,1.1080647327939512e-19,1.1561943316823405e-19,1.2043200038277126e-19,3.221324057933358e-19,3.5220236227372633e-19,3.822661850181334e-19,4.123238748835915e-19,9.147962921325011e-19,4.715354629081438e-18
5.83,1.4390474858525892e-20,1.918652841656885e-20,2.3982190880568953e-20,2.877746227237539e-20,3.357234261383947e-20,3.8366831926820537e-20,4.316093023316291e-20,4.795463755471374e-20,5.274795391334683e-20,5.75408793308791e-20,6.233341382917502e-20,6.712555743008128e-20,7.191731015543785e-20,7.670867202708032e-20,8.149964306686715e-20,8.629022329662727e-20,9.108041273821011e-20,9.587021141346162e-20,1.0065961934421463e-19,1.0544863655231084e-19,1.1023726305956344e-19,1.1502549888783724e-19,1.1981334405896788e-19,3.2047761928050994e-19,3.503931071090973e-19,3.8030249271055714e-19,4.1020577693752143e-19,9.100970053206829e-19,4.691131964416024e-18
5.84,1.431667769568816e-20,1.9088136155314913e-20,2.3859205526505366e-20,2.862988583099667e-20,3.340017709052807e-20,3.81700793268468e-20,4.293959256168519e-20,4.770871681677832e-20,5.247745211388785e-20,5.724579847471879e-20,6.201375592102349e-20,6.678132447453663e-20,7.154850415698619e-20,7.63152949900957e-20,8.108169699561162e-20,8.584771019525084e-20,9.061333461075089e-20,9.537857026384555e-20,1.0014341717625572e-19,1.0490787536971114e-19,1.0967194486591307e-19,1.1443562568661426e-19,1.1919891785353834e-19,3.188341475196125e-19,3.485962228897257e-19,3.7835222732612273e-19,4.081021616770631e-19,9.054298503059898e-19,4.667074924403466e-18
5.8500000000000005,1.4243384266523717e-20,1.8990415511956272e-20,2.3737059660868988e-20,2.8483316734887715e-20,3.32291867556404e-20,3.797466974476296e-20,4.2719765723876456e-20,4.74644747146047e-20,5.220879673859793e-20,5.695273181745008e-20,6.169627997280213e-20,6.643944122627742e-20,7.118221559949278e-20,7.592460311406047e-20,8.066660379161564e-20,8.540821765376406e-20,9.014944472213188e-20,9.489028501834166e-20,9.963073856400311e-20,1.0437080538073473e-19,1.0911048549012665e-19,1.138497789138203e-19,1.18588685673428e-19,3.172018939686736e-19,3.468116040617796e-19,3.7641527430097444e-19,4.060129055301749e-19,9.007945529271322e-19,4.643182095868257e-18
5.86,1.4170590280298295e-20,1.8893360765743933e-20,2.361574613301267e-20,2.833774640361983e-20,3.305936159908284e-20,3.778059174092703e-20,4.250143685066296e-20,4.7221896949803944e-20,5.194197205988956e-20,5.666166220240339e-20,6.138096739887577e-20,6.60998876708196e-20,7.081842303974118e-20,7.553657352714235e-20,8.025433915454767e-20,8.497171994345247e-20,8.968871591537241e-20,9.440532709181955e-20,9.912155349429311e-20,1.0383739514430114e-19,1.085528520633234e-19,1.1326792427289075e-19,1.179826117945051e-19,3.1558076307252124e-19,3.450391461503391e-19,3.7449152024226373e-19,4.03937886187899e-19,8.961908418251417e-19,4.619452080079584e-18
5.87,1.409829149006045e-20,1.8796966254303603e-20,2.349525786525471e-20,2.819316634431934e-20,3.289069171290511e-20,3.758783399242755e-20,4.228459320428746e-20,4.69809693698884e-20,5.1676962510660047e-20,5.637257264797636e-20,6.106779980325787e-20,6.576264399790769e-20,7.045710525332237e-20,7.515118359089406e-20,7.984487903203757e-20,8.453819159813847e-20,8.923112131060265e-20,9.392366819083247e-20,9.861583226021745e-20,1.0330761354015585e-19,1.0799901205201791e-19,1.1269002781722458e-19,1.173806608571681e-19,3.1397066025103183e-19,3.432787457465498e-19,3.725808529142068e-19,4.0187698258932263e-19,8.91618448410008e-19,4.595883492579331e-18
5.88,1.4026483692121274e-20,1.8701226372942086e-20,2.3375587852011864e-20,2.8049568150627156e-20,3.2723167290086564e-20,3.739638529169651e-20,4.206922217674881e-20,4.6741677966538003e-20,5.141375268238461e-20,5.608544634555374e-20,6.075675897735682e-20,6.542769059908791e-20,7.009824123203462e-20,7.476841089748017e-20,7.94381996167302e-20,8.410760741106145e-20,8.877663430177075e-20,9.34452803101514e-20,9.811354545748409e-20,1.0278142976505798e-19,1.0744893325413452e-19,1.1211605594602556e-19,1.1678279786201432e-19,3.123714918875439e-19,3.4153030049495596e-19,3.7068316122433555e-19,3.9983007490674806e-19,8.870771068277737e-19,4.572474963012482e-18
5.890000000000001,1.395516272554108e-20,1.8606135573962832e-20,2.3256729158943824e-20,2.7906943501672305e-20,3.255677862333858e-20,3.720623454514074e-20,4.1855311288262343e-20,4.6504008873889624e-20,5.115232732323474e-20,5.580026665745462e-20,6.044782689775235e-20,6.509500806531374e-20,6.974181018131815e-20,7.438823326694054e-20,7.903427734337826e-20,8.367994243179983e-20,8.832522855339382e-20,9.297013572934527e-20,9.761466398082659e-20,1.022588133290188e-19,1.0690258379507516e-19,1.1154597540019913e-19,1.161889881655658e-19,3.107831653174263e-19,3.3979370908100054e-19,3.687983352099317e-19,3.977970445310597e-19,8.82566553928072e-19,4.5492251349597825e-18
5.9,1.3884324471623104e-20,1.8511688365990945e-20,2.3138674922109472e-20,2.776528416105938e-20,3.239151610392341e-20,3.7017370771792075e-20,4.164284818574134e-20,4.626794836684995e-20,5.089267133622235e-20,5.551701711490812e-20,6.014098572400267e-20,6.476457718458428e-20,6.938779151772482e-20,7.401062874449175e-20,7.863308888597482e-20,8.325517196323507e-20,8.787687799735356e-20,9.249820700940777e-20,9.711915902046266e-20,1.0173973405159167e-19,1.0635993212384074e-19,1.1097975325830568e-19,1.155991974760541e-19,3.09205588816803e-19,3.380688712186976e-19,3.669262660246463e-19,3.9577777405729175e-19,8.780865292321046e-19,4.526132665772699e-18
5.91,1.3813964853413964e-20,1.841787931330713e-20,2.3021418347134408e-20,2.7624581975869675e-20,3.222737022048882e-20,3.682978310197546e-20,4.1431820641298806e-20,4.6033482859430764e-20,5.063476977736882e-20,5.523568141605588e-20,5.983621779648046e-20,6.443637893961405e-20,6.903616486642168e-20,7.363557559786413e-20,7.823461115492421e-20,8.283327155855628e-20,8.743155682973451e-20,9.202946698942961e-20,9.662700205859975e-20,1.0122416205821163e-19,1.0582094700920455e-19,1.104173569325674e-19,1.1501339184926097e-19,3.076386715914279e-19,3.3635568763846966e-19,3.6506684592529877e-19,3.9377214727038913e-19,8.736367749010507e-19,4.503196226410555e-18
5.92,1.3744079835210944e-20,1.832470303519075e-20,2.290495270838977e-20,2.7484828875675753e-20,3.206433155791848e-20,3.664346077599541e-20,4.1222216550769667e-20,4.5800598903107044e-20,5.0378607853898845e-20,5.4956243423982e-20,5.953350563423883e-20,6.411039450553476e-20,6.868691005872874e-20,7.326305231467547e-20,7.783882129425167e-20,8.241421701830566e-20,8.698923950770555e-20,9.156388878331589e-20,9.613816486598886e-20,1.0071206777658508e-19,1.0528559753593792e-19,1.0985875416493003e-19,1.1443153768441635e-19,3.060823237657125e-19,3.346540600751496e-19,3.6321996825885502e-19,3.9178004913116217e-19,8.692170357049069e-19,4.4804145012799394e-18
5.930000000000001,1.3674665422075864e-20,1.8232154205271737e-20,2.278927134818213e-20,2.734601687156942e-20,3.190239079619797e-20,3.645839314283981e-20,4.1014023932252695e-20,4.556928318519704e-20,5.0124170922458604e-20,5.467868716476911e-20,5.923283193290544e-20,6.378660524762756e-20,6.834000712968915e-20,7.289303759983956e-20,7.744569667885001e-20,8.199798438746364e-20,8.654990074644307e-20,9.110144577654752e-20,9.565261949852386e-20,1.002034219331273e-19,1.0475385310108603e-19,1.093039130231773e-19,1.1385360172015057e-19,3.0453645637189933e-19,3.3296389125614464e-19,3.613855274495811e-19,3.8980136576242916e-19,8.648270589917411e-19,4.457786188076209e-18
5.94,1.360571765935553e-20,1.8140227550891126e-20,2.267436767595427e-20,2.720813805520265e-20,3.1741538709295964e-20,3.6274569658901464e-20,4.0807230924672263e-20,4.5339522527264106e-20,4.987144448735796e-20,5.440299682558101e-20,5.893417956260536e-20,6.346499271908635e-20,6.799543631567293e-20,7.252551037300994e-20,7.705521491176384e-20,8.158454995257314e-20,8.61135155160958e-20,9.064211162298637e-20,9.517033829388712e-20,9.969819554944864e-20,1.0422568341029457e-19,1.087528018970974e-19,1.1327955103050193e-19,3.030009813393822e-19,3.3128508488975946e-19,3.59563418986369e-19,3.878359844353464e-19,8.604665946573647e-19,4.43530999762717e-18
5.95,1.353723263220851e-20,1.804891785247021e-20,2.256023516749659e-20,2.7071184597841355e-20,3.1581766164060204e-20,3.6091979886716364e-20,4.0601825786359017e-20,4.5111303883539893e-20,4.9620414198835887e-20,5.4129156752770346e-20,5.86375315659113e-20,6.314553865881018e-20,6.765317805201197e-20,7.216044976605755e-20,7.666735382150941e-20,8.117389023890213e-20,8.568005903878973e-20,9.018586024172277e-20,9.469129386823962e-20,9.919635993888694e-20,1.0370105847418452e-19,1.082053894947008e-19,1.127093530209767e-19,3.014758114841682e-19,3.296175456536739e-19,3.5775353941023185e-19,3.8588379355591983e-19,8.561353951154065e-19,4.4129846537388155e-18
5.96,1.3469206465138419e-20,1.7958219942888212e-20,2.2446867364169246e-20,2.6935148749431942e-20,3.1423064119128705e-20,3.591061349371943e-20,4.0397796893650017e-20,4.488461433936896e-20,4.937106585134971e-20,5.385715145001251e-20,5.834287115582204e-20,6.282822498922643e-20,6.731321297066743e-20,7.179783512058271e-20,7.628209145943141e-20,8.076598200764496e-20,8.524950678567409e-20,8.973266581396604e-20,9.421545911295602e-20,9.869788670308743e-20,1.0317994860477693e-19,1.0766164483848963e-19,1.1214297542466325e-19,2.9996086049848306e-19,3.279611791835785e-19,3.5595578630196846e-19,3.839446826517e-19,8.518332152677931e-19,4.390808893043181e-18
5.970000000000001,1.3401635321533301e-20,1.786812870686819e-20,2.233425787213458e-20,2.6800022837680298e-20,3.126542362385513e-20,3.5730460251016355e-20,4.019513273950729e-20,4.4659441109673836e-20,4.9123385381886745e-20,5.358696557646381e-20,5.805018171376706e-20,6.251303381414201e-20,6.697552189792791e-20,7.143764598545987e-20,7.589940609709438e-20,8.036080225316041e-20,8.482183447400602e-20,8.928250277997597e-20,9.374280719140291e-20,9.820274772862766e-20,1.0266232441196448e-19,1.0712153726177578e-19,1.115803862983968e-19,2.9845604294051353e-19,3.2631589206195975e-19,3.5417005826999156e-19,3.820185423586526e-19,8.475598124756209e-19,4.3687814648481824e-18
5.98,1.3334515403211294e-20,1.7778639080371262e-20,2.2222400361599902e-20,2.666579926714314e-20,3.110883581724885e-20,3.5551510032172345e-20,3.999382193215507e-20,4.4435771537440995e-20,4.887735886829888e-20,5.331858394494475e-20,5.775944678763866e-20,6.21999474166242e-20,6.664008585213881e-20,7.107986211441567e-20,7.551927622370943e-20,7.995832820024713e-20,8.439701806427501e-20,8.883534583603588e-20,9.327331153576056e-20,9.771091518368805e-20,1.0214815680003078e-19,1.0658503640504931e-19,1.110215540189769e-19,2.9696127422428914e-19,3.246815918070364e-19,3.5239625493832e-19,3.8010526440820676e-19,8.433149465304199e-19,4.346901130989513e-18
5.99,1.3267842949972155e-20,1.768974604999866e-20,2.2111288566070135e-20,2.6532470518331265e-20,3.095329192692869e-20,3.5373752812016455e-20,3.9793853193734775e-20,4.4213593092226434e-20,4.863297252765884e-20,5.30519915201469e-20,5.74706500898494e-20,6.188894825690874e-20,6.63068860414611e-20,7.072446346363858e-20,7.514168054359448e-20,7.955853730145476e-20,8.397503375736438e-20,8.839116993146498e-20,9.280694584388625e-20,9.722236151476589e-20,1.016374169642154e-19,1.0605211221239389e-19,1.1046644727943358e-19,2.954764706096947e-19,3.2305818686184045e-19,3.506342769347277e-19,3.782047416144723e-19,8.390983796257934e-19,4.3251666656844406e-18
6.,1.320161423915501e-20,1.7601444652402106e-20,2.2000916281610752e-20,2.640002914682508e-20,3.0798783268091156e-20,3.519717866546243e-20,3.959521535897856e-20,4.3992893368681835e-20,4.839021271463893e-20,5.2787173416864424e-20,5.718377549541641e-20,6.158001897033673e-20,6.597590386166113e-20,7.037143018942115e-20,7.476659797366954e-20,7.916140723443174e-20,8.35558579917522e-20,8.794995026567204e-20,9.234368407622036e-20,9.673705944343447e-20,1.011300763873254e-19,1.0552273492795167e-19,1.0991503508534498e-19,2.940015491926211e-19,3.2144558658344863e-19,3.488840258790549e-19,3.7631686786163216e-19,8.349098763294462e-19,4.303576855387643e-18
6.010000000000001,1.3135825585201776e-20,1.7513729973701732e-20,2.1891277366120253e-20,2.6268467782401597e-20,3.064530124249193e-20,3.502177776634477e-20,3.939789737389993e-20,4.3773660085099775e-20,4.814906591991103e-20,5.252411489824848e-20,5.689880704007029e-20,6.127314236531845e-20,6.564712089392884e-20,7.002074264583315e-20,7.43940076409842e-20,7.876691589930771e-20,8.313946744074817e-20,8.751166228524681e-20,9.188350045273301e-20,9.62549819631441e-20,1.006261068363915e-19,1.0499687509243374e-19,1.0936728675120264e-19,2.925364278952438e-19,3.19843701232352e-19,3.471454043716719e-19,3.744415380914981e-19,8.307492035555773e-19,4.282130498648897e-18
6.0200000000000005,1.3070473339226497e-20,1.742659714891183e-20,2.1782365738612383e-20,2.6137779128173176e-20,3.0492837337441145e-20,3.4847540386270535e-20,3.9201888294501946e-20,4.355588108197854e-20,4.7909518768567695e-20,5.226280137408512e-20,5.66157289183897e-20,6.096830142132421e-20,6.53205189027253e-20,6.967238138242558e-20,7.402388888027858e-20,7.837504141611079e-20,8.272583900976758e-20,8.707628168109096e-20,9.142636944991109e-20,9.577610233606621e-20,1.001254803593686e-19,1.0447450353967752e-19,1.0882317189682565e-19,2.9108102545642963e-19,3.182524419619694e-19,3.454183159820968e-19,3.7257864829123415e-19,8.266161305376397e-19,4.260826405972666e-18
6.03,1.3005553888590276e-20,1.7340041361374215e-20,2.1674175378507826e-20,2.6007955959737543e-20,3.034138312481173e-20,3.467445689348602e-20,3.900717728550246e-20,4.333954432060567e-20,4.7671558018564336e-20,5.200321839909576e-20,5.633452548196018e-20,6.06654792869018e-20,6.499607983365875e-20,6.932632714196516e-20,7.365622123157587e-20,7.798576212221902e-20,8.231494983364134e-20,8.664378438558629e-20,9.097226579778551e-20,9.530039408997877e-20,9.962816928187991e-20,1.0395559139324952e-19,1.0828266044382184e-19,2.896352614222728e-19,3.166717208082985e-19,3.437026652377625e-19,3.7072809548124037e-19,8.225104288014608e-19,4.23966339967955e-18
6.04,1.2941063656481941e-20,1.7254057842199067e-20,2.1566700324935295e-20,2.5878991124339166e-20,3.019093026006111e-20,3.45025177517588e-20,3.88137536190764e-20,4.31246378816606e-20,4.7435170559182065e-20,5.1745351671260336e-20,5.605518123755766e-20,6.036465927772034e-20,6.467378581138866e-20,6.898256085819882e-20,7.329098443780779e-20,7.75990565698458e-20,8.190677727396172e-20,8.621414656980106e-20,9.052116447699773e-20,9.482783101519346e-20,9.913414620400444e-20,1.0344011006309326e-19,1.0774572261209626e-19,2.88199056136755e-19,3.1510145067970443e-19,3.419983576129345e-19,3.6888977770319956e-19,8.18431872138721e-19,4.218640313769584e-18
6.05,1.2876999101504185e-20,1.7168641869713116e-20,2.1459934676041854e-20,2.5750877540041654e-20,3.0041470481265683e-20,3.4331713519274295e-20,3.862160667361438e-20,4.2911149963835395e-20,4.7200343409510653e-20,5.14891870301625e-20,5.57776808453559e-20,6.006582487463987e-20,6.435361913755746e-20,6.864106365364771e-20,7.292815844247022e-20,7.721490352355807e-20,8.150129891646284e-20,8.578734464073285e-20,9.007304071590468e-20,9.435838716152294e-20,9.864338399710668e-20,1.0292803124222116e-19,1.0721232891640545e-19,2.867723307325288e-19,3.1354154534684346e-19,3.4030529951777375e-19,3.670635940082788e-19,8.143802365807802e-19,4.197755993787315e-18
6.0600000000000005,1.2813356717265153e-20,1.7083788768915198e-20,2.135387258831229e-20,2.5623608194911067e-20,2.9892995608168046e-20,3.4162034847546885e-20,3.8430725932497936e-20,4.269906888247397e-20,4.696706371695158e-20,5.1234710455356636e-20,5.55020091171574e-20,5.976895972180628e-20,6.403556228874972e-20,6.830181683743016e-20,7.25677233873106e-20,7.683328195782757e-20,8.109849256843603e-20,8.536335523858759e-20,8.962786998772236e-20,9.389203683528836e-20,9.815585580070811e-20,1.0241932690345021e-19,1.0668245016295719e-19,2.8535500712182273e-19,3.119919194327177e-19,3.386233982875439e-19,3.6524944444548913e-19,8.103553003728483e-19,4.177009296688679e-18
6.07,1.2750133031975448e-20,1.6999493910938886e-20,2.1248508275897515e-20,2.5497176146209973e-20,2.9745497541236777e-20,3.399347248034556e-20,3.824110098289069e-20,4.248838306822895e-20,4.673531875574083e-20,5.098190806475637e-20,5.522815101464775e-20,5.947404762477138e-20,6.371959791447781e-20,6.796480190311352e-20,7.220965961004547e-20,7.645417105461427e-20,8.069833625617887e-20,8.494215523409494e-20,8.91856280077067e-20,9.342875459636615e-20,9.767153501939997e-20,1.0191396929618073e-19,1.0615605744605505e-19,2.8394700798746613e-19,3.104524884028639e-19,3.369525621719603e-19,3.6344723005019764e-19,8.063568439485001e-19,4.156399090709618e-18
6.08,1.2687324608050374e-20,1.6915752712522186e-20,2.1143836009951656e-20,2.537157451960206e-20,2.959896826073853e-20,3.382601725263332e-20,3.8052721514545416e-20,4.227908106573628e-20,4.6505095925490925e-20,5.073076611304417e-20,5.495609164767276e-20,5.918107254863778e-20,6.340570883519439e-20,6.763000052659384e-20,7.185394764210763e-20,7.607755020098115e-20,8.030080822247794e-20,8.452372172585838e-20,8.874629073037132e-20,9.296851525527346e-20,9.719039531979632e-20,1.01411930943217e-19,1.056331221447868e-19,2.825482567740311e-19,3.0892316855566684e-19,3.3529270032467907e-19,3.6165685283278836e-19,8.02384649904517e-19,4.13592425523642e-18
6.09,1.2624928041717425e-20,1.6832560635484223e-20,2.1039850117977962e-20,2.5246796508367196e-20,2.9453399825822313e-20,3.3659660089520765e-20,3.786557731862684e-20,4.2071151532307284e-20,4.6276382749752234e-20,5.0481270990101927e-20,5.46858162725383e-20,5.889001861622772e-20,6.309387804033065e-20,6.729739456400365e-20,7.150056820642346e-20,7.570339898674079e-20,7.990588692412448e-20,8.410803203774014e-20,8.830983434674201e-20,9.251129387029205e-20,9.671241062752723e-20,1.0091318463762979e-19,1.0511361591975638e-19,2.8115867767909156e-19,3.0740387701280396e-19,3.3364372279292363e-19,3.598782157674745e-19,7.984385029760669e-19,4.1155836806777645e-18
6.1000000000000005,1.2562939962628942e-20,1.6749913186208763e-20,2.093654498318326e-20,2.5122835372626843e-20,2.930878437361578e-20,3.3494392005233384e-20,3.7679658286549824e-20,4.186458323663773e-20,4.604916687459304e-20,5.023340921946201e-20,5.441731029033239e-20,5.860087010627642e-20,6.278408868636051e-20,6.696696604964717e-20,7.114950221521892e-20,7.533169720213253e-20,7.951355102946269e-20,8.369506371628085e-20,8.787623528164729e-20,9.205706574462985e-20,9.623755512427152e-20,1.0041770343966035e-19,1.0459751070985898e-19,2.797781956445964e-19,3.0589453170981213e-19,3.3200554050724867e-19,3.5811122278125685e-19,7.945181900122048e-19,4.095376268338453e-18
6.11,1.2501357033479809e-20,1.6667805915134568e-20,2.0833915043840843e-20,2.499968443857955e-20,2.9165114118333446e-20,3.3330204102092287e-20,3.749495440883277e-20,4.1659365057534034e-20,4.58234360671984e-20,4.998716745677877e-20,5.4150559245269316e-20,5.831361145164879e-20,6.247632409489018e-20,6.663869719396246e-20,7.080073076785472e-20,7.496242483553024e-20,7.912377941597018e-20,8.32847945281526e-20,8.744547019104428e-20,9.16058064236196e-20,9.576580324482819e-20,9.992546067366459e-20,1.0408477872909793e-19,2.7840673634835636e-19,3.0439505138678034e-19,3.303780652714362e-19,3.563557787430263e-19,7.906234999516961e-19,4.075300930294782e-18
6.12,1.2440175949630052e-20,1.6586234416252144e-20,2.0731954792661525e-20,2.4877337097746226e-20,2.9022381350396106e-20,3.3167087569507985e-20,3.731145577396568e-20,4.1455485982655455e-20,4.5599178214486644e-20,4.974253248831936e-20,5.388554882305485e-20,5.8028227237579e-20,6.217056775077188e-20,6.631257038150972e-20,7.045423514868862e-20,7.459556207117903e-20,7.873655116786928e-20,8.287720245764452e-20,8.701751595937871e-20,9.115749169195337e-20,9.529712967422541e-20,9.943642992509639e-20,1.0357539246344259e-19,2.7704422619563855e-19,3.029053555791595e-19,3.287612097525224e-19,3.5461178945280474e-19,7.86754223799148e-19,4.055356589271513e-18
6.13,1.2379393438732545e-20,1.6505194326607395e-20,2.0630658776173185e-20,2.4755786806225662e-20,2.888057843556238e-20,3.300503368298782e-20,3.712915256729357e-20,4.125293510727358e-20,4.5376381321744797e-20,4.9499491229475214e-20,5.3622264849273694e-20,5.774470219993385e-20,6.186680330024353e-20,6.59885681689867e-20,7.010999682496715e-20,7.423108928696315e-20,7.835184557377073e-20,8.247226570418271e-20,8.659234969698094e-20,9.07120975709546e-20,9.48315093448685e-20,9.895058503753182e-20,1.0306932466772866e-19,2.75690592310876e-19,3.0142536460869797e-19,3.27154887470959e-19,3.5287916163113477e-19,7.829101546014649e-19,4.035542178520513e-18
6.140000000000001,1.2319006260365374e-20,1.642468132581148e-20,2.0530021594108102e-20,2.4635027083959305e-20,2.8739697814070956e-20,3.2844033803155815e-20,3.6948035069913776e-20,4.105170163304712e-20,4.5155033511281033e-20,4.925803072329192e-20,5.3360693287796913e-20,5.746302122349793e-20,6.15650145490912e-20,6.566667328326903e-20,6.976799744474351e-20,7.38689870522013e-20,7.796964212434672e-20,8.206996267988099e-20,8.616994873749424e-20,9.026960031588406e-20,9.436891743372372e-20,9.846790010973062e-20,1.0256654836259725e-19,2.743457625294798e-19,2.9995499957449015e-19,3.2555901279089695e-19,3.51157802908598e-19,7.790910874245978e-19,4.015856641700908e-18
6.15,1.2259011205669113e-20,1.634469113555716e-20,2.0430037898798455e-20,2.4515051514005965e-20,2.8599731999794464e-20,3.268407937478557e-20,3.676809365758809e-20,4.085177486681328e-20,4.493512302109506e-20,4.901813813901894e-20,5.310082023921085e-20,5.718316934028167e-20,6.126518546083651e-20,6.534686861947673e-20,6.942821883482324e-20,7.350923612547167e-20,7.758992051003532e-20,8.167027200712426e-20,8.575029063533763e-20,8.982997641328198e-20,9.390932935953957e-20,9.798834949273675e-20,1.0206703683147489e-19,2.7300966538976163e-19,2.984941823441436e-19,3.239735009106007e-19,3.4944762181547657e-19,7.752968193306043e-19,3.9962989327608304e-18
6.16,1.2199405096988648e-20,1.6265219519141304e-20,2.0330702394579438e-20,2.4395853741825517e-20,2.8460673579403796e-20,3.252516192584536e-20,3.6589318799668554e-20,4.0653144219394096e-20,4.4716638203565354e-20,4.877980077067742e-20,5.284263193926572e-20,5.690513172785058e-20,6.09673001549467e-20,6.502913723906498e-20,6.909064299873575e-20,7.315181745246431e-20,7.721266061877339e-20,8.12731725161826e-20,8.533335316320059e-20,8.939320257834353e-20,9.34527207801033e-20,9.751190778701563e-20,1.015707636175915e-19,2.7168223012495713e-19,2.9704283554505895e-19,3.223982678529838e-19,3.477485277715434e-19,7.715271493549976e-19,3.976868015820679e-18
6.17,1.2140184787519857e-20,1.618626228099375e-20,2.0232009837200384e-20,2.427742747457229e-20,2.8322515211543826e-20,3.236727306655609e-20,3.641170105803756e-20,4.045579920441904e-20,4.449956752415387e-20,4.8543006035647385e-20,5.2586114757344986e-20,5.662889370767717e-20,6.067134290506869e-20,6.47134623679406e-20,6.875525211473332e-20,7.279671216386226e-20,7.683784253376024e-20,8.087864324285703e-20,8.491911430957143e-20,8.895925575232963e-20,9.299906758953383e-20,9.703854983962974e-20,1.0107770252103853e-19,2.7036338665535684e-19,2.9560088255582603e-19,3.208332304562693e-19,3.4606043107598974e-19,7.6778187848439935e-19,3.957562865057911e-18
6.180000000000001,1.2081347160960609e-20,1.6107815266212054e-20,2.0133955033243202e-20,2.4159766480397268e-20,2.818524962601926e-20,3.22104044884609e-20,3.623523108606134e-20,4.025972943716209e-20,4.428389956012703e-20,4.8307741473272283e-20,5.2331255194953903e-20,5.6354440743513e-20,6.037729813728506e-20,6.439982739460188e-20,6.84220285338145e-20,7.244390157324906e-20,7.646544653124906e-20,8.048666342615494e-20,8.450755227629622e-20,8.852811310000983e-20,9.254834591560872e-20,9.656825074144928e-20,1.0058782759586334e-19,2.690530655805348e-19,2.9416824749772684e-19,3.1927830636476884e-19,3.4438324289747757e-19,7.640608096344707e-19,3.9383824645932985e-18
6.19,1.2022889131166494e-20,1.6029874360102418e-20,2.003653283954861e-20,2.4042864587759524e-20,2.804886962299139e-20,3.205454796350717e-20,3.605989962755724e-20,4.006492463339437e-20,4.406962299929358e-20,4.807399474348239e-20,5.2078039884228e-20,5.60817584397828e-20,6.008515042839357e-20,6.408821586830334e-20,6.80909547777744e-20,7.209336717504423e-20,7.609545307836755e-20,8.009721250599606e-20,8.409864547617055e-20,8.809975200713929e-20,9.210053211712661e-20,9.610098582440002e-20,1.0010111314720273e-19,2.6775119817168084e-19,2.927448552263522e-19,3.177334140197828e-19,3.4271687526432576e-19,7.603637476281357e-19,3.9193258083786866e-18
6.2,1.1964807641810785e-20,1.5952435487726387e-20,1.9939738162649464e-20,2.3926715684746297e-20,2.791336807218492e-20,3.189969534314005e-20,3.5885697515773933e-20,3.987137460825112e-20,4.3856726638758395e-20,4.784175362543517e-20,5.182645558646043e-20,5.581083253999837e-20,5.979488450420765e-20,6.377861149724317e-20,6.776201353727896e-20,7.174509064246439e-20,7.572784283096606e-20,7.97102701209474e-20,8.369237253056124e-20,8.76741500779675e-20,9.165560278130259e-20,9.563673065874575e-20,9.961753372845201e-20,2.6645771636402844e-19,2.913306313233229e-19,3.1619847265061526e-19,3.410612410548173e-19,7.566904991740808e-19,3.900391900086146e-18
6.21,1.1907099666048957e-20,1.5875494613453497e-20,1.9843565958211642e-20,2.3811313718402058e-20,2.777873791210515e-20,3.174583855740796e-20,3.5712615672385155e-20,3.967906927511368e-20,4.3645199383692576e-20,4.76110060161738e-20,5.157648919064861e-20,5.554164892519366e-20,5.950648523787996e-20,6.347099814677487e-20,6.743518766996476e-20,7.139905382551153e-20,7.536259663149404e-20,7.932581610598822e-20,8.328871226705926e-20,8.725128513277958e-20,9.121353472119804e-20,9.517546105040623e-20,9.913706413847164e-20,2.6517255274938286e-19,2.8992550208812022e-19,3.1467340226570704e-19,3.39416253987636e-19,7.530408728455347e-19,3.88157975299861e-18
6.220000000000001,1.1849762206187348e-20,1.579904774051957e-20,1.974801123048191e-20,2.3696652694065976e-20,2.7644972149265104e-20,3.1592969614079265e-20,3.554064510649606e-20,3.948799864450539e-20,4.3435030246119157e-20,4.7381739929302365e-20,5.1328127712059205e-20,5.527419361237922e-20,5.921993764824644e-20,6.316535983764122e-20,6.711046019856287e-20,7.105523874898622e-20,7.499969550690317e-20,7.894383049030255e-20,8.288764371716259e-20,8.683113520546866e-20,9.07743049731827e-20,9.471715303830924e-20,9.865967941882873e-20,2.638956405687433e-19,2.8852939453001904e-19,3.131581236438802e-19,3.37781828612422e-19,7.494146790593144e-19,3.8628883899018704e-18
6.23,1.1792792293356235e-20,1.5723090910590775e-20,1.9653069031743014e-20,2.3582726674718072e-20,2.7512063857422774e-20,3.144108059777054e-20,3.53697769136625e-20,3.9298152823002064e-20,4.322620834371454e-20,4.7153943493678573e-20,5.108135829081178e-20,5.500845275301722e-20,5.893522689819249e-20,6.286168074423144e-20,6.678781430904689e-20,7.071362761052723e-20,7.463912066657789e-20,7.856429349510121e-20,8.248914611398895e-20,8.641367854114004e-20,9.033789079443007e-20,9.4261782891777e-20,9.818535485107482e-20,2.6262691370502084e-19,2.871422363601271e-19,3.116525583256975e-19,3.36157880300452e-19,7.458117300551502e-19,3.844316842977991e-18
6.24,1.1736186987186905e-20,1.5647620203333122e-20,1.9558734461775604e-20,2.346952978033352e-20,2.738000617682774e-20,3.129016366908572e-20,3.520000227492263e-20,3.910952201215599e-20,4.3018722898625037e-20,4.69276049521226e-20,5.0836168190480277e-20,5.474441263151524e-20,5.865233829303911e-20,6.255994519285991e-20,6.646723334880443e-20,7.037420277867525e-20,7.428085350029179e-20,7.818718553147052e-20,8.209319889001726e-20,8.599889359374508e-20,8.990426966044377e-20,9.380932710794523e-20,9.771406595405756e-20,2.6136630667584806e-19,2.857639559835222e-19,3.1015662860492912e-19,3.345443252354348e-19,7.422318398752618e-19,3.825864153700042e-18
6.25,1.1679943375493047e-20,1.557263173598763e-20,1.946500266732717e-20,2.3357056187245433e-20,2.72487923134779e-20,3.1140211063766566e-20,3.503131245584126e-20,3.8922096507434095e-20,4.28125632362988e-20,4.6702712660142963e-20,5.059254479671272e-20,5.448205966373984e-20,5.837125727895062e-20,6.226013766006773e-20,6.614870082483249e-20,7.00369467909622e-20,7.392487557619088e-20,7.781248719824962e-20,8.16997816748589e-20,8.558675902374643e-20,8.947341926261672e-20,9.335976240921624e-20,9.72457884812678e-20,2.601137546264829e-19,2.8439448249149403e-19,3.0867025752013154e-19,3.329410804044289e-19,7.386748243442089e-19,3.8075293727282424e-18
6.260000000000001,1.1624058573956055e-20,1.5498121662950776e-20,1.9371868841587656e-20,2.3245300127515607e-20,2.711841553838526e-20,3.099121509185372e-20,3.486369880556598e-20,3.873586669716931e-20,4.260771878433249e-20,4.647925508467839e-20,5.0350475615868244e-20,5.422138039554896e-20,5.809196944136203e-20,6.196224277094531e-20,6.583220040195528e-20,6.970184235202442e-20,7.357116863880193e-20,7.744017927993402e-20,8.130887429305645e-20,8.517725369581205e-20,8.904531750582067e-20,9.29130657407438e-20,9.678049841821948e-20,2.5886919332280035e-19,2.830337456538824e-19,3.0719336884633215e-19,3.313480635888721e-19,7.351405010489898e-19,3.7893115598073656e-18
6.2700000000000005,1.1568529725814471e-20,1.542408617536041e-20,1.9279328223671865e-20,2.313425588831344e-20,2.698886918685144e-20,3.0843168136858625e-20,3.469715275589571e-20,3.855082306152563e-20,4.2404179071332796e-20,4.6257220802855875e-20,5.010994827367173e-20,5.396236150134298e-20,5.781446050342683e-20,6.16662452974769e-20,6.551771590106529e-20,6.936887233174026e-20,7.321971460706674e-20,7.707024274460658e-20,8.09204567619113e-20,8.477035667653952e-20,8.861994250602681e-20,9.246921426795042e-20,9.631817197986402e-20,2.576325591443763e-19,2.8168167591151437e-19,3.057258870868209e-19,3.2976519335572824e-19,7.31628689319398e-19,3.771209783665497e-18
6.28,1.151335400155719e-20,1.5350521500686738e-20,1.9187376098108217e-20,2.3023917811302442e-20,2.6860146657751954e-20,3.0696062654945685e-20,3.4531665820360586e-20,3.8366956171475855e-20,4.220193372579202e-20,4.6036598500764094e-20,4.9870950513885115e-20,5.3704989782633915e-20,5.7538716324484e-20,6.137213015690524e-20,6.520523129738592e-20,6.903801976339065e-20,7.287049557240055e-20,7.670265874189368e-20,8.053450928933791e-20,8.436604723220805e-20,8.819727258795611e-20,9.202818537407545e-20,9.585878560803603e-20,2.5640378907765575e-19,2.803382043687356e-19,3.042677374650437e-19,3.281923890487434e-19,7.281392102086238e-19,3.753223121914043e-18
6.29,1.1458528598620805e-20,1.527742390232879e-20,1.9096007794334314e-20,2.2914280292034976e-20,2.6732241412830054e-20,3.054989117412521e-20,3.436722959331417e-20,3.818425668779288e-20,4.200097247497855e-20,4.5817376972243066e-20,4.963347019699618e-20,5.344925216663348e-20,5.726472289854526e-20,6.107988241011821e-20,6.489473071875733e-20,6.870926784184407e-20,7.252349379677626e-20,7.633740860094885e-20,8.015101227174645e-20,8.396430482656063e-20,8.777728628276033e-20,9.158995665775561e-20,9.540231596893326e-20,2.551828207092119e-19,2.7900326278603957e-19,3.028188459166029e-19,3.266295707798168e-19,7.246718864741092e-19,3.73535066094904e-18
6.3,1.1404050741090601e-20,1.5204789679215725e-20,1.9005218686198683e-20,2.2805337779354345e-20,2.6605146975999263e-20,3.040464629345637e-20,3.420383574903666e-20,3.8002715360053404e-20,4.1801285143841e-20,4.559954511768873e-20,4.939749529892357e-20,5.3195135704858426e-20,5.699246635280088e-20,6.078948726005499e-20,6.458619844394302e-20,6.838259992176373e-20,7.217869171083228e-20,7.597447382846087e-20,7.97699462919515e-20,8.356510911861306e-20,8.73599623257319e-20,9.115450593063527e-20,9.494873995062735e-20,2.5396959221908755e-19,2.7767678357278793e-19,3.0137913908135607e-19,3.250766594204791e-19,7.212265425586404e-19,3.717591495853703e-18
6.3100000000000005,1.1349917679405393e-20,1.513261516541337e-20,1.891500419146885e-20,2.2697084774804513e-20,2.6478856932654712e-20,3.0260320682260143e-20,3.404147604084965e-20,3.78223230256543e-20,4.160286165392621e-20,4.53830919428726e-20,4.91630139097382e-20,5.2942627571753714e-20,5.67219329461446e-20,6.050093005013275e-20,6.42796189009582e-20,6.805799951583762e-20,7.183607191200397e-20,7.56138361066873e-20,7.93912921171074e-20,8.316843996049108e-20,8.694527965404255e-20,9.07218112150069e-20,9.44980346606061e-20,2.527640423742217e-19,2.763586997800234e-19,2.9994854429561546e-19,3.2353357659347764e-19,7.178030045716812e-19,3.699944730302202e-18
6.32,1.1296126690066142e-20,1.5060896729735656e-20,1.8825359771345746e-20,2.2589515832047427e-20,2.6353364928993354e-20,3.011690707934253e-20,3.3880142300242133e-20,3.764307060884159e-20,4.140569202231122e-20,4.516800655777673e-20,4.8930014232401086e-20,5.2691715063333354e-20,5.645310906771734e-20,6.021419626269332e-20,6.397497666541965e-20,6.773545029303137e-20,7.149561716267977e-20,7.525547729151324e-20,7.901503069666997e-20,8.277427739529512e-20,8.65332174045114e-20,9.029185074148214e-20,9.405017742334766e-20,2.515661105219609e-19,2.7504894509337475e-19,2.9852698958444727e-19,3.2200024466447087e-19,7.144011002709425e-19,3.682409476464666e-18
6.33,1.1242675075348123e-20,1.4989630775360906e-20,1.8736280929984054e-20,2.2482625556287417e-20,2.622866467134251e-20,2.997439829222712e-20,3.371982643600731e-20,3.746494911975132e-20,4.120976636054827e-20,4.495427817544278e-20,4.8698484581516647e-20,5.244238559583778e-20,5.618598123546885e-20,5.992927151746903e-20,6.367225645891547e-20,6.741493607686217e-20,7.115731038837924e-20,7.489937941053392e-20,7.864114316038334e-20,8.238260165499146e-20,8.612375491140007e-20,8.986460294669117e-20,9.360514577792404e-20,2.503757365836485e-19,2.7374745382604886e-19,2.971144036540655e-19,3.204765867338239e-19,7.110206590441817e-19,3.664984854913364e-18
6.34,1.1189560163016892e-20,1.491881373945309e-20,1.8647763214018786e-20,2.2376408603703188e-20,2.6104749925497162e-20,2.98327871963978e-20,3.3560520433390546e-20,3.7287949653463006e-20,4.1015074873623546e-20,4.4741896110836293e-20,4.846841338210231e-20,5.219462670440888e-20,5.592053609473807e-20,5.964614157006847e-20,6.337144314739652e-20,6.70964408436957e-20,7.08211346759554e-20,7.454552466116228e-20,7.826961081629285e-20,8.199339315833055e-20,8.57168717042365e-20,8.944004647101212e-20,9.31629174756361e-20,2.491928610482994e-19,2.72454160911914e-19,2.95710715884325e-19,3.189625266285111e-19,7.076615118912384e-19,3.6476699945301034e-18
6.3500000000000005,1.1136779306047674e-20,1.4848442092787742e-20,1.8559802212097726e-20,2.227085968088669e-20,2.598161451606536e-20,2.969206673455065e-20,3.340221635324788e-20,3.711206338906455e-20,4.082160785892877e-20,4.4530849779724645e-20,4.8239789168373084e-20,5.194842604178119e-20,5.565676041685097e-20,5.936479231048088e-20,6.307252173958726e-20,6.677994872106342e-20,7.048707327181872e-20,7.419389540875963e-20,7.790041514878262e-20,8.160663250879095e-20,8.531254750566582e-20,8.901816015632844e-20,9.272347047767733e-20,2.4801742496635117e-19,2.7116900189866794e-19,2.9431585632130647e-19,3.17457988894118e-19,7.04323491406286e-19,3.630464032414761e-18
6.36,1.1084329882348355e-20,1.47785123393826e-20,1.847239355441972e-20,2.216597354428914e-20,2.585925232582195e-20,2.95522299158554e-20,3.3244906331215175e-20,3.6937281588729143e-20,4.062935570524573e-20,4.432112869756949e-20,4.8012600582541637e-20,5.170377137698968e-20,5.5394641097736e-20,5.908520976159948e-20,6.277547738541677e-20,6.646544398600167e-20,7.015510958018382e-20,7.384447418479017e-20,7.753353781663754e-20,8.12223004925496e-20,8.491076222932808e-20,8.859892304381442e-20,9.228678295282765e-20,2.468493699434946e-19,2.698919129410929e-19,2.9292975566999507e-19,3.1596289878694505e-19,7.010064317603174e-19,3.613366113794982e-18
6.37,1.1032209294485921e-20,1.470902101613287e-20,1.838553291227879e-20,2.2061744999673976e-20,2.5737657295070356e-20,2.941326981522602e-20,3.3088582576887546e-20,3.6763595596803667e-20,4.0438308891743564e-20,4.4112722478432796e-20,4.7786836373633387e-20,5.146065059409371e-20,5.513416515655705e-20,5.880738007776319e-20,6.248029537446965e-20,6.61529110634111e-20,6.982522716133813e-20,7.349724368499847e-20,7.716896065112995e-20,8.08403780764771e-20,8.45114959777626e-20,8.81823143717488e-20,9.185283327517558e-20,2.4568863813458163e-19,2.6862283079439414e-19,2.9155234528705133e-19,3.144771822662088e-19,6.977101686838385e-19,3.59637539193699e-18
6.38,1.0980414969416331e-20,1.463996469245111e-20,1.8299215997614004e-20,2.1958168901576694e-20,2.561682342101244e-20,2.927517957260066e-20,3.293323737300932e-20,3.6590996838908505e-20,4.024845798698868e-20,4.390562083389688e-20,4.756248539631642e-20,5.121905169091707e-20,5.487531973436347e-20,5.853128954331685e-20,6.218696113445602e-20,6.584233452443713e-20,6.94974097299321e-20,7.315218676761003e-20,7.680666565413016e-20,8.046084640615843e-20,8.411472904033901e-20,8.776831357335552e-20,9.14216000218693e-20,2.4453517223760963e-19,2.673616928076237e-19,2.9018355717367264e-19,3.1300076598634315e-19,6.944345394497893e-19,3.579491028057549e-18
6.390000000000001,1.092894435821776e-20,1.4571339969911497e-20,1.8213438562564848e-20,2.1855240152771332e-20,2.5496744757126067e-20,2.913795239223028e-20,3.27788630746738e-20,3.6419476821048584e-20,4.0059793647966844e-20,4.369981357199761e-20,4.733953660974595e-20,5.097896277780352e-20,5.461809209275686e-20,5.82569245711891e-20,6.189546022970082e-20,6.553369908487014e-20,6.91716411532908e-20,7.280928645155382e-20,7.644663499624029e-20,8.008368680393807e-20,8.37204418912133e-20,8.735690027467135e-20,9.099306197089548e-20,2.4338891548778053e-19,2.6610843691718403e-19,2.888233239685428e-19,3.1153357728939407e-19,6.9117938285667e-19,3.562712191236984e-18
6.4,1.0877794935827189e-20,1.450314348189871e-20,1.81281963990323e-20,2.1752953703743814e-20,2.5377415412550702e-20,2.9001581541976493e-20,3.262545210853338e-20,3.624902712873565e-20,3.9872306619117785e-20,4.349529059617125e-20,4.711797907642344e-20,5.0740372076388316e-20,5.436246961257479e-20,5.79842717014884e-20,6.160577835965205e-20,6.522698960356621e-20,6.884790544974702e-20,7.246852591470781e-20,7.60888510149521e-20,7.970888076699008e-20,8.332861518731036e-20,8.694805429244067e-20,9.056719809888658e-20,2.422498116516349e-19,2.6486300164041486e-19,2.8747157894087163e-19,3.100755441975118e-19,6.87944539211885e-19,3.546038058333325e-18
6.41,1.0826964200780237e-20,1.4435371893260993e-20,1.804348533824521e-20,2.1651304552171575e-20,2.5258829551480342e-20,2.8866060352617845e-20,3.2472996972019095e-20,3.607963942612123e-20,3.968598773138146e-20,4.329204190421418e-20,4.689780196106956e-20,5.050326791838439e-20,5.4108439792590455e-20,5.771331760011612e-20,6.131790135740712e-20,6.492219108088687e-20,6.852618678699423e-20,7.212988849216536e-20,7.573329621282677e-20,7.93364099654114e-20,8.293922976633089e-20,8.654175563203565e-20,9.014398757895417e-20,2.4111780502125786e-19,2.6362532606925835e-19,2.861282559835189e-19,3.086265954055346e-19,6.847298503152869e-19,3.52946781389749e-18
6.42,1.0776449674954276e-20,1.436802189996768e-20,1.7959301250332236e-20,2.1550287742409925e-20,2.5140981392564315e-20,2.873138221716497e-20,3.232149023257027e-20,3.591130545514062e-20,3.9500827901256483e-20,4.309005758725566e-20,4.667899452951154e-20,5.026763874438429e-20,5.385599024822895e-20,5.744404905739731e-20,6.103181518825834e-20,6.461928865715877e-20,6.820646948046087e-20,7.17933576745241e-20,7.537995325569826e-20,7.89662562403397e-20,8.25522666447834e-20,8.61379844854031e-20,8.972340977855064e-20,2.399928404085581e-19,2.623953498640037e-19,2.847932896062056e-19,3.071866602736656e-19,6.815351594429307e-19,3.5130006500895435e-18
6.430000000000001,1.0726248903314712e-20,1.4301090228770918e-20,1.787564004389897e-20,2.144989836498464e-20,2.5023865208315248e-20,2.859754059018414e-20,3.217092452687346e-20,3.574401703466742e-20,3.931681812987015e-20,4.288932782874335e-20,4.646154614758417e-20,5.003347310267653e-20,5.3605108710299316e-20,5.71764529867281e-20,6.074750594825563e-20,6.431826761115248e-20,6.788873799170469e-20,7.14589171061955e-20,7.502880497089858e-20,7.859840160209407e-20,8.216770701604087e-20,8.573672122903641e-20,8.930544425735637e-20,2.388748631396176e-19,2.611730132471102e-19,2.8346661492880892e-19,3.0575566882024105e-19,6.783603113310296e-19,3.496635766595988e-18
6.44,1.0676359453664433e-20,1.423457363687159e-20,1.7792497665610413e-20,2.135013155609091e-20,2.4907475324524668e-20,2.846452898712924e-20,3.2021292560111013e-20,3.5577766059678506e-20,3.9133949502059994e-20,4.2689842903441546e-20,4.6245446280044494e-20,4.980075964807701e-20,5.3355783023742306e-20,5.691051642324024e-20,6.046495986278774e-20,6.401911335857977e-20,6.757297692682658e-20,7.11265505837357e-20,7.467983434550505e-20,7.823282822833912e-20,8.178553224842113e-20,8.533794642197275e-20,8.889007076519392e-20,2.377638190491118e-19,2.5995825699710593e-19,2.8214816767474086e-19,3.0433355171458824e-19,6.752051521601065e-19,3.4803723705480895e-18
6.45,1.0626778916396299e-20,1.416846891158935e-20,1.7709870099778488e-20,2.1250982497098432e-20,2.4791806119685487e-20,2.833234098368188e-20,3.187258710521876e-20,3.541254450042936e-20,3.895221318546659e-20,4.249159317644137e-20,4.603068448949966e-20,4.9569487140774415e-20,5.3108001146393555e-20,5.664622652248173e-20,6.018416328518056e-20,6.372181145060979e-20,6.725917103490438e-20,7.079624205419662e-20,7.43330245246092e-20,7.786951846227132e-20,8.14057238832911e-20,8.494164080381485e-20,8.847726923996729e-20,2.3665965447479787e-19,2.587510224425612e-19,2.8083788416440704e-19,3.029202402699694e-19,6.720695295393432e-19,3.4642096764411834e-18
6.46,1.0577504904248792e-20,1.4102772870036808e-20,1.7627753367954803e-20,2.1152446414062687e-20,2.4676852024421938e-20,2.820097021509994e-20,3.172480100215306e-20,3.524834440163969e-20,3.877160042963786e-20,4.2294569102183775e-20,4.581725043534858e-20,4.9339644445190363e-20,5.286175114776229e-20,5.638357055911424e-20,5.990510269531301e-20,6.342634757240357e-20,6.694730520644607e-20,7.046797561349801e-20,7.398835880960729e-20,7.75084548108284e-20,8.10282636331947e-20,8.454778529277768e-20,8.806701980562723e-20,2.355623162520723e-19,2.5755125145613905e-19,2.7953570130874918e-19,3.0151566643661726e-19,6.689532924911256e-19,3.448146906055032e-18
6.470000000000001,1.0528535052064589e-20,1.403748235879766e-20,1.754614352852835e-20,2.1054518577242233e-20,2.4562607520926424e-20,2.807041037557392e-20,3.1577927157166743e-20,3.508515788168896e-20,3.8592102565144164e-20,4.2098761223494314e-20,4.560513387273614e-20,4.91112205288534e-20,5.261702120782494e-20,5.612253592562634e-20,5.962776469824998e-20,6.313270754166656e-20,6.663736447186191e-20,7.01417355048192e-20,7.364582065651199e-20,7.714961994292043e-20,8.06531333800037e-20,8.415636098375884e-20,8.765930277016148e-20,2.3447175170859497e-19,2.563588864487169e-19,2.7824155660286527e-19,3.0011976279485283e-19,6.658562914357761e-19,3.4321832883751115e-18
6.48,1.0479867016552204e-20,1.3972594253608844e-20,1.7465036676328202e-20,2.095719430062195e-20,2.444906714240331e-20,2.7940655217591345e-20,3.1431958542094206e-20,3.492297713182207e-20,3.8413711002704547e-20,4.1904160170629815e-20,4.5394324651520673e-20,4.888420446128698e-20,5.237379961583373e-20,5.586311013106262e-20,5.935213602289217e-20,6.284087730721922e-20,6.632933399995572e-20,6.98175061170109e-20,7.330539367428456e-20,7.679299668768295e-20,8.028031517309146e-20,8.37673491464332e-20,8.725409862360999e-20,2.333879086589801e-19,2.55173870363582e-19,2.7695538811970906e-19,2.987324625482905e-19,6.62778378176477e-19,3.416318059514908e-18
6.49,1.0431498476050417e-20,1.390810545904654e-20,1.7384428942231008e-20,2.086046894144206e-20,2.4336225472519473e-20,2.7811698551308845e-20,3.1286888193644884e-20,3.4761794415364347e-20,3.823641723232332e-20,4.1710756660336674e-20,4.518481271525369e-20,4.865858541291081e-20,5.213207476913959e-20,5.560528079976841e-20,5.907820352064222e-20,6.255084294758458e-20,6.602319909643393e-20,6.949527198302613e-20,7.296706162318756e-20,7.643856803275105e-20,7.990979122752871e-20,8.338073122337013e-20,8.685138803610375e-20,2.323107353995514e-19,2.5399614667069693e-19,2.756771345038665e-19,2.9735369951712375e-19,6.597194058843759e-19,3.400550462639142e-18
6.5,1.0383427130295792e-20,1.384401290821613e-20,1.7304316492773494e-20,2.076433789973315e-20,2.4224077144861862e-20,2.768353424393221e-20,3.114270921270595e-20,3.460160206694684e-20,3.806021282243791e-20,4.151854149492112e-20,4.497658810017276e-20,4.8434352653956245e-20,5.189183517203024e-20,5.53490356701501e-20,5.880595416408783e-20,6.226259066959403e-20,6.571894520243416e-20,6.917501777837108e-20,7.26308084131583e-20,7.608631712255564e-20,7.954154392230236e-20,8.2996488828175e-20,8.645115185592904e-20,2.312401807031631e-19,2.5282565936103746e-19,2.7440673496541046e-19,2.959834081314976e-19,6.566792290838794e-19,3.3848797478879604e-18
6.510000000000001,1.0335650700192883e-20,1.3780313562445854e-20,1.7224695529769536e-20,2.066879661785664e-20,2.4112616842401397e-20,2.755615621910381e-20,3.09994147636531e-20,3.444239249174051e-20,3.7885089419076444e-20,4.132750556133045e-20,4.476964093420617e-20,4.8211495553394546e-20,5.16530694345817e-20,5.509436259345051e-20,5.85353750457004e-20,6.19761068070095e-20,6.541655789307075e-20,6.885672831957448e-20,7.229661810220167e-20,7.573622725663966e-20,7.917555579855526e-20,8.26146037436525e-20,8.605337110761428e-20,2.3017619381408347e-19,2.5166235294099796e-19,2.7314412927382805e-19,2.946215234249583e-19,6.536577036381218e-19,3.3693051723020357e-18
6.5200000000000005,1.0288166927587352e-20,1.3717004410984315e-20,1.714556228993203e-20,2.0573840580051113e-20,2.400183929696369e-20,2.742955845629764e-20,3.0856998073670114e-20,3.428415816470026e-20,3.7711038745026287e-20,4.113763983024577e-20,4.456396143599021e-20,4.7990003577878467e-20,5.141576627152458e-20,5.484124953253939e-20,5.82664533765502e-20,6.169137781916308e-20,6.511602287599891e-20,6.854038856267591e-20,7.196447489480306e-20,7.538828188799557e-20,7.881180955784837e-20,8.223505791999322e-20,8.565802699004103e-20,2.2911872444294165e-19,2.5050617242686746e-19,2.718892577520252e-19,2.9326798102798617e-19,6.506546867346168e-19,3.353825999748611e-18
6.53,1.0240973575041809e-20,1.365408247070159e-20,1.7066913044499335e-20,2.047946531198401e-20,2.3891739288706078e-20,2.730373499022173e-20,3.071545243207648e-20,3.412689162981781e-20,3.753805259901223e-20,4.0948935355185746e-20,4.435953991389814e-20,4.7769866290696667e-20,5.1179914501123706e-20,5.458968456071849e-20,5.799917648503666e-20,6.140839028961269e-20,6.481732598999581e-20,6.822598360173257e-20,7.163436314036034e-20,7.504246462142278e-20,7.845028806044321e-20,8.185783347298169e-20,8.526510087457756e-20,2.280677227617358e-19,2.493570633393706e-19,2.706420612704022e-19,2.919227171616058e-19,6.476700368710789e-19,3.3384415008484103e-18
6.54,1.0194068425614412e-20,1.3591544785794067e-20,1.6988744098866318e-20,2.0385666380308918e-20,2.3782311645601104e-20,2.7178679910227824e-20,3.057477118966337e-20,3.3970585499384054e-20,3.7366122854885055e-20,4.076138327162126e-20,4.415636676508125e-20,4.7551073350740976e-20,5.0945503044071697e-20,5.433965586054147e-20,5.773353181563466e-20,6.112713092481462e-20,6.452045320355934e-20,6.791349866734417e-20,7.130626733163532e-20,7.469875921190526e-20,7.809097432360618e-20,8.148291268222694e-20,8.487457430323566e-20,2.270231393989024e-19,2.482149716982775e-19,2.6940248124100296e-19,2.9058566863107473e-19,6.447036138414245e-19,3.323150952903482e-18
6.550000000000001,1.014744928264018e-20,1.3529388427492847e-20,1.691105179221987e-20,2.0292439392228216e-20,2.367355124292633e-20,2.705438735972834e-20,3.04349477580378e-20,3.38152324532602e-20,3.719524146081989e-20,4.0574974796101084e-20,4.395443247452149e-20,4.733361451148635e-20,5.071252092239611e-20,5.409115172264812e-20,5.746950692765593e-20,6.084758655281214e-20,6.4225390613524e-20,6.760291912519612e-20,7.09801721032239e-20,7.43571495630091e-20,7.773385151993323e-20,8.111027798941431e-20,8.448642898684976e-20,2.25984925434446e-19,2.4707984401707895e-19,2.681704596117357e-19,2.8925677281965014e-19,6.417552787219389e-19,3.3079536398258994e-18
6.5600000000000005,1.0101113969514946e-20,1.3467610493775726e-20,1.683383249717889e-20,2.0199779995061058e-20,2.3565453002760314e-20,2.6930851535620412e-20,3.029597560897455e-20,3.366082523815789e-20,3.7025400438524354e-20,4.038970122538789e-20,4.375372761409581e-20,4.7117479619983025e-20,5.048095725837967e-20,5.384416054461275e-20,5.720708949402546e-20,6.056974412194013e-20,6.393212444369361e-20,6.729423047462016e-20,7.065606223004499e-20,7.401761972529944e-20,7.73789029756948e-20,8.073991199657867e-20,8.41006468032782e-20,2.249530323951281e-19,2.4595162729772553e-19,2.669459388606633e-19,2.8793596768242987e-19,6.38824893857614e-19,3.2928488520673333e-18
6.57,1.0055060329481944e-20,1.3406208109082625e-20,1.675708261943861e-20,2.0107683875816594e-20,2.3458011893484737e-20,2.680806668771682e-20,3.015784827377616e-20,3.3507356666927985e-20,3.685659188245621e-20,4.0205553935604974e-20,4.355424284165162e-20,4.690265861586112e-20,5.0250801273493735e-20,5.359867082980658e-20,5.69462673000729e-20,6.029359069954519e-20,6.364064104349033e-20,6.698741834717273e-20,7.033392262584766e-20,7.368015389477655e-20,7.702611216920095e-20,8.03717974643985e-20,8.37172097956264e-20,2.239274122497141e-19,2.4483026902543146e-19,2.657288619903633e-19,2.866231917402693e-19,6.359123228486513e-19,3.2778358865494833e-18
6.58,1.0009286225420969e-20,1.3345178424034494e-20,1.6680798597419216e-20,2.001614676077233e-20,2.335122292929249e-20,2.6686027118183948e-20,3.002055934264053e-20,3.3354819617857965e-20,3.668880795905062e-20,4.00225243813932e-20,4.3355968900093534e-20,4.668914153034709e-20,5.002204228734464e-20,5.3354671186273876e-20,5.668702824233849e-20,6.001911347072154e-20,6.335092688662044e-20,6.668246850523005e-20,7.001373834173625e-20,7.334473641133099e-20,7.667546272918641e-20,8.000591731051061e-20,8.33361001704913e-20,2.22908017404278e-19,2.437157171635409e-19,2.645191725223561e-19,2.8531838407377133e-19,6.33017430537127e-19,3.2629140465953477e-18
6.59,9.96378953964015e-21,1.3284518615155692e-20,1.6604976901918848e-20,1.992516441505773e-20,2.3245081169701918e-20,2.6564727180986542e-20,2.9884102464036356e-20,3.320320703397807e-20,3.6522040905956825e-20,3.984060409507841e-20,4.315889661648147e-20,4.647691848529243e-20,4.979466971663303e-20,5.3112150325621926e-20,5.642936032739367e-20,5.974629973706232e-20,6.306296856975624e-20,6.63793668406012e-20,6.969549456471404e-20,7.301135175721767e-20,7.632693843321525e-20,7.964225460784576e-20,8.295730029622793e-20,2.218948006975651e-19,2.4260792014845756e-19,2.6331681449160194e-19,2.840214843173505e-19,6.301400829938243e-19,3.248082641861338e-18
6.6000000000000005,9.918568173670173e-21,1.3224225884599622e-20,1.6529614035770656e-20,1.9834732642242726e-20,2.3139581719076745e-20,2.644416128133915e-20,2.974847134408607e-20,3.3052511922375525e-20,3.635628303128394e-20,3.9659784685848526e-20,4.2963016901139286e-20,4.626597969221391e-20,4.9568673074125546e-20,5.287109706192422e-20,5.617325167067582e-20,5.947513691542579e-20,6.27767528112338e-20,6.607809937315704e-20,6.937917661624369e-20,7.267998455554804e-20,7.59805232061047e-20,7.928079258298395e-20,8.258079270123587e-20,2.2088771539640952e-19,2.4150682688463447e-19,2.6212173244106285e-19,2.827324326533674e-19,6.272801475052186e-19,3.2333409882702045e-18
6.61,9.873620048061051e-21,1.3164297459877765e-20,1.6454706533504106e-20,1.9744847283931278e-20,2.3034719726151933e-20,2.6324323875164255e-20,2.9613659745956115e-20,3.290272735351731e-20,3.6191526712855945e-20,3.948005783894109e-20,4.276832074677442e-20,4.605631545134543e-20,4.9344041967639045e-20,5.263150031063707e-20,5.591869049533712e-20,5.920561253671648e-20,6.249226644976655e-20,6.57786522494763e-20,6.906476995082571e-20,7.235061956880085e-20,7.563620111836821e-20,7.892151461452973e-20,8.220656007226735e-20,2.198867151912079e-19,2.404123867396257e-19,2.6093387141633175e-19,2.814511698063354e-19,6.244374925606248e-19,3.2186884079447806e-18
6.62,9.828943102181272e-21,1.31047305935919e-20,1.6380250961010264e-20,1.9655504219359737e-20,2.2930490383565136e-20,2.620520946855677e-20,2.9479661489254693e-20,3.275384646058089e-20,3.6027764397475535e-20,3.9301415314839973e-20,4.257479922760801e-20,4.584791615070129e-20,4.912076609903695e-20,5.239334908752901e-20,5.56656651311072e-20,5.893771424468106e-20,6.220949644317417e-20,6.54810117415076e-20,6.875226015459363e-20,7.202324169735047e-20,7.529395638467691e-20,7.856440423150703e-20,8.183458525275494e-20,2.1889175419144677e-19,2.393245495391954e-19,2.597531769603243e-19,2.8017763703719596e-19,6.216119878394951e-19,3.204124229142512e-18
6.63,9.78453529401945e-21,1.3045522563169642e-20,1.630624391521125e-20,1.956669936500022e-20,2.2826888927393935e-20,2.6086812617255253e-20,2.934647044943682e-20,3.2605862438793186e-20,3.5864988600197047e-20,3.912384894848241e-20,4.238244349851561e-20,4.564077226515089e-20,4.8898835263237976e-20,5.215663250762348e-20,5.541416401316973e-20,5.867142979471887e-20,6.192842986712705e-20,6.518516424524797e-20,6.844163294392645e-20,7.16978359780134e-20,7.495377336234024e-20,7.820944511177357e-20,8.146485124116013e-20,2.179027869212851e-19,2.3824326556248865e-19,2.5857959510803764e-19,2.789117761376635e-19,6.188035041988748e-19,3.1896477861907945e-18
6.640000000000001,9.740394599988311e-21,1.2986670670603098e-20,1.6232682023733545e-20,1.947842867416857e-20,2.2723910636698546e-20,2.5969127926119262e-20,2.921408055721636e-20,3.245876854477741e-20,3.570319190360798e-20,3.894735064847517e-20,4.2191244794178225e-20,4.5434874355504405e-20,4.8678239347236436e-20,5.1921339784153965e-20,5.516417568105225e-20,5.840674705270647e-20,6.164905391390579e-20,6.489109627943689e-20,6.813287416407761e-20,7.137438758261188e-20,7.461563654980419e-20,7.785662108045406e-20,8.109734118934132e-20,2.16919768315189e-19,2.3716848553725835e-19,2.574130723813697e-19,2.7765352942463883e-19,6.16011913661005e-19,3.1752584194230745e-18
6.65,9.696519014731069e-21,1.2928172242190716e-20,1.615956194458532e-20,1.9390688136637204e-20,2.2621550833070095e-20,2.5852150048613143e-20,2.908248579798541e-20,3.231255809590779e-20,3.5542366957119226e-20,3.877191239632027e-20,4.200119442824352e-20,4.523021306760963e-20,4.8458968329134695e-20,5.168746022753182e-20,5.491568877752963e-20,5.814365399383673e-20,6.137135589117568e-20,6.459879448426652e-20,6.782596978782056e-20,7.105288181655513e-20,7.427953058516818e-20,7.750591610839265e-20,8.073203840094163e-20,2.1594265371361985e-19,2.361001606351508e-19,2.562535557840019e-19,2.7640283973468936e-19,6.132370894010777e-19,3.160955475115732e-18
6.66,9.652906550930044e-21,1.2870024628282124e-20,1.6086880365837537e-20,1.9303473778252377e-20,2.251980488018417e-20,2.5735873686295817e-20,2.895168021124015e-20,3.216722446967189e-20,3.5382506476263655e-20,3.8597526245649905e-20,4.181228379249696e-20,4.502677913145924e-20,4.824101227718671e-20,5.1454983244326267e-20,5.466869204754027e-20,5.788213870147121e-20,6.109532322077537e-20,6.430824562010663e-20,6.752090591411014e-20,7.073330411743699e-20,7.394544024471909e-20,7.715731431062304e-20,8.036892632979582e-20,2.1497139885877204e-19,2.350382424670461e-19,2.5510099279634262e-19,2.7515965041859405e-19,6.104789057351334e-19,3.1467383054256913e-18
6.67,9.609555239117701e-21,1.2812225203026165e-20,1.601463400530894e-20,1.921678166055631e-20,2.2418668183359948e-20,2.562029358831691e-20,2.8821657890014234e-20,3.2022761103040815e-20,3.5223603242003397e-20,3.8424184321470695e-20,4.162450435604316e-20,4.482456336030943e-20,4.802436134885363e-20,5.12238983362569e-20,5.442317433711578e-20,5.762218936600695e-20,6.08209434375209e-20,6.401943656624569e-20,6.721766876676072e-20,7.041564005365126e-20,7.36133504414835e-20,7.681079994485817e-20,8.000798857835652e-20,2.1400595989036466e-19,2.339826830784563e-19,2.539553313705323e-19,2.7392390533595637e-19,6.077372381081084e-19,3.132606268328822e-18
6.680000000000001,9.566463127489826e-21,1.275477136412186e-20,1.594281961025483e-20,1.9130607880413568e-20,2.2318136189124344e-20,2.5505404550918745e-20,2.869241298031839e-20,3.1879161491846777e-20,3.5065650100045104e-20,3.8251878819416786e-20,4.143784766449681e-20,4.4623556649808374e-20,4.780900578987021e-20,5.0994195099198084e-20,5.417912459232303e-20,5.736379428375644e-20,6.054820418802334e-20,6.373235431964635e-20,6.691624469313953e-20,7.009987532302269e-20,7.328324622379677e-20,7.6466357409997e-20,7.964920889613922e-20,2.1304629334148147e-19,2.3293343494497734e-19,2.5281651992550663e-19,2.7269554884987994e-19,6.050119630820214e-19,3.1185587275590368e-18
6.69,9.523628281721016e-21,1.2697660532572357e-20,1.587143395705946e-20,1.9044948569642135e-20,2.2218204384781594e-20,2.5391201416944366e-20,2.856393968058704e-20,3.173641919016808e-20,3.49086399601636e-20,3.8080602005012044e-20,4.1252305339183335e-20,4.442374997713563e-20,4.7594935933322647e-20,5.0765863222195175e-20,5.393653185821921e-20,5.710694185584108e-20,6.027709322952085e-20,6.344698599371612e-20,6.661662016287587e-20,6.978599575145502e-20,7.295511277388946e-20,7.612397124464946e-20,7.929257117818577e-20,2.1209235613446127e-19,2.3189045096779607e-19,2.5168450734212064e-19,2.7147452582170764e-19,6.023029583243034e-19,3.1045950525481424e-18
6.7,9.481048784782307e-21,1.2640890152441802e-20,1.5800473850932197e-20,1.895979989464866e-20,2.2118868297987742e-20,2.5277679075351293e-20,2.8436232241131285e-20,3.159452780972152e-20,3.475256579553338e-20,3.7910346212940795e-20,4.106786907634895e-20,4.422513440015138e-20,4.7382142198737206e-20,5.053889248649258e-20,5.369538527781879e-20,5.685162058709766e-20,6.000759842872453e-20,6.316331881709237e-20,6.631878176658563e-20,6.94739872915945e-20,7.262893540649043e-20,7.578362612567887e-20,7.893805946354607e-20,2.1114410557683676e-19,2.308536844692495e-19,2.5055924295832875e-19,2.702607816058242e-19,5.996101025962646e-19,3.0907146183663905e-18
6.71,9.438722736761045e-21,1.258445769061516e-20,1.572993612560727e-20,1.8875158056068268e-20,2.2020123496330433e-20,2.5164832460731337e-20,2.830928496359869e-20,3.1453481019262035e-20,3.4597420642068424e-20,3.774110384632761e-20,4.088453064638049e-20,4.4027701056556317e-20,4.7170615091179986e-20,5.03132727645734e-20,5.3455674091073624e-20,5.659781908499822e-20,5.973970776067824e-20,6.288134013244248e-20,6.602271621461111e-20,6.91638360215101e-20,7.230469956744673e-20,7.544530686676217e-20,7.858565793377843e-20,2.1020149935732282e-19,2.298230891884391e-19,2.494406765644245e-19,2.6905426204452087e-19,5.969332757417021e-19,3.0769168056637547e-18
6.720000000000001,9.396648254682806e-21,1.2528360636560805e-20,1.5659817643047005e-20,1.8791019288408423e-20,2.192196558691345e-20,2.5052656552835744e-20,2.818309220043914e-20,3.131327254398931e-20,3.444319759776937e-20,3.7572867376025245e-20,4.070228189303394e-20,4.383144116306082e-20,4.696034520036693e-20,5.008899401921033e-20,5.321738763386416e-20,5.634552605858215e-20,5.947340930763156e-20,6.26010373952772e-20,6.572841033577546e-20,6.885552814338842e-20,7.198239083235963e-20,7.510899841696631e-20,7.82353509114666e-20,2.092644955418506e-19,2.287986192768943e-19,2.4832875839833413e-19,2.6785491346291906e-19,5.942723586756375e-19,3.063201000611877e-18
6.73,9.35482347233553e-21,1.247259650209603e-20,1.559011529314878e-20,1.8707379859697292e-20,2.182439021594645e-20,2.4941146376106373e-20,2.805764835437742e-20,3.1173896164961763e-20,3.428988982207893e-20,3.740562933991146e-20,4.052111473267277e-20,4.363634601456479e-20,4.675132319978503e-20,4.9866046302528123e-20,5.2980515337003663e-20,5.609473031740195e-20,5.920869125792672e-20,6.232239817277931e-20,6.543585107615261e-20,6.854904998224531e-20,7.166199490523748e-20,7.477468585934281e-20,7.7887122858756e-20,2.0833305256965163e-19,2.2778022929429126e-19,2.4722343914096987e-19,2.666626826639582e-19,5.916272333731953e-19,3.0495665948467474e-18
6.74,9.31324654009565e-21,1.2417162821155221e-20,1.55208259934552e-20,1.862423607113597e-20,2.1727393068339284e-20,2.4830296999212098e-20,2.7932947877891664e-20,3.1035345718517035e-20,3.413749053524454e-20,3.723938234219368e-20,4.034102115351471e-20,4.3442406983346424e-20,4.654353984582324e-20,4.9644419755076726e-20,5.2745046725253294e-20,5.584542077048018e-20,5.894554190489801e-20,6.204541014264496e-20,6.514502549785094e-20,6.824438798465143e-20,7.134349761716348e-20,7.444235440953768e-20,7.754095837590558e-20,2.074071292493847e-19,2.267678742042182e-19,2.461246699116336e-19,2.654775169234382e-19,5.889977828586059e-19,3.0360129854120083e-18
6.75,9.271915624756333e-21,1.2362057149560877e-20,1.545194668886791e-20,1.8541584256755065e-20,2.163096986730134e-20,2.4720103534590902e-20,2.780898527269827e-20,3.0897615095699735e-20,3.398599301768882e-20,3.707411905272234e-20,4.0161993214887797e-20,4.324961551826121e-20,4.6336985976914286e-20,4.942410460491584e-20,5.2510971416349534e-20,5.559758642527992e-20,5.868394964578484e-20,6.177006109193978e-20,6.485592077781184e-20,6.794152871747389e-20,7.102688492498027e-20,7.411198941441875e-20,7.719684219985823e-20,2.064866847553115e-19,2.2576150936999416e-19,2.4503240226347887e-19,2.642993639851244e-19,5.863838911943438e-19,3.0225395747029825e-18
6.760000000000001,9.230828909357743e-21,1.2307277064797276e-20,1.538347435136469e-20,1.8459420783075234e-20,2.153511637394552e-20,2.4610561137997308e-20,2.7685755089242726e-20,3.0760698241695723e-20,3.383539060938735e-20,3.690983220631215e-20,3.998402304649516e-20,4.305796314395005e-20,4.613165251268617e-20,4.920509116671e-20,5.227827912004278e-20,5.535121638668673e-20,5.842390298065733e-20,6.149633891596767e-20,6.456852420662254e-20,6.764045886663241e-20,7.07121429099894e-20,7.378357635071881e-20,7.68547592028272e-20,2.055716786235163e-19,2.247610905505353e-19,2.439465881790246e-19,2.631281720559085e-19,5.837854434703921e-19,3.0091457704113203e-18
6.7700000000000005,9.189984593019308e-21,1.225282016578686e-20,1.5315405979719934e-20,1.837774204877177e-20,2.1439828386896948e-20,2.45016650080552e-20,2.7563251926196657e-20,3.062458915527325e-20,3.3685676709253926e-20,3.6746514602071333e-20,3.9807102847688456e-20,4.286744146005693e-20,4.592753045312413e-20,4.898736984083457e-20,5.2046959637147446e-20,5.510629985600302e-20,5.816539051135473e-20,6.12242316171537e-20,6.428282318734273e-20,6.734116523587029e-20,7.039925777666663e-20,7.345710082369495e-20,7.651469439089984e-20,2.0466207074817044e-19,2.2376657389627133e-19,2.4286718006572236e-19,2.619638898010278e-19,5.812023257936356e-19,2.995830985470334e-18
6.78,9.149380890773917e-21,1.2198684072669157e-20,1.5247738599228326e-20,1.829654448434301e-20,2.1345101741906147e-20,2.4393410385815776e-20,2.7441470429960406e-20,3.0489281888230305e-20,3.3536844774532717e-20,3.658415910273875e-20,3.963122488674965e-20,4.267804214045545e-20,4.572461087774189e-20,4.877093111249186e-20,5.1817002858602896e-20,5.486282612995365e-20,5.790840094043597e-20,6.095372730393927e-20,6.399880523434477e-20,6.704363474553934e-20,7.008821585139162e-20,7.313254856580316e-20,7.617663290265694e-20,2.0375782137784001e-19,2.227779159451081e-19,2.417941307515747e-19,2.6080646633933825e-19,5.786344252773734e-19,2.9825946380009407e-18
6.79,9.109016033404133e-21,1.214486642658243e-20,1.518046926143191e-20,1.8215824551782864e-20,2.1250932311466947e-20,2.4285792554320874e-20,2.7320405294171876e-20,3.0354770544848974e-20,3.3388888320198026e-20,3.642275863402894e-20,3.945638150018166e-20,4.2489756932484916e-20,4.5522884944763196e-20,4.855576555083815e-20,5.158839876454597e-20,5.462078459970414e-20,5.765292307014314e-20,6.068481418969116e-20,6.37164579721682e-20,6.674785443139978e-20,6.977900358119345e-20,7.280990543538939e-20,7.584056000780931e-20,2.0285889111183834e-19,2.2179507361844e-19,2.407273934808071e-19,2.596558512386466e-19,5.760816300309631e-19,2.969436151258283e-18
6.800000000000001,9.068888267280306e-21,1.209136488944781e-20,1.5113595043850246e-20,1.8135578744256993e-20,2.115731600443876e-20,2.417880683817131e-20,2.7200051259220974e-20,3.022104928135582e-20,3.3241800918360753e-20,3.62623061839848e-20,3.928256509200698e-20,4.230257765619508e-20,4.5322343890312696e-20,4.834186380812057e-20,5.136113742339399e-20,5.43801647498895e-20,5.739894580137669e-20,6.041748059162284e-20,6.343576913438708e-20,6.6453811443434e-20,6.947160753251029e-20,7.248915741539524e-20,7.550646110584963e-20,2.0196524089662042e-19,2.2081800421720715e-19,2.396669219095888e-19,2.5851199451109463e-19,5.735438291495786e-19,2.9563549535789322e-18
6.8100000000000005,9.028995854200576e-21,1.2038177143755995e-20,1.5047113049713845e-20,1.8055803585782932e-20,2.1064248765673387e-20,2.4072448603100392e-20,2.7080403111769705e-20,3.008811230538884e-20,3.309557619768206e-20,3.610279480233792e-20,3.910976813307481e-20,4.211649620359997e-20,4.512297902761645e-20,4.812921661882447e-20,5.11352089909387e-20,5.414095615765519e-20,5.714645813268295e-20,6.015171492972875e-20,6.315672656249107e-20,6.616149304467409e-20,6.916601438996397e-20,7.217029061207937e-20,7.517432172472058e-20,2.010768320222203e-19,2.1984666541800106e-19,2.3861267010180557e-19,2.5737484660859944e-19,5.710209127040962e-19,2.943350478328754e-18
6.82,8.989337071232749e-21,1.1985300892356414e-20,1.4981020407700576e-20,1.7976495630913825e-20,2.0971726575646074e-20,2.3966713255552264e-20,2.6961455684277942e-20,2.995595387547041e-20,3.2950207842793683e-20,3.5944217599876154e-20,3.893798316037598e-20,4.193150453794018e-20,4.492478174621161e-20,4.791781479883033e-20,5.0910603709450753e-20,5.3903148491708795e-20,5.689544915925323e-20,5.988750572573061e-20,6.287931820477929e-20,6.587088661004321e-20,6.886221095514846e-20,7.185329125375338e-20,7.484412751949816e-20,2.0019362611872911e-19,2.188810152692133e-19,2.3756459252488003e-19,2.562443584183452e-19,5.685127717310903e-19,2.9304221638513495e-18
6.83,8.949910210558028e-21,1.193273385824889e-20,1.491531427167529e-20,1.7897651464425967e-20,2.0879745450090958e-20,2.3861596242265315e-20,2.6843203854534733e-20,2.982456830048669e-20,3.2805689593725204e-20,3.5786567747818964e-20,3.876720277636617e-20,4.174759469295403e-20,4.472774351116552e-20,4.7707649244580905e-20,5.068731190679471e-20,5.366673151138302e-20,5.664590807193479e-20,5.962484160203666e-20,6.260353211526721e-20,6.558197962521053e-20,6.856018414543295e-20,7.15381456895329e-20,7.451586427109073e-20,1.993155851528153e-19,2.179210121872311e-19,2.3652264404564244e-19,2.551204812583293e-19,5.660192982229523e-19,2.9175694534171157e-18
6.84,8.910713579316585e-21,1.1880473784377723e-20,1.4849991820432438e-20,1.7819267701009946e-20,2.078830143964078e-20,2.3757093049860435e-20,2.6725642545195127e-20,2.969394993917281e-20,3.2662015245337936e-20,3.562983847719976e-20,3.859741964829692e-20,4.156475877215712e-20,4.453185586230388e-20,4.7498710932257953e-20,5.0465323995554335e-20,5.343169506570967e-20,5.639782415625336e-20,5.936371128071259e-20,6.232935645260645e-20,6.529475968545955e-20,6.825992099277876e-20,7.122484038810302e-20,7.418951788495313e-20,1.9844267142428524e-19,2.1696661495267684e-19,2.354867799262492e-19,2.5400316687295965e-19,5.635403851181243e-19,2.9047917951729032e-18
6.8500000000000005,8.871745499454897e-21,1.1828518433428169e-20,1.478505025744165e-20,1.774134098496539e-20,2.069739062947075e-20,2.365319920443402e-20,2.660876672332229e-20,2.956409319960432e-20,3.251917864676536e-20,3.5474023078255565e-20,3.8428626507554386e-20,4.138298894813036e-20,4.433711041344785e-20,4.72909909169685e-20,5.0244630472168116e-20,5.319802909250422e-20,5.615118679144706e-20,5.910410358246465e-20,6.205677947901697e-20,6.500921449456945e-20,6.796140864256996e-20,7.091336193649817e-20,7.386507438981581e-20,1.9757484756268362e-19,2.1601778270669137e-19,2.3445695582014856e-19,2.5289236742870383e-19,5.610759262914435e-19,2.8920886420922544e-18
6.86,8.833004307574914e-21,1.1776865587625332e-20,1.4720486810596393e-20,1.7663867989899314e-20,2.060700913894664e-20,2.354991027115582e-20,2.6492571399935112e-20,2.9434992538694474e-20,3.2377173700860276e-20,3.5319114899823934e-20,3.826081614900603e-20,4.1202277461816286e-20,4.4143498851660285e-20,4.708448033194086e-20,5.0025221916075e-20,5.2965723617461435e-20,5.590598544951161e-20,5.884600742563471e-20,6.178578955923194e-20,6.472533186370999e-20,6.76646343524579e-20,7.060369703889655e-20,7.354251993642884e-20,1.9671207652393431e-19,2.1507447494726095e-19,2.334331277680947e-19,2.517880355097889e-19,5.5862581654460385e-19,2.8794594519262276e-18
6.87,8.794488354784905e-21,1.1725513048535291e-20,1.4656298731965357e-20,1.7586845418427858e-20,2.051715312127683e-20,2.3447221853871237e-20,2.637705162956086e-20,2.93066424616972e-20,3.2235994363648045e-20,3.5165107348746447e-20,3.809398143035447e-20,4.102261662182335e-20,4.3951012936500225e-20,4.6879170387729484e-20,4.980708898886959e-20,5.2734768753260893e-20,5.566220969425632e-20,5.858941182520661e-20,6.151637515945453e-20,6.444309971034827e-20,6.736958549121853e-20,7.029583251542765e-20,7.322184079632012e-20,1.9585432158701861e-19,2.1413665152558537e-19,2.324152521942053e-19,2.506901241139496e-19,5.56189951596722e-19,2.8669036871547753e-18
6.88,8.756196006552126e-21,1.1674458636868669e-20,1.459248329754697e-20,1.751027000188164e-20,2.0427818763168584e-20,2.334512959470858e-20,2.6262202509793297e-20,2.917903752171609e-20,3.209563464378655e-20,3.5011993889279687e-20,3.792811527149935e-20,4.084399880373868e-20,4.375964449928668e-20,4.667505237142964e-20,4.9590222433467865e-20,5.2505154698683594e-20,5.541984918037164e-20,5.83343058918246e-20,6.124852484632714e-20,6.416250605716935e-20,6.707624953762387e-20,6.99897553009949e-20,7.290302336056875e-20,1.9500154635069404e-19,2.1320427264249123e-19,2.3140328590206877e-19,2.4959858664822916e-19,5.537682280750204e-19,2.85442081493872e-18
6.890000000000001,8.718125642557102e-21,1.1623700192286356e-20,1.452903780702652e-20,1.7434138500014397e-20,2.0339002284488083e-20,2.324362917369053e-20,2.614801918085562e-20,2.905217231921891e-20,3.195608860203213e-20,3.485976804251254e-20,3.7763210653906194e-20,4.066641644944841e-20,4.356938544237039e-20,4.647211764590071e-20,4.937461307328182e-20,5.2276871737738203e-20,5.517889365250688e-20,5.808067883082265e-20,6.098222728591243e-20,6.388353903100852e-20,6.678461407932584e-20,6.968545244411073e-20,7.258605413859176e-20,1.941537147302497e-19,2.1227729884488316e-19,2.303971860708927e-19,2.485133769248251e-19,5.5136054350561155e-19,2.842010307072247e-18
6.9,8.680275656549689e-21,1.1573235573207598e-20,1.4465959583536285e-20,1.73584477007151e-20,2.025069993792465e-20,2.3142716308350408e-20,2.603449682516878e-20,2.892604150155787e-20,3.1817350350711884e-20,3.4708423385790685e-20,3.7599260619982834e-20,4.0489862066466177e-20,4.338022773841448e-20,4.627035764899887e-20,4.9160251811404326e-20,5.204991023879789e-20,5.493933294435915e-20,5.782851994126542e-20,6.07174712426862e-20,6.360618686179631e-20,6.649466681175335e-20,6.938291110574615e-20,7.227091975694583e-20,1.9331079095430011e-19,2.1135569102223958e-19,2.293969102517004e-19,2.474344491569867e-19,5.489667963043947e-19,2.829671639935986e-18
6.91,8.642644456206721e-21,1.152306265662019e-20,1.440324597341832e-20,1.7283194419723306e-20,2.0162908008658624e-20,2.304238675335259e-20,2.5921630666924478e-20,2.8800639762495265e-20,3.167941405320196e-20,3.455795355214737e-20,3.7436258272462875e-20,4.0314328227269174e-20,4.319216342968299e-20,4.6069763892818275e-20,4.894712962980287e-20,5.182426065374678e-20,5.470115697777238e-20,5.75778186149999e-20,6.045424557854177e-20,6.333043788151566e-20,6.620639553702213e-20,6.908211855819283e-20,7.195760695814178e-20,1.9247273956161537e-19,2.104394104031462e-19,2.2840241636356837e-19,2.463617579549564e-19,5.465868857680535e-19,2.8174042944506045e-18
6.92,8.605230462991347e-21,1.147317933789296e-20,1.434089434599e-20,1.7208375500347867e-20,2.0075622814033228e-20,2.2942636300117543e-20,2.5809415971663323e-20,2.8675961841734727e-20,3.1542273923411895e-20,3.440835222974092e-20,3.727419677379633e-20,4.013980756864203e-20,4.300518462733794e-20,4.587032796294129e-20,4.8735237588523045e-20,5.159991351713645e-20,5.446435576184714e-20,5.732856433571848e-20,6.01925392518061e-20,6.305628052317101e-20,6.591978816285697e-20,6.878306218393879e-20,7.164610259947375e-20,1.916395253979885e-19,2.0952841855187133e-19,2.2741366268990954e-19,2.4529525832196093e-19,5.442207120651596e-19,2.805207756030951e-18
6.930000000000001,8.568032112013972e-21,1.1423583530590324e-20,1.4278902093312306e-20,1.7133987813188837e-20,1.99888407032301e-20,2.284346077645105e-20,2.5697848045857737e-20,2.855200252445785e-20,3.1405924225274975e-20,3.4259613161298805e-20,3.7113069345547374e-20,3.996629279102811e-20,4.281928351074446e-20,4.5672041517697197e-20,4.8524566824900826e-20,5.1376859445352154e-20,5.42289193920603e-20,5.708074667803221e-20,5.993234131626708e-20,6.278370331976937e-20,6.563483270152658e-20,6.848572947455691e-20,7.133639365186124e-20,1.908111136131386e-19,2.0862267736497958e-19,2.264306078747979e-19,2.442349056502472e-19,5.418681762273782e-19,2.7930815145407237e-18
6.94,8.531047851894831e-21,1.1374273166289087e-20,1.4217266629960764e-20,1.706002825586264e-20,1.990255805694872e-20,2.2744856046177807e-20,2.558692223649977e-20,2.842875664086618e-20,3.1270359272244397e-20,3.411173014356805e-20,3.695286926779896e-20,3.979377665788843e-20,4.263445232678378e-20,4.547489628742965e-20,4.8315108552784364e-20,5.115508913578862e-20,5.399483804939542e-20,5.683435530655553e-20,5.967364092021206e-20,6.251269490331332e-20,6.535151726879074e-20,6.819010802960636e-20,7.102846719870492e-20,1.8998746965765005e-19,2.07722149067986e-19,2.254532109193366e-19,2.431806557171642e-19,5.395291801407763e-19,2.7810250642476742e-18
6.95,8.494276144628055e-21,1.1325246194397208e-20,1.415598539279897e-20,1.6986493752730277e-20,1.981677128708931e-20,2.2646818008779005e-20,2.5476633930693428e-20,2.8306219065728304e-20,3.113557342679511e-20,3.396469702677175e-20,3.679358987856414e-20,3.9622251995067764e-20,4.2450683389174126e-20,4.52788840737721e-20,4.810685406176413e-20,5.093459336603518e-20,5.3762101999482363e-20,5.658937997500064e-20,5.941642730547735e-20,6.224324400380497e-20,6.50698300828592e-20,6.789618555554622e-20,7.072231043475494e-20,1.89168559279946e-19,2.0682679621204616e-19,2.244814311780661e-19,2.421324646812896e-19,5.372036265372277e-19,2.769037903779295e-18
6.96,8.457715465447415e-21,1.1276500581974777e-20,1.4095055840754768e-20,1.6913381254628805e-20,1.9731476836439547e-20,2.2549342599034414e-20,2.536697855525196e-20,2.818438471793241e-20,3.100156109993166e-20,3.3818507714072186e-20,3.663522457320437e-20,3.945171169016818e-20,4.2267969077799623e-20,4.508399674893212e-20,4.789979471641258e-20,5.071536299307048e-20,5.353070159174744e-20,5.634581052528293e-20,5.916068980650878e-20,6.197533944826205e-20,6.478975946336295e-20,6.760394986466212e-20,7.041791066499304e-20,1.8835434852329761e-19,2.0593658167068696e-19,2.2351522835541564e-19,2.4109028907860106e-19,5.348914189859197e-19,2.7571195360790487e-18
6.970000000000001,8.421364302693513e-21,1.1228034313556968e-20,1.4034475454598972e-20,1.684068773860576e-20,1.96466711783648e-20,2.2452425786668273e-20,2.5257951576299565e-20,2.806324856004371e-20,3.086831675070136e-20,3.367315616103985e-20,3.647776680385437e-20,3.928214869192967e-20,4.2086301838046637e-20,4.4890226254983476e-20,4.76939219555319e-20,5.0497388952466255e-20,5.3300627258572973e-20,5.610363688663632e-20,5.890641784943299e-20,6.170897015974485e-20,6.451129383033703e-20,6.731338887400493e-20,7.011525530352687e-20,1.8754480372286687e-19,2.0505146863657315e-19,2.225545625021936e-19,2.400540858186918e-19,5.325924618849558e-19,2.7452694683630776e-18
6.98,8.385221157682547e-21,1.1179845390979047e-20,1.3974241736726663e-20,1.676841020765675e-20,1.9562350816501908e-20,2.23560635759994e-20,2.5149548498877757e-20,2.7942805597867144e-20,3.073583488571326e-20,3.352863637512867e-20,3.632121007885362e-20,3.9113556009618035e-20,4.1905674180147886e-20,4.4697564603166574e-20,4.7489227291410906e-20,5.0280662257600416e-20,5.3071869514466625e-20,5.586284907473895e-20,5.865360095113927e-20,6.144412515639457e-20,6.423442170321519e-20,6.702449060434162e-20,6.981433187249735e-20,1.867398915027839e-19,2.0417142061831172e-19,2.2159939401211934e-19,2.3902381218102904e-19,5.303066604530551e-19,2.7334872120774196e-18
6.99,8.349284544576532e-21,1.1131931833203341e-20,1.391435221094086e-20,1.6696545690465883e-20,1.947851228445643e-20,2.226025200559519e-20,2.5041764866556135e-20,2.782305088001487e-20,3.0604110058662486e-20,3.338494241515705e-20,3.6165547962184206e-20,3.894592671241931e-20,4.172607867853382e-20,4.450600387319662e-20,4.72857023090899e-20,5.0065173998878676e-20,5.284441895523993e-20,5.562343719084854e-20,5.84022287183718e-20,6.11807935504822e-20,6.39591316998356e-20,6.673724317911789e-20,6.951512800099799e-20,1.8593957877325665e-19,2.032964014372919e-19,2.2064968361839356e-19,2.3799942581125455e-19,5.280339207213446e-19,2.7217722828557067e-18
7.,8.313552990255048e-21,1.1084291676148265e-20,1.3854804422238838e-20,1.6625091241149318e-20,1.9395152145503467e-20,2.216498714792969e-20,2.493459626104773e-20,2.770397949747894e-20,3.047313686986009e-20,3.3242068390795086e-20,3.6010774072915294e-20,3.877925392884179e-20,4.154750797119185e-20,4.431553621258008e-20,4.7083338665634466e-20,4.985091534296576e-20,5.261826625719674e-20,5.5385391420948e-20,5.815229084683264e-20,6.091896454746891e-20,6.368541253545856e-20,6.645163482343313e-20,6.921763142400734e-20,1.8514383272771482e-19,2.0242637522456238e-19,2.197053923903086e-19,2.3698088471752925e-19,5.25774149525249e-19,2.710124200477351e-18
